Success (66):
group 42 02dd9669-4ea1-4f2b-a658-620fe947b364 "TDFD Administrators"
group 43 a7f4131c-331e-47f6-a6d1-32475682294c "TDFD Users"
content 1674 83e2dedf-eebb-4919-a743-746bec7d52b9 "TDFD Rules & Constants"
content 1675 3f600ea4-a0a8-4b50-9111-958e9b7c0b63 "TDFD Knowledge Center"
content 1676 8ff72b3b-f33f-4247-8a90-651887038514 "TDFD Application Documentation"
content 1677 35cee1c5-3284-4ca1-ac69-b6cd25f98d9f "TDFD Artifacts"
content 1678 _a-0000ef40-8303-8000-9be5-011c48011c48_811702 "FM Truck Logo"
content 1680 eb293553-4f0e-421c-8039-c3dccb904602 "TDFD_GetVehicles"
content 1681 _a-0000ef40-8303-8000-9be5-011c48011c48_811727 "TDFD_GetVehicles_recordDataSource"
content 1682 e00bcec6-c281-4768-b7ae-adff1a9eeff1 "TDFD_GetMaintenance"
content 1683 _a-0000ef40-8303-8000-9be5-011c48011c48_811739 "TDFD_GetMaintenance_recordDataSource"
content 1685 _a-0000ef40-8303-8000-9be5-011c48011c48_812938 "TDFD_GetMaintenance_Sync"
content 1686 ce45af1d-92fd-4eaf-8406-d52dfe919375 "TDFD_startMaintenance"
content 1687 _a-0000ef40-8303-8000-9be5-011c48011c48_815282 "TDFD_FORM_startVehicleMaintenance"
content 1688 b78ebb01-6c41-4eab-88bd-45c2aa790fcc "TDFD_GetOrder"
content 1689 _a-0000ef40-8303-8000-9be5-011c48011c48_811816 "TDFD_GetOrder_recordDataSource"
content 1690 _a-0000ef40-8303-8000-9be5-011c48011c48_813091 "TDFD_GetPartOrder_Sync"
content 1691 dafcc3b3-052e-4761-9758-226d38801425 "TDFD_orderParts"
content 1692 c4d918bf-418b-4944-a0ce-595073e6abd9 "TDFD_completeMaintenance"
content 1696 _a-0000ef40-8303-8000-9be5-011c48011c48_813968 "TDFD_STATUS_COMPLETED"
content 1697 _a-0000ef40-8303-8000-9be5-011c48011c48_813956 "TDFD_STATUS_IN_PROGRESS"
content 1693 _a-0000ef40-8303-8000-9be5-011c48011c48_813962 "TDFD_STATUS_WAITING_FOR_PARTS"
content 1694 _a-0000ef40-8303-8000-9be5-011c48011c48_813754 "TDFD Vehicle Image"
content 1695 _a-0000ef40-8303-8000-9be5-011c48011c48_813760 "TDFD_VEHICLE_IMAGE"
content 1698 _a-0000ef40-8303-8000-9be5-011c48011c48_811892 "TDFD_GetVehicles_Sync"
content 1699 b6d63673-f0a2-42d9-bcf3-0918794b1def "TDFD_AddVehicle"
content 1700 _a-0000ef40-8303-8000-9be5-011c48011c48_811849 "TDFD_FORM_addVehicle"
content 1701 2f202db3-9ec2-4c87-8fa2-4d7bf018fdcc "TDFD_RetireVehicle"
content 1702 336ee23f-6bd9-48a2-80d7-effc46ff90e2 "TDFD_VehicleSummary"
content 1704 _a-0000ef40-8303-8000-9be5-011c48011c48_813133 "TDFD_FORM_orderParts"
content 1705 _a-0000ef40-8303-8000-9be5-011c48011c48_813158 "TDFD_FORM_completeMaintenance"
content 1703 _a-0000ef40-8303-8000-9be5-011c48011c48_813215 "TDFD_FORM_retireVehicleConfirmation"
content 1684 _a-0000ef40-8303-8000-9be5-011c48011c48_813861 "TDFD_HEXCODE_MIDNIGHT_NAVY"
content 1735 _a-0000ef6f-de90-8000-9bf3-011c48011c48_885074 "TDFD_enhancedCardWrapper"
content 1736 _a-0000ef40-8303-8000-9be5-011c48011c48_811762 "TDFD_RG_Vehicles"
content 1706 _a-0000ef40-8303-8000-9be5-011c48011c48_812851 "TDFD_PM_SYNC_RECORDS_WEBHOOK"
content 1737 _a-0000ef70-14b2-8000-9bf6-011c48011c48_891280 "TDFD_filterRecordData"
content 1708 _a-0000ef40-8303-8000-9be5-011c48011c48_813873 "TDFD_HEXCODE_INDUSTRIAL_AMBER"
content 1738 _a-0000ef40-8303-8000-9be5-011c48011c48_813012 "TDFD_RG_Maintenance"
content 1710 6c60783c-0167-4a32-93a6-cffc5bbe6d1f "TDFD_Get_Fleet_Hierarchy"
content 1711 _a-0000ef40-8303-8000-9be5-011c48011c48_817047 "TDFD_Get_Fleet_Sync_Source_Vehicle"
content 1714 7d142969-735d-4947-bcdd-87e78596eb0b "TDFD_POST_Fabric_Maintenance"
content 1715 _a-0000ef4d-030f-8000-9be6-011c48011c48_823160 "TDFD_LOG_MAINTENANCE_PM"
content 1717 _a-0000ef4d-030f-8000-9be6-011c48011c48_823981 "TDFD_COMPLETE_MAINTENANCE_NON_FABRIC_PM"
content 1718 _a-0000ef4d-030f-8000-9be6-011c48011c48_823950 "TDFD_ORDER_PARTS_NON_FABRIC_PM"
content 1739 _a-0000ef4d-030f-8000-9be6-011c48011c48_823378 "TDFD_FleetData2"
processModelFolder 7 23025fd3-9923-44dc-afa2-2b4faa6e9a2a "TDFD Process Models"
processModel 153 0002ef48-c0df-8000-2255-7f0000014e7a "TDFD Order Parts"
processModel 150 0002ef48-89c2-8000-224e-7f0000014e7a "TDFD Start Maintenance"
processModel 154 0002ef48-c6d7-8000-2259-7f0000014e7a "TDFD Complete Maintenance"
processModel 151 0002ef48-3425-8000-221f-7f0000014e7a "TDFD Add Vehicle"
processModel 152 0002ef49-6190-8000-225e-7f0000014e7a "TDFD Retire Vehicle"
processModel 155 0002ef48-6aed-8000-2247-7f0000014e7a "TDFD Sync Records Webhook"
processModel 156 0002ef51-8aeb-8000-22a4-7f0000014e7a "TDFD Create Fabric Maintenance"
processModel 157 0002ef52-b5ca-8000-22b8-7f0000014e7a "TDFD Complete Maintenance Non-Fabric"
processModel 158 0002ef52-b18f-8000-22b4-7f0000014e7a "TDFD Order Parts Non-Fabric"
processModel 159 0002ef48-654f-8000-223f-7f0000014e7a "TDFD Test"
application 1720 c24a074b-d9cc-45f6-8384-d9bece8c338f "TRE DDD Fleet Demo"
recordType 4 4d297f92-2ba1-4bb0-a39e-31cbc64733b9 "TDFD Maintenance Type"
recordType 5 b690d012-a76d-4b0d-a29a-913ecf4f4bf9 "TDFD Status"
recordType 6 b565bcfe-6418-4fd8-b862-3d6b1d6c1fa2 "TDFD Part Order"
recordType 8 4319b3e4-ca07-43be-8557-19466417914e "TDFD Vehicle"
recordType 7 56e24fa4-b6b0-49e6-a8c4-99845ebcfe9d "TDFD Maintenance"
webApi 12 75673d6a-6e66-4974-adac-441a23ab8a84 "TDFD Sync Records"
site 3 678bf844-a464-48c6-9c82-cb081b4c0196 "TDFD Fleet Management Site"
connectedSystem 1740 _a-0000ef40-8303-8000-9be5-011c48011c48_811708 "TDFD Fleet Management Domain"

Referenced precedents that were not exported (2):
pluginInfo com.appiancorp.plugins.regexfunctions com.appiancorp.plugins.regexfunctions
pluginInfo com.appiancorp.solutionsconsulting.dateAndTimeUtilities com.appiancorp.solutionsconsulting.dateAndTimeUtilities

Trace:
2026-03-13 17:09:02.442 DEBUG application 1720 c24a074b-d9cc-45f6-8384-d9bece8c338f Begin transport.
2026-03-13 17:09:02.442 DEBUG application 1720 c24a074b-d9cc-45f6-8384-d9bece8c338f Retrieving object data.
2026-03-13 17:09:02.461 DEBUG application 1720 c24a074b-d9cc-45f6-8384-d9bece8c338f App associated objects: [group=[02dd9669-4ea1-4f2b-a658-620fe947b364, a7f4131c-331e-47f6-a6d1-32475682294c],content=[83e2dedf-eebb-4919-a743-746bec7d52b9, 8ff72b3b-f33f-4247-8a90-651887038514, 35cee1c5-3284-4ca1-ac69-b6cd25f98d9f, 3f600ea4-a0a8-4b50-9111-958e9b7c0b63, _a-0000ef40-8303-8000-9be5-011c48011c48_811702, eb293553-4f0e-421c-8039-c3dccb904602, _a-0000ef40-8303-8000-9be5-011c48011c48_811727, _a-0000ef40-8303-8000-9be5-011c48011c48_811739, e00bcec6-c281-4768-b7ae-adff1a9eeff1, _a-0000ef40-8303-8000-9be5-011c48011c48_811762, _a-0000ef40-8303-8000-9be5-011c48011c48_811816, b78ebb01-6c41-4eab-88bd-45c2aa790fcc, b6d63673-f0a2-42d9-bcf3-0918794b1def, _a-0000ef40-8303-8000-9be5-011c48011c48_811849, _a-0000ef40-8303-8000-9be5-011c48011c48_811892, _a-0000ef40-8303-8000-9be5-011c48011c48_812851, 2f202db3-9ec2-4c87-8fa2-4d7bf018fdcc, _a-0000ef40-8303-8000-9be5-011c48011c48_812938, ce45af1d-92fd-4eaf-8406-d52dfe919375, _a-0000ef40-8303-8000-9be5-011c48011c48_813012, dafcc3b3-052e-4761-9758-226d38801425, _a-0000ef40-8303-8000-9be5-011c48011c48_813091, c4d918bf-418b-4944-a0ce-595073e6abd9, _a-0000ef40-8303-8000-9be5-011c48011c48_813133, _a-0000ef40-8303-8000-9be5-011c48011c48_813158, _a-0000ef40-8303-8000-9be5-011c48011c48_813215, 336ee23f-6bd9-48a2-80d7-effc46ff90e2, _a-0000ef40-8303-8000-9be5-011c48011c48_813754, _a-0000ef40-8303-8000-9be5-011c48011c48_813760, _a-0000ef40-8303-8000-9be5-011c48011c48_813861, _a-0000ef40-8303-8000-9be5-011c48011c48_813873, _a-0000ef40-8303-8000-9be5-011c48011c48_813956, _a-0000ef40-8303-8000-9be5-011c48011c48_813962, _a-0000ef40-8303-8000-9be5-011c48011c48_813968, _a-0000ef40-8303-8000-9be5-011c48011c48_815282, 6c60783c-0167-4a32-93a6-cffc5bbe6d1f, _a-0000ef40-8303-8000-9be5-011c48011c48_817047, 7d142969-735d-4947-bcdd-87e78596eb0b, _a-0000ef4d-030f-8000-9be6-011c48011c48_823160, _a-0000ef4d-030f-8000-9be6-011c48011c48_823378, _a-0000ef4d-030f-8000-9be6-011c48011c48_823950, _a-0000ef4d-030f-8000-9be6-011c48011c48_823981, _a-0000ef6f-de90-8000-9bf3-011c48011c48_885074, _a-0000ef70-14b2-8000-9bf6-011c48011c48_891280],processModelFolder=[23025fd3-9923-44dc-afa2-2b4faa6e9a2a],processModel=[0002ef48-3425-8000-221f-7f0000014e7a, 0002ef48-654f-8000-223f-7f0000014e7a, 0002ef48-6aed-8000-2247-7f0000014e7a, 0002ef48-89c2-8000-224e-7f0000014e7a, 0002ef48-c0df-8000-2255-7f0000014e7a, 0002ef48-c6d7-8000-2259-7f0000014e7a, 0002ef49-6190-8000-225e-7f0000014e7a, 0002ef51-8aeb-8000-22a4-7f0000014e7a, 0002ef52-b18f-8000-22b4-7f0000014e7a, 0002ef52-b5ca-8000-22b8-7f0000014e7a],recordType=[b690d012-a76d-4b0d-a29a-913ecf4f4bf9, 4d297f92-2ba1-4bb0-a39e-31cbc64733b9, 4319b3e4-ca07-43be-8557-19466417914e, 56e24fa4-b6b0-49e6-a8c4-99845ebcfe9d, b565bcfe-6418-4fd8-b862-3d6b1d6c1fa2],webApi=[75673d6a-6e66-4974-adac-441a23ab8a84],site=[678bf844-a464-48c6-9c82-cb081b4c0196],connectedSystem=[_a-0000ef40-8303-8000-9be5-011c48011c48_811708]]
2026-03-13 17:09:02.485 DEBUG application 1720 c24a074b-d9cc-45f6-8384-d9bece8c338f Invalid associated objects: []
2026-03-13 17:09:02.485 DEBUG application 1720 c24a074b-d9cc-45f6-8384-d9bece8c338f Adding valid associated objects to be exported: GlobalBindingMap[group={02dd9669-4ea1-4f2b-a658-620fe947b364=42, a7f4131c-331e-47f6-a6d1-32475682294c=43},content={83e2dedf-eebb-4919-a743-746bec7d52b9=1674, 8ff72b3b-f33f-4247-8a90-651887038514=1676, 35cee1c5-3284-4ca1-ac69-b6cd25f98d9f=1677, 3f600ea4-a0a8-4b50-9111-958e9b7c0b63=1675, _a-0000ef40-8303-8000-9be5-011c48011c48_811702=1678, eb293553-4f0e-421c-8039-c3dccb904602=1680, _a-0000ef40-8303-8000-9be5-011c48011c48_811727=1681, _a-0000ef40-8303-8000-9be5-011c48011c48_811739=1683, e00bcec6-c281-4768-b7ae-adff1a9eeff1=1682, _a-0000ef40-8303-8000-9be5-011c48011c48_811762=1736, _a-0000ef40-8303-8000-9be5-011c48011c48_811816=1689, b78ebb01-6c41-4eab-88bd-45c2aa790fcc=1688, b6d63673-f0a2-42d9-bcf3-0918794b1def=1699, _a-0000ef40-8303-8000-9be5-011c48011c48_811849=1700, _a-0000ef40-8303-8000-9be5-011c48011c48_811892=1698, _a-0000ef40-8303-8000-9be5-011c48011c48_812851=1706, 2f202db3-9ec2-4c87-8fa2-4d7bf018fdcc=1701, _a-0000ef40-8303-8000-9be5-011c48011c48_812938=1685, ce45af1d-92fd-4eaf-8406-d52dfe919375=1686, _a-0000ef40-8303-8000-9be5-011c48011c48_813012=1738, dafcc3b3-052e-4761-9758-226d38801425=1691, _a-0000ef40-8303-8000-9be5-011c48011c48_813091=1690, c4d918bf-418b-4944-a0ce-595073e6abd9=1692, _a-0000ef40-8303-8000-9be5-011c48011c48_813133=1704, _a-0000ef40-8303-8000-9be5-011c48011c48_813158=1705, _a-0000ef40-8303-8000-9be5-011c48011c48_813215=1703, 336ee23f-6bd9-48a2-80d7-effc46ff90e2=1702, _a-0000ef40-8303-8000-9be5-011c48011c48_813754=1694, _a-0000ef40-8303-8000-9be5-011c48011c48_813760=1695, _a-0000ef40-8303-8000-9be5-011c48011c48_813861=1684, _a-0000ef40-8303-8000-9be5-011c48011c48_813873=1708, _a-0000ef40-8303-8000-9be5-011c48011c48_813956=1697, _a-0000ef40-8303-8000-9be5-011c48011c48_813962=1693, _a-0000ef40-8303-8000-9be5-011c48011c48_813968=1696, _a-0000ef40-8303-8000-9be5-011c48011c48_815282=1687, 6c60783c-0167-4a32-93a6-cffc5bbe6d1f=1710, _a-0000ef40-8303-8000-9be5-011c48011c48_817047=1711, 7d142969-735d-4947-bcdd-87e78596eb0b=1714, _a-0000ef4d-030f-8000-9be6-011c48011c48_823160=1715, _a-0000ef4d-030f-8000-9be6-011c48011c48_823378=1739, _a-0000ef4d-030f-8000-9be6-011c48011c48_823950=1718, _a-0000ef4d-030f-8000-9be6-011c48011c48_823981=1717, _a-0000ef6f-de90-8000-9bf3-011c48011c48_885074=1735, _a-0000ef70-14b2-8000-9bf6-011c48011c48_891280=1737},processModelFolder={23025fd3-9923-44dc-afa2-2b4faa6e9a2a=7},processModel={0002ef48-3425-8000-221f-7f0000014e7a=151, 0002ef48-654f-8000-223f-7f0000014e7a=159, 0002ef48-6aed-8000-2247-7f0000014e7a=155, 0002ef48-89c2-8000-224e-7f0000014e7a=150, 0002ef48-c0df-8000-2255-7f0000014e7a=153, 0002ef48-c6d7-8000-2259-7f0000014e7a=154, 0002ef49-6190-8000-225e-7f0000014e7a=152, 0002ef51-8aeb-8000-22a4-7f0000014e7a=156, 0002ef52-b18f-8000-22b4-7f0000014e7a=158, 0002ef52-b5ca-8000-22b8-7f0000014e7a=157},recordType={b690d012-a76d-4b0d-a29a-913ecf4f4bf9=5, 4d297f92-2ba1-4bb0-a39e-31cbc64733b9=4, 4319b3e4-ca07-43be-8557-19466417914e=8, 56e24fa4-b6b0-49e6-a8c4-99845ebcfe9d=7, b565bcfe-6418-4fd8-b862-3d6b1d6c1fa2=6},webApi={75673d6a-6e66-4974-adac-441a23ab8a84=12},site={678bf844-a464-48c6-9c82-cb081b4c0196=3},connectedSystem={_a-0000ef40-8303-8000-9be5-011c48011c48_811708=1740}]
2026-03-13 17:09:02.486 DEBUG application 1720 c24a074b-d9cc-45f6-8384-d9bece8c338f Setting uuids of object references.
2026-03-13 17:09:02.486 DEBUG application 1720 c24a074b-d9cc-45f6-8384-d9bece8c338f Processing reference: Application.forum
2026-03-13 17:09:02.486 DEBUG application 1720 c24a074b-d9cc-45f6-8384-d9bece8c338f Processing reference: Application.parent
2026-03-13 17:09:02.489 DEBUG application 1720 c24a074b-d9cc-45f6-8384-d9bece8c338f Processing reference: com.appiancorp.suiteapi.content.ContentRoleMap@19da577c[
  ContentRole[name=readers,groupIds=[43],inherit=false,allowForAll=false]
  ContentRole[name=authors,inherit=false,allowForAll=false]
  ContentRole[name=administrators,groupIds=[42],inherit=false,allowForAll=false]
  ContentRole[name=denyReaders,inherit=false,allowForAll=false]
  ContentRole[name=denyAuthors,inherit=false,allowForAll=false]
  ContentRole[name=denyAdministrators,inherit=false,allowForAll=false]
  securityVector=1:SEC_PUBLIC=true,SEC_CREATOR_ADMIN=false,SEC_INH_ADMIN=false,SEC_INH_EDITOR=false,SEC_INH_VIEWER=false,SEC_ALL_ADMIN=false,SEC_ALL_EDITOR=false,SEC_ALL_VIEWER=false
]
2026-03-13 17:09:02.489 DEBUG application 1720 c24a074b-d9cc-45f6-8384-d9bece8c338f Processing reference: ContentRole[name=readers,groupIds=[43],inherit=false,allowForAll=false]
2026-03-13 17:09:02.49 DEBUG group 43 a7f4131c-331e-47f6-a6d1-32475682294c Begin transport.
2026-03-13 17:09:02.491 DEBUG group 43 a7f4131c-331e-47f6-a6d1-32475682294c Retrieving object data.
2026-03-13 17:09:02.502 DEBUG group 43 a7f4131c-331e-47f6-a6d1-32475682294c Setting uuids of object references.
2026-03-13 17:09:02.502 DEBUG group 43 a7f4131c-331e-47f6-a6d1-32475682294c Processing reference: Role[name=<null>,groupIds=[42]]
2026-03-13 17:09:02.503 DEBUG group 42 02dd9669-4ea1-4f2b-a658-620fe947b364 Begin transport.
2026-03-13 17:09:02.503 DEBUG group 42 02dd9669-4ea1-4f2b-a658-620fe947b364 Retrieving object data.
2026-03-13 17:09:02.51 DEBUG group 42 02dd9669-4ea1-4f2b-a658-620fe947b364 Setting uuids of object references.
2026-03-13 17:09:02.51 DEBUG group 42 02dd9669-4ea1-4f2b-a658-620fe947b364 Processing reference: Role[name=<null>,groupIds=[42]]
2026-03-13 17:09:02.511 DEBUG group 42 02dd9669-4ea1-4f2b-a658-620fe947b364 Begin transport.
2026-03-13 17:09:02.511 DEBUG group 42 02dd9669-4ea1-4f2b-a658-620fe947b364 Loop detected: [group:42]
2026-03-13 17:09:02.511 DEBUG group 42 Breaking loop [group:42]. group:42 will be transported with its reference to 42 nulled out and will require a second pass.
2026-03-13 17:09:02.511 DEBUG group 42 02dd9669-4ea1-4f2b-a658-620fe947b364 Processing reference: Group.groupTypeId
2026-03-13 17:09:02.512 DEBUG group 42 02dd9669-4ea1-4f2b-a658-620fe947b364 Processing reference: Group.parentId
2026-03-13 17:09:02.512 DEBUG group 42 02dd9669-4ea1-4f2b-a658-620fe947b364 Processing reference: Group.homePageId
2026-03-13 17:09:02.513 DEBUG group 42 02dd9669-4ea1-4f2b-a658-620fe947b364 Processing reference: Role[name=<null>]
2026-03-13 17:09:02.513 DEBUG group 42 02dd9669-4ea1-4f2b-a658-620fe947b364 Object transported with these references nulled out: [group:42]
2026-03-13 17:09:02.513 DEBUG group 42 02dd9669-4ea1-4f2b-a658-620fe947b364 Binding pending incomplete: group:42
2026-03-13 17:09:02.514 DEBUG group 42 02dd9669-4ea1-4f2b-a658-620fe947b364 Begin transport.
2026-03-13 17:09:02.514 DEBUG group 42 02dd9669-4ea1-4f2b-a658-620fe947b364 Retrieving object data.
2026-03-13 17:09:02.52 DEBUG group 42 02dd9669-4ea1-4f2b-a658-620fe947b364 Setting uuids of object references.
2026-03-13 17:09:02.521 DEBUG group 42 02dd9669-4ea1-4f2b-a658-620fe947b364 Processing reference: Role[name=<null>,groupIds=[42]]
2026-03-13 17:09:02.522 DEBUG group 42 02dd9669-4ea1-4f2b-a658-620fe947b364 Processing reference: Group.groupTypeId
2026-03-13 17:09:02.524 DEBUG group 42 02dd9669-4ea1-4f2b-a658-620fe947b364 Processing reference: Group.parentId
2026-03-13 17:09:02.524 DEBUG group 42 02dd9669-4ea1-4f2b-a658-620fe947b364 Processing reference: Group.homePageId
2026-03-13 17:09:02.524 DEBUG group 42 02dd9669-4ea1-4f2b-a658-620fe947b364 Processing reference: Role[name=<null>]
2026-03-13 17:09:02.524 DEBUG group 42 02dd9669-4ea1-4f2b-a658-620fe947b364 Exporting binary resources.
2026-03-13 17:09:02.524 DEBUG group 42 02dd9669-4ea1-4f2b-a658-620fe947b364 Serializing object to XML.
2026-03-13 17:09:02.533 DEBUG group 42 02dd9669-4ea1-4f2b-a658-620fe947b364 Removed object from incomplete list.
2026-03-13 17:09:02.534 DEBUG group 42 02dd9669-4ea1-4f2b-a658-620fe947b364 Object transported.
2026-03-13 17:09:02.534 DEBUG group 42 02dd9669-4ea1-4f2b-a658-620fe947b364 Binding pending incomplete: group:42
2026-03-13 17:09:02.542 DEBUG group 43 a7f4131c-331e-47f6-a6d1-32475682294c Processing reference: Group.groupTypeId
2026-03-13 17:09:02.546 DEBUG group 43 a7f4131c-331e-47f6-a6d1-32475682294c Processing reference: Group.parentId
2026-03-13 17:09:02.547 DEBUG group 43 a7f4131c-331e-47f6-a6d1-32475682294c Processing reference: Group.homePageId
2026-03-13 17:09:02.547 DEBUG group 43 a7f4131c-331e-47f6-a6d1-32475682294c Processing reference: Role[name=<null>,groupIds=[42]]
2026-03-13 17:09:02.552 DEBUG group 43 a7f4131c-331e-47f6-a6d1-32475682294c Exporting binary resources.
2026-03-13 17:09:02.552 DEBUG group 43 a7f4131c-331e-47f6-a6d1-32475682294c Serializing object to XML.
2026-03-13 17:09:02.553 DEBUG group 43 a7f4131c-331e-47f6-a6d1-32475682294c Object transported.
2026-03-13 17:09:02.554 DEBUG application 1720 c24a074b-d9cc-45f6-8384-d9bece8c338f Processing reference: ContentRole[name=authors,inherit=false,allowForAll=false]
2026-03-13 17:09:02.554 DEBUG application 1720 c24a074b-d9cc-45f6-8384-d9bece8c338f Processing reference: ContentRole[name=administrators,groupIds=[42],inherit=false,allowForAll=false]
2026-03-13 17:09:02.556 DEBUG application 1720 c24a074b-d9cc-45f6-8384-d9bece8c338f Processing reference: ContentRole[name=denyReaders,inherit=false,allowForAll=false]
2026-03-13 17:09:02.556 DEBUG application 1720 c24a074b-d9cc-45f6-8384-d9bece8c338f Processing reference: ContentRole[name=denyAuthors,inherit=false,allowForAll=false]
2026-03-13 17:09:02.556 DEBUG application 1720 c24a074b-d9cc-45f6-8384-d9bece8c338f Processing reference: ContentRole[name=denyAdministrators,inherit=false,allowForAll=false]
2026-03-13 17:09:02.586 DEBUG content 1674 83e2dedf-eebb-4919-a743-746bec7d52b9 Begin transport.
2026-03-13 17:09:02.586 DEBUG content 1674 83e2dedf-eebb-4919-a743-746bec7d52b9 Retrieving object data.
2026-03-13 17:09:02.594 DEBUG content 1674 83e2dedf-eebb-4919-a743-746bec7d52b9 Setting uuids of object references.
2026-03-13 17:09:02.595 DEBUG content 1674 83e2dedf-eebb-4919-a743-746bec7d52b9 Processing reference: RulesFolder.forum
2026-03-13 17:09:02.595 DEBUG content 1674 83e2dedf-eebb-4919-a743-746bec7d52b9 Processing reference: RulesFolder.parent
2026-03-13 17:09:02.597 DEBUG content 1674 83e2dedf-eebb-4919-a743-746bec7d52b9 Processing reference: com.appiancorp.suiteapi.content.ContentRoleMap@247da91f[
  ContentRole[name=readers,groupIds=[43],inherit=false,allowForAll=false]
  ContentRole[name=authors,inherit=false,allowForAll=false]
  ContentRole[name=administrators,groupIds=[42],inherit=false,allowForAll=false]
  ContentRole[name=denyReaders,inherit=false,allowForAll=false]
  ContentRole[name=denyAuthors,inherit=false,allowForAll=false]
  ContentRole[name=denyAdministrators,inherit=false,allowForAll=false]
  securityVector=1:SEC_PUBLIC=true,SEC_CREATOR_ADMIN=false,SEC_INH_ADMIN=false,SEC_INH_EDITOR=false,SEC_INH_VIEWER=false,SEC_ALL_ADMIN=false,SEC_ALL_EDITOR=false,SEC_ALL_VIEWER=false
]
2026-03-13 17:09:02.597 DEBUG content 1674 83e2dedf-eebb-4919-a743-746bec7d52b9 Processing reference: ContentRole[name=readers,groupIds=[43],inherit=false,allowForAll=false]
2026-03-13 17:09:02.599 DEBUG content 1674 83e2dedf-eebb-4919-a743-746bec7d52b9 Processing reference: ContentRole[name=authors,inherit=false,allowForAll=false]
2026-03-13 17:09:02.599 DEBUG content 1674 83e2dedf-eebb-4919-a743-746bec7d52b9 Processing reference: ContentRole[name=administrators,groupIds=[42],inherit=false,allowForAll=false]
2026-03-13 17:09:02.6 DEBUG content 1674 83e2dedf-eebb-4919-a743-746bec7d52b9 Processing reference: ContentRole[name=denyReaders,inherit=false,allowForAll=false]
2026-03-13 17:09:02.6 DEBUG content 1674 83e2dedf-eebb-4919-a743-746bec7d52b9 Processing reference: ContentRole[name=denyAuthors,inherit=false,allowForAll=false]
2026-03-13 17:09:02.6 DEBUG content 1674 83e2dedf-eebb-4919-a743-746bec7d52b9 Processing reference: ContentRole[name=denyAdministrators,inherit=false,allowForAll=false]
2026-03-13 17:09:02.6 DEBUG content 1674 83e2dedf-eebb-4919-a743-746bec7d52b9 Exporting binary resources.
2026-03-13 17:09:02.6 DEBUG content 1674 83e2dedf-eebb-4919-a743-746bec7d52b9 Serializing object to XML.
2026-03-13 17:09:02.602 DEBUG content 1674 83e2dedf-eebb-4919-a743-746bec7d52b9 Object transported.
2026-03-13 17:09:02.602 DEBUG content 1676 8ff72b3b-f33f-4247-8a90-651887038514 Begin transport.
2026-03-13 17:09:02.602 DEBUG content 1676 8ff72b3b-f33f-4247-8a90-651887038514 Retrieving object data.
2026-03-13 17:09:02.609 DEBUG content 1676 8ff72b3b-f33f-4247-8a90-651887038514 Setting uuids of object references.
2026-03-13 17:09:02.609 DEBUG content 1676 8ff72b3b-f33f-4247-8a90-651887038514 Processing reference: KnowledgeFolder.forum
2026-03-13 17:09:02.609 DEBUG content 1676 8ff72b3b-f33f-4247-8a90-651887038514 Processing reference: KnowledgeFolder.parent
2026-03-13 17:09:02.611 DEBUG content 1675 3f600ea4-a0a8-4b50-9111-958e9b7c0b63 Begin transport.
2026-03-13 17:09:02.611 DEBUG content 1675 3f600ea4-a0a8-4b50-9111-958e9b7c0b63 Retrieving object data.
2026-03-13 17:09:02.618 DEBUG content 1675 3f600ea4-a0a8-4b50-9111-958e9b7c0b63 Setting uuids of object references.
2026-03-13 17:09:02.618 DEBUG content 1675 3f600ea4-a0a8-4b50-9111-958e9b7c0b63 Processing reference: CommunityKnowledgeCenter.forum
2026-03-13 17:09:02.618 DEBUG content 1675 3f600ea4-a0a8-4b50-9111-958e9b7c0b63 Processing reference: CommunityKnowledgeCenter.parent
2026-03-13 17:09:02.619 DEBUG content 1675 3f600ea4-a0a8-4b50-9111-958e9b7c0b63 Processing reference: com.appiancorp.suiteapi.content.ContentRoleMap@31e7bb0e[
  ContentRole[name=readers,groupIds=[43],inherit=false,allowForAll=false]
  ContentRole[name=authors,inherit=false,allowForAll=false]
  ContentRole[name=administrators,groupIds=[42],inherit=false,allowForAll=false]
  ContentRole[name=denyReaders,inherit=false,allowForAll=false]
  ContentRole[name=denyAuthors,inherit=false,allowForAll=false]
  ContentRole[name=denyAdministrators,inherit=false,allowForAll=false]
  securityVector=1:SEC_PUBLIC=true,SEC_CREATOR_ADMIN=false,SEC_INH_ADMIN=false,SEC_INH_EDITOR=false,SEC_INH_VIEWER=false,SEC_ALL_ADMIN=false,SEC_ALL_EDITOR=false,SEC_ALL_VIEWER=false
]
2026-03-13 17:09:02.619 DEBUG content 1675 3f600ea4-a0a8-4b50-9111-958e9b7c0b63 Processing reference: ContentRole[name=readers,groupIds=[43],inherit=false,allowForAll=false]
2026-03-13 17:09:02.621 DEBUG content 1675 3f600ea4-a0a8-4b50-9111-958e9b7c0b63 Processing reference: ContentRole[name=authors,inherit=false,allowForAll=false]
2026-03-13 17:09:02.621 DEBUG content 1675 3f600ea4-a0a8-4b50-9111-958e9b7c0b63 Processing reference: ContentRole[name=administrators,groupIds=[42],inherit=false,allowForAll=false]
2026-03-13 17:09:02.623 DEBUG content 1675 3f600ea4-a0a8-4b50-9111-958e9b7c0b63 Processing reference: ContentRole[name=denyReaders,inherit=false,allowForAll=false]
2026-03-13 17:09:02.623 DEBUG content 1675 3f600ea4-a0a8-4b50-9111-958e9b7c0b63 Processing reference: ContentRole[name=denyAuthors,inherit=false,allowForAll=false]
2026-03-13 17:09:02.623 DEBUG content 1675 3f600ea4-a0a8-4b50-9111-958e9b7c0b63 Processing reference: ContentRole[name=denyAdministrators,inherit=false,allowForAll=false]
2026-03-13 17:09:02.623 DEBUG content 1675 3f600ea4-a0a8-4b50-9111-958e9b7c0b63 Exporting binary resources.
2026-03-13 17:09:02.623 DEBUG content 1675 3f600ea4-a0a8-4b50-9111-958e9b7c0b63 Serializing object to XML.
2026-03-13 17:09:02.624 DEBUG content 1675 3f600ea4-a0a8-4b50-9111-958e9b7c0b63 Object transported.
2026-03-13 17:09:02.624 DEBUG content 1676 8ff72b3b-f33f-4247-8a90-651887038514 Processing reference: com.appiancorp.suiteapi.content.ContentRoleMap@370f88ac[
  ContentRole[name=readers,inherit=true,allowForAll=false]
  ContentRole[name=authors,inherit=true,allowForAll=false]
  ContentRole[name=administrators,inherit=true,allowForAll=false]
  ContentRole[name=denyReaders,inherit=false,allowForAll=false]
  ContentRole[name=denyAuthors,inherit=false,allowForAll=false]
  ContentRole[name=denyAdministrators,inherit=false,allowForAll=false]
  securityVector=15:SEC_PUBLIC=true,SEC_CREATOR_ADMIN=false,SEC_INH_ADMIN=true,SEC_INH_EDITOR=true,SEC_INH_VIEWER=true,SEC_ALL_ADMIN=false,SEC_ALL_EDITOR=false,SEC_ALL_VIEWER=false
]
2026-03-13 17:09:02.624 DEBUG content 1676 8ff72b3b-f33f-4247-8a90-651887038514 Processing reference: ContentRole[name=readers,inherit=true,allowForAll=false]
2026-03-13 17:09:02.624 DEBUG content 1676 8ff72b3b-f33f-4247-8a90-651887038514 Processing reference: ContentRole[name=authors,inherit=true,allowForAll=false]
2026-03-13 17:09:02.625 DEBUG content 1676 8ff72b3b-f33f-4247-8a90-651887038514 Processing reference: ContentRole[name=administrators,inherit=true,allowForAll=false]
2026-03-13 17:09:02.625 DEBUG content 1676 8ff72b3b-f33f-4247-8a90-651887038514 Processing reference: ContentRole[name=denyReaders,inherit=false,allowForAll=false]
2026-03-13 17:09:02.625 DEBUG content 1676 8ff72b3b-f33f-4247-8a90-651887038514 Processing reference: ContentRole[name=denyAuthors,inherit=false,allowForAll=false]
2026-03-13 17:09:02.625 DEBUG content 1676 8ff72b3b-f33f-4247-8a90-651887038514 Processing reference: ContentRole[name=denyAdministrators,inherit=false,allowForAll=false]
2026-03-13 17:09:02.625 DEBUG content 1676 8ff72b3b-f33f-4247-8a90-651887038514 Exporting binary resources.
2026-03-13 17:09:02.625 DEBUG content 1676 8ff72b3b-f33f-4247-8a90-651887038514 Serializing object to XML.
2026-03-13 17:09:02.626 DEBUG content 1676 8ff72b3b-f33f-4247-8a90-651887038514 Object transported.
2026-03-13 17:09:02.626 DEBUG content 1677 35cee1c5-3284-4ca1-ac69-b6cd25f98d9f Begin transport.
2026-03-13 17:09:02.626 DEBUG content 1677 35cee1c5-3284-4ca1-ac69-b6cd25f98d9f Retrieving object data.
2026-03-13 17:09:02.634 DEBUG content 1677 35cee1c5-3284-4ca1-ac69-b6cd25f98d9f Setting uuids of object references.
2026-03-13 17:09:02.634 DEBUG content 1677 35cee1c5-3284-4ca1-ac69-b6cd25f98d9f Processing reference: KnowledgeFolder.forum
2026-03-13 17:09:02.635 DEBUG content 1677 35cee1c5-3284-4ca1-ac69-b6cd25f98d9f Processing reference: KnowledgeFolder.parent
2026-03-13 17:09:02.637 DEBUG content 1677 35cee1c5-3284-4ca1-ac69-b6cd25f98d9f Processing reference: com.appiancorp.suiteapi.content.ContentRoleMap@be61770[
  ContentRole[name=readers,inherit=true,allowForAll=false]
  ContentRole[name=authors,inherit=true,allowForAll=false]
  ContentRole[name=administrators,inherit=true,allowForAll=false]
  ContentRole[name=denyReaders,inherit=false,allowForAll=false]
  ContentRole[name=denyAuthors,inherit=false,allowForAll=false]
  ContentRole[name=denyAdministrators,inherit=false,allowForAll=false]
  securityVector=15:SEC_PUBLIC=true,SEC_CREATOR_ADMIN=false,SEC_INH_ADMIN=true,SEC_INH_EDITOR=true,SEC_INH_VIEWER=true,SEC_ALL_ADMIN=false,SEC_ALL_EDITOR=false,SEC_ALL_VIEWER=false
]
2026-03-13 17:09:02.637 DEBUG content 1677 35cee1c5-3284-4ca1-ac69-b6cd25f98d9f Processing reference: ContentRole[name=readers,inherit=true,allowForAll=false]
2026-03-13 17:09:02.637 DEBUG content 1677 35cee1c5-3284-4ca1-ac69-b6cd25f98d9f Processing reference: ContentRole[name=authors,inherit=true,allowForAll=false]
2026-03-13 17:09:02.637 DEBUG content 1677 35cee1c5-3284-4ca1-ac69-b6cd25f98d9f Processing reference: ContentRole[name=administrators,inherit=true,allowForAll=false]
2026-03-13 17:09:02.637 DEBUG content 1677 35cee1c5-3284-4ca1-ac69-b6cd25f98d9f Processing reference: ContentRole[name=denyReaders,inherit=false,allowForAll=false]
2026-03-13 17:09:02.637 DEBUG content 1677 35cee1c5-3284-4ca1-ac69-b6cd25f98d9f Processing reference: ContentRole[name=denyAuthors,inherit=false,allowForAll=false]
2026-03-13 17:09:02.637 DEBUG content 1677 35cee1c5-3284-4ca1-ac69-b6cd25f98d9f Processing reference: ContentRole[name=denyAdministrators,inherit=false,allowForAll=false]
2026-03-13 17:09:02.637 DEBUG content 1677 35cee1c5-3284-4ca1-ac69-b6cd25f98d9f Exporting binary resources.
2026-03-13 17:09:02.637 DEBUG content 1677 35cee1c5-3284-4ca1-ac69-b6cd25f98d9f Serializing object to XML.
2026-03-13 17:09:02.638 DEBUG content 1677 35cee1c5-3284-4ca1-ac69-b6cd25f98d9f Object transported.
2026-03-13 17:09:02.638 DEBUG content 1678 _a-0000ef40-8303-8000-9be5-011c48011c48_811702 Begin transport.
2026-03-13 17:09:02.638 DEBUG content 1678 _a-0000ef40-8303-8000-9be5-011c48011c48_811702 Retrieving object data.
2026-03-13 17:09:02.646 DEBUG content 1678 _a-0000ef40-8303-8000-9be5-011c48011c48_811702 Setting uuids of object references.
2026-03-13 17:09:02.65 DEBUG content 1678 _a-0000ef40-8303-8000-9be5-011c48011c48_811702 Processing reference: Document.forum
2026-03-13 17:09:02.65 DEBUG content 1678 _a-0000ef40-8303-8000-9be5-011c48011c48_811702 Processing reference: Document.parent
2026-03-13 17:09:02.653 DEBUG content 1678 _a-0000ef40-8303-8000-9be5-011c48011c48_811702 Processing reference: com.appiancorp.suiteapi.content.ContentRoleMap@1861a7ab[
  ContentRole[name=readers,inherit=true,allowForAll=false]
  ContentRole[name=authors,inherit=true,allowForAll=false]
  ContentRole[name=administrators,inherit=true,allowForAll=false]
  ContentRole[name=denyReaders,inherit=false,allowForAll=false]
  ContentRole[name=denyAuthors,inherit=false,allowForAll=false]
  ContentRole[name=denyAdministrators,inherit=false,allowForAll=false]
  securityVector=15:SEC_PUBLIC=true,SEC_CREATOR_ADMIN=false,SEC_INH_ADMIN=true,SEC_INH_EDITOR=true,SEC_INH_VIEWER=true,SEC_ALL_ADMIN=false,SEC_ALL_EDITOR=false,SEC_ALL_VIEWER=false
]
2026-03-13 17:09:02.653 DEBUG content 1678 _a-0000ef40-8303-8000-9be5-011c48011c48_811702 Processing reference: ContentRole[name=readers,inherit=true,allowForAll=false]
2026-03-13 17:09:02.653 DEBUG content 1678 _a-0000ef40-8303-8000-9be5-011c48011c48_811702 Processing reference: ContentRole[name=authors,inherit=true,allowForAll=false]
2026-03-13 17:09:02.653 DEBUG content 1678 _a-0000ef40-8303-8000-9be5-011c48011c48_811702 Processing reference: ContentRole[name=administrators,inherit=true,allowForAll=false]
2026-03-13 17:09:02.653 DEBUG content 1678 _a-0000ef40-8303-8000-9be5-011c48011c48_811702 Processing reference: ContentRole[name=denyReaders,inherit=false,allowForAll=false]
2026-03-13 17:09:02.653 DEBUG content 1678 _a-0000ef40-8303-8000-9be5-011c48011c48_811702 Processing reference: ContentRole[name=denyAuthors,inherit=false,allowForAll=false]
2026-03-13 17:09:02.653 DEBUG content 1678 _a-0000ef40-8303-8000-9be5-011c48011c48_811702 Processing reference: ContentRole[name=denyAdministrators,inherit=false,allowForAll=false]
2026-03-13 17:09:02.653 DEBUG content 1678 _a-0000ef40-8303-8000-9be5-011c48011c48_811702 Exporting binary resources.
2026-03-13 17:09:02.794 DEBUG content 1678 _a-0000ef40-8303-8000-9be5-011c48011c48_811702 Serializing object to XML.
2026-03-13 17:09:02.794 DEBUG content 1678 _a-0000ef40-8303-8000-9be5-011c48011c48_811702 Object transported.
2026-03-13 17:09:02.795 DEBUG content 1680 eb293553-4f0e-421c-8039-c3dccb904602 Begin transport.
2026-03-13 17:09:02.795 DEBUG content 1680 eb293553-4f0e-421c-8039-c3dccb904602 Retrieving object data.
2026-03-13 17:09:02.804 DEBUG content 1680 eb293553-4f0e-421c-8039-c3dccb904602 Setting uuids of object references.
2026-03-13 17:09:02.804 DEBUG content 1680 eb293553-4f0e-421c-8039-c3dccb904602 Processing reference: [Content:id=1680,versionId=-1,name=TDFD_GetVehicles,type=32,subtype=5,uuid=eb293553-4f0e-421c-8039-c3dccb904602,parent=1674]
2026-03-13 17:09:02.812 DEBUG content 1680 eb293553-4f0e-421c-8039-c3dccb904602 Processing reference: OutboundIntegration.forum
2026-03-13 17:09:02.812 DEBUG content 1680 eb293553-4f0e-421c-8039-c3dccb904602 Processing reference: OutboundIntegration.integrationOutputsAsTypedValue
2026-03-13 17:09:02.812 DEBUG content 1680 eb293553-4f0e-421c-8039-c3dccb904602 Processing reference: TypedVariable[name=identifiers,it=101,v=<null>]
2026-03-13 17:09:02.813 DEBUG content 1680 eb293553-4f0e-421c-8039-c3dccb904602 Processing reference: OutboundIntegration.parent
2026-03-13 17:09:02.815 DEBUG content 1680 eb293553-4f0e-421c-8039-c3dccb904602 Processing reference: com.appiancorp.suiteapi.content.ContentRoleMap@1dd0a388[
  ContentRole[name=readers,inherit=true,allowForAll=false]
  ContentRole[name=authors,inherit=true,allowForAll=false]
  ContentRole[name=administrators,inherit=true,allowForAll=false]
  ContentRole[name=denyReaders,inherit=false,allowForAll=false]
  ContentRole[name=denyAuthors,inherit=false,allowForAll=false]
  ContentRole[name=denyAdministrators,inherit=false,allowForAll=false]
  securityVector=15:SEC_PUBLIC=true,SEC_CREATOR_ADMIN=false,SEC_INH_ADMIN=true,SEC_INH_EDITOR=true,SEC_INH_VIEWER=true,SEC_ALL_ADMIN=false,SEC_ALL_EDITOR=false,SEC_ALL_VIEWER=false
]
2026-03-13 17:09:02.815 DEBUG content 1680 eb293553-4f0e-421c-8039-c3dccb904602 Processing reference: ContentRole[name=readers,inherit=true,allowForAll=false]
2026-03-13 17:09:02.815 DEBUG content 1680 eb293553-4f0e-421c-8039-c3dccb904602 Processing reference: ContentRole[name=authors,inherit=true,allowForAll=false]
2026-03-13 17:09:02.815 DEBUG content 1680 eb293553-4f0e-421c-8039-c3dccb904602 Processing reference: ContentRole[name=administrators,inherit=true,allowForAll=false]
2026-03-13 17:09:02.815 DEBUG content 1680 eb293553-4f0e-421c-8039-c3dccb904602 Processing reference: ContentRole[name=denyReaders,inherit=false,allowForAll=false]
2026-03-13 17:09:02.815 DEBUG content 1680 eb293553-4f0e-421c-8039-c3dccb904602 Processing reference: ContentRole[name=denyAuthors,inherit=false,allowForAll=false]
2026-03-13 17:09:02.815 DEBUG content 1680 eb293553-4f0e-421c-8039-c3dccb904602 Processing reference: ContentRole[name=denyAdministrators,inherit=false,allowForAll=false]
2026-03-13 17:09:02.816 DEBUG content 1680 eb293553-4f0e-421c-8039-c3dccb904602 Exporting binary resources.
2026-03-13 17:09:02.816 DEBUG content 1680 eb293553-4f0e-421c-8039-c3dccb904602 Serializing object to XML.
2026-03-13 17:09:02.826 DEBUG content 1680 eb293553-4f0e-421c-8039-c3dccb904602 Object transported.
2026-03-13 17:09:02.826 DEBUG content 1681 _a-0000ef40-8303-8000-9be5-011c48011c48_811727 Begin transport.
2026-03-13 17:09:02.826 DEBUG content 1681 _a-0000ef40-8303-8000-9be5-011c48011c48_811727 Retrieving object data.
2026-03-13 17:09:02.835 DEBUG content 1681 _a-0000ef40-8303-8000-9be5-011c48011c48_811727 Setting uuids of object references.
2026-03-13 17:09:02.835 DEBUG content 1681 _a-0000ef40-8303-8000-9be5-011c48011c48_811727 Processing reference: [Content:id=1681,versionId=-1,name=TDFD_GetVehicles_recordDataSource,type=32,subtype=1,uuid=_a-0000ef40-8303-8000-9be5-011c48011c48_811727,parent=1674]
2026-03-13 17:09:02.841 DEBUG content 1681 _a-0000ef40-8303-8000-9be5-011c48011c48_811727 Processing reference: FreeformRule.forum
2026-03-13 17:09:02.842 DEBUG content 1681 _a-0000ef40-8303-8000-9be5-011c48011c48_811727 Processing reference: FreeformRule.parent
2026-03-13 17:09:02.849 DEBUG content 1681 _a-0000ef40-8303-8000-9be5-011c48011c48_811727 Processing reference: com.appiancorp.suiteapi.content.ContentRoleMap@1feee97[
  ContentRole[name=readers,inherit=true,allowForAll=false]
  ContentRole[name=authors,inherit=true,allowForAll=false]
  ContentRole[name=administrators,inherit=true,allowForAll=false]
  ContentRole[name=denyReaders,inherit=false,allowForAll=false]
  ContentRole[name=denyAuthors,inherit=false,allowForAll=false]
  ContentRole[name=denyAdministrators,inherit=false,allowForAll=false]
  securityVector=15:SEC_PUBLIC=true,SEC_CREATOR_ADMIN=false,SEC_INH_ADMIN=true,SEC_INH_EDITOR=true,SEC_INH_VIEWER=true,SEC_ALL_ADMIN=false,SEC_ALL_EDITOR=false,SEC_ALL_VIEWER=false
]
2026-03-13 17:09:02.849 DEBUG content 1681 _a-0000ef40-8303-8000-9be5-011c48011c48_811727 Processing reference: ContentRole[name=readers,inherit=true,allowForAll=false]
2026-03-13 17:09:02.849 DEBUG content 1681 _a-0000ef40-8303-8000-9be5-011c48011c48_811727 Processing reference: ContentRole[name=authors,inherit=true,allowForAll=false]
2026-03-13 17:09:02.849 DEBUG content 1681 _a-0000ef40-8303-8000-9be5-011c48011c48_811727 Processing reference: ContentRole[name=administrators,inherit=true,allowForAll=false]
2026-03-13 17:09:02.849 DEBUG content 1681 _a-0000ef40-8303-8000-9be5-011c48011c48_811727 Processing reference: ContentRole[name=denyReaders,inherit=false,allowForAll=false]
2026-03-13 17:09:02.849 DEBUG content 1681 _a-0000ef40-8303-8000-9be5-011c48011c48_811727 Processing reference: ContentRole[name=denyAuthors,inherit=false,allowForAll=false]
2026-03-13 17:09:02.849 DEBUG content 1681 _a-0000ef40-8303-8000-9be5-011c48011c48_811727 Processing reference: ContentRole[name=denyAdministrators,inherit=false,allowForAll=false]
2026-03-13 17:09:02.849 DEBUG content 1681 _a-0000ef40-8303-8000-9be5-011c48011c48_811727 Exporting binary resources.
2026-03-13 17:09:02.849 DEBUG content 1681 _a-0000ef40-8303-8000-9be5-011c48011c48_811727 Serializing object to XML.
2026-03-13 17:09:02.85 DEBUG content 1681 _a-0000ef40-8303-8000-9be5-011c48011c48_811727 Object transported.
2026-03-13 17:09:02.85 DEBUG content 1683 _a-0000ef40-8303-8000-9be5-011c48011c48_811739 Begin transport.
2026-03-13 17:09:02.85 DEBUG content 1683 _a-0000ef40-8303-8000-9be5-011c48011c48_811739 Retrieving object data.
2026-03-13 17:09:02.862 DEBUG content 1683 _a-0000ef40-8303-8000-9be5-011c48011c48_811739 Setting uuids of object references.
2026-03-13 17:09:02.862 DEBUG content 1683 _a-0000ef40-8303-8000-9be5-011c48011c48_811739 Processing reference: [Content:id=1683,versionId=-1,name=TDFD_GetMaintenance_recordDataSource,type=32,subtype=1,uuid=_a-0000ef40-8303-8000-9be5-011c48011c48_811739,parent=1674]
2026-03-13 17:09:02.865 DEBUG content 1682 e00bcec6-c281-4768-b7ae-adff1a9eeff1 Begin transport.
2026-03-13 17:09:02.865 DEBUG content 1682 e00bcec6-c281-4768-b7ae-adff1a9eeff1 Retrieving object data.
2026-03-13 17:09:02.882 DEBUG content 1682 e00bcec6-c281-4768-b7ae-adff1a9eeff1 Setting uuids of object references.
2026-03-13 17:09:02.882 DEBUG content 1682 e00bcec6-c281-4768-b7ae-adff1a9eeff1 Processing reference: [Content:id=1682,versionId=-1,name=TDFD_GetMaintenance,type=32,subtype=5,uuid=e00bcec6-c281-4768-b7ae-adff1a9eeff1,parent=1674]
2026-03-13 17:09:02.889 DEBUG content 1682 e00bcec6-c281-4768-b7ae-adff1a9eeff1 Processing reference: OutboundIntegration.forum
2026-03-13 17:09:02.89 DEBUG content 1682 e00bcec6-c281-4768-b7ae-adff1a9eeff1 Processing reference: OutboundIntegration.integrationOutputsAsTypedValue
2026-03-13 17:09:02.89 DEBUG content 1682 e00bcec6-c281-4768-b7ae-adff1a9eeff1 Processing reference: TypedVariable[name=identifiers,it=101,v=<null>]
2026-03-13 17:09:02.89 DEBUG content 1682 e00bcec6-c281-4768-b7ae-adff1a9eeff1 Processing reference: OutboundIntegration.parent
2026-03-13 17:09:02.893 DEBUG content 1682 e00bcec6-c281-4768-b7ae-adff1a9eeff1 Processing reference: com.appiancorp.suiteapi.content.ContentRoleMap@15ee8c6c[
  ContentRole[name=readers,inherit=true,allowForAll=false]
  ContentRole[name=authors,inherit=true,allowForAll=false]
  ContentRole[name=administrators,inherit=true,allowForAll=false]
  ContentRole[name=denyReaders,inherit=false,allowForAll=false]
  ContentRole[name=denyAuthors,inherit=false,allowForAll=false]
  ContentRole[name=denyAdministrators,inherit=false,allowForAll=false]
  securityVector=15:SEC_PUBLIC=true,SEC_CREATOR_ADMIN=false,SEC_INH_ADMIN=true,SEC_INH_EDITOR=true,SEC_INH_VIEWER=true,SEC_ALL_ADMIN=false,SEC_ALL_EDITOR=false,SEC_ALL_VIEWER=false
]
2026-03-13 17:09:02.893 DEBUG content 1682 e00bcec6-c281-4768-b7ae-adff1a9eeff1 Processing reference: ContentRole[name=readers,inherit=true,allowForAll=false]
2026-03-13 17:09:02.893 DEBUG content 1682 e00bcec6-c281-4768-b7ae-adff1a9eeff1 Processing reference: ContentRole[name=authors,inherit=true,allowForAll=false]
2026-03-13 17:09:02.893 DEBUG content 1682 e00bcec6-c281-4768-b7ae-adff1a9eeff1 Processing reference: ContentRole[name=administrators,inherit=true,allowForAll=false]
2026-03-13 17:09:02.893 DEBUG content 1682 e00bcec6-c281-4768-b7ae-adff1a9eeff1 Processing reference: ContentRole[name=denyReaders,inherit=false,allowForAll=false]
2026-03-13 17:09:02.893 DEBUG content 1682 e00bcec6-c281-4768-b7ae-adff1a9eeff1 Processing reference: ContentRole[name=denyAuthors,inherit=false,allowForAll=false]
2026-03-13 17:09:02.893 DEBUG content 1682 e00bcec6-c281-4768-b7ae-adff1a9eeff1 Processing reference: ContentRole[name=denyAdministrators,inherit=false,allowForAll=false]
2026-03-13 17:09:02.894 DEBUG content 1682 e00bcec6-c281-4768-b7ae-adff1a9eeff1 Exporting binary resources.
2026-03-13 17:09:02.894 DEBUG content 1682 e00bcec6-c281-4768-b7ae-adff1a9eeff1 Serializing object to XML.
2026-03-13 17:09:02.903 DEBUG content 1682 e00bcec6-c281-4768-b7ae-adff1a9eeff1 Object transported.
2026-03-13 17:09:02.903 DEBUG content 1683 _a-0000ef40-8303-8000-9be5-011c48011c48_811739 Processing reference: FreeformRule.forum
2026-03-13 17:09:02.903 DEBUG content 1683 _a-0000ef40-8303-8000-9be5-011c48011c48_811739 Processing reference: FreeformRule.parent
2026-03-13 17:09:02.906 DEBUG content 1683 _a-0000ef40-8303-8000-9be5-011c48011c48_811739 Processing reference: com.appiancorp.suiteapi.content.ContentRoleMap@507258e2[
  ContentRole[name=readers,inherit=true,allowForAll=false]
  ContentRole[name=authors,inherit=true,allowForAll=false]
  ContentRole[name=administrators,inherit=true,allowForAll=false]
  ContentRole[name=denyReaders,inherit=false,allowForAll=false]
  ContentRole[name=denyAuthors,inherit=false,allowForAll=false]
  ContentRole[name=denyAdministrators,inherit=false,allowForAll=false]
  securityVector=15:SEC_PUBLIC=true,SEC_CREATOR_ADMIN=false,SEC_INH_ADMIN=true,SEC_INH_EDITOR=true,SEC_INH_VIEWER=true,SEC_ALL_ADMIN=false,SEC_ALL_EDITOR=false,SEC_ALL_VIEWER=false
]
2026-03-13 17:09:02.906 DEBUG content 1683 _a-0000ef40-8303-8000-9be5-011c48011c48_811739 Processing reference: ContentRole[name=readers,inherit=true,allowForAll=false]
2026-03-13 17:09:02.906 DEBUG content 1683 _a-0000ef40-8303-8000-9be5-011c48011c48_811739 Processing reference: ContentRole[name=authors,inherit=true,allowForAll=false]
2026-03-13 17:09:02.906 DEBUG content 1683 _a-0000ef40-8303-8000-9be5-011c48011c48_811739 Processing reference: ContentRole[name=administrators,inherit=true,allowForAll=false]
2026-03-13 17:09:02.906 DEBUG content 1683 _a-0000ef40-8303-8000-9be5-011c48011c48_811739 Processing reference: ContentRole[name=denyReaders,inherit=false,allowForAll=false]
2026-03-13 17:09:02.906 DEBUG content 1683 _a-0000ef40-8303-8000-9be5-011c48011c48_811739 Processing reference: ContentRole[name=denyAuthors,inherit=false,allowForAll=false]
2026-03-13 17:09:02.906 DEBUG content 1683 _a-0000ef40-8303-8000-9be5-011c48011c48_811739 Processing reference: ContentRole[name=denyAdministrators,inherit=false,allowForAll=false]
2026-03-13 17:09:02.906 DEBUG content 1683 _a-0000ef40-8303-8000-9be5-011c48011c48_811739 Exporting binary resources.
2026-03-13 17:09:02.906 DEBUG content 1683 _a-0000ef40-8303-8000-9be5-011c48011c48_811739 Serializing object to XML.
2026-03-13 17:09:02.909 DEBUG content 1683 _a-0000ef40-8303-8000-9be5-011c48011c48_811739 Object transported.
2026-03-13 17:09:02.909 DEBUG content 1736 _a-0000ef40-8303-8000-9be5-011c48011c48_811762 Begin transport.
2026-03-13 17:09:02.909 DEBUG content 1736 _a-0000ef40-8303-8000-9be5-011c48011c48_811762 Retrieving object data.
2026-03-13 17:09:02.918 DEBUG content 1736 _a-0000ef40-8303-8000-9be5-011c48011c48_811762 Setting uuids of object references.
2026-03-13 17:09:02.918 DEBUG content 1736 _a-0000ef40-8303-8000-9be5-011c48011c48_811762 Processing reference: [Content:id=1736,versionId=-1,name=TDFD_RG_Vehicles,type=32,subtype=6,uuid=_a-0000ef40-8303-8000-9be5-011c48011c48_811762,parent=1674]
2026-03-13 17:09:02.956 DEBUG recordType 8 4319b3e4-ca07-43be-8557-19466417914e Begin transport.
2026-03-13 17:09:02.956 DEBUG recordType 8 4319b3e4-ca07-43be-8557-19466417914e Retrieving object data.
2026-03-13 17:09:03.051 DEBUG recordType 8 4319b3e4-ca07-43be-8557-19466417914e Setting uuids of object references.
2026-03-13 17:09:03.054 DEBUG recordType 8 4319b3e4-ca07-43be-8557-19466417914e Processing reference: RecordTypeDefinition.dataSrcExpr
2026-03-13 17:09:03.055 DEBUG recordType 8 4319b3e4-ca07-43be-8557-19466417914e Processing reference: RecordTypeDefinition.defaultFilters
2026-03-13 17:09:03.055 DEBUG recordType 8 4319b3e4-ca07-43be-8557-19466417914e Processing reference: RecordTypeDefinition.defaultFiltersExpr
2026-03-13 17:09:03.056 DEBUG recordType 8 4319b3e4-ca07-43be-8557-19466417914e Processing reference: RecordTypeDefinition.defaultSortInfoAsQueryInfos
2026-03-13 17:09:03.057 DEBUG recordType 8 4319b3e4-ca07-43be-8557-19466417914e Processing reference: DetailViewCfg.headerExpr
2026-03-13 17:09:03.06 DEBUG recordType 8 4319b3e4-ca07-43be-8557-19466417914e Processing reference: DetailViewCfg.nameExpr
2026-03-13 17:09:03.061 DEBUG recordType 8 4319b3e4-ca07-43be-8557-19466417914e Processing reference: DetailViewCfg.uiExpr
2026-03-13 17:09:03.065 DEBUG content 1702 336ee23f-6bd9-48a2-80d7-effc46ff90e2 Begin transport.
2026-03-13 17:09:03.065 DEBUG content 1702 336ee23f-6bd9-48a2-80d7-effc46ff90e2 Retrieving object data.
2026-03-13 17:09:03.106 DEBUG content 1702 336ee23f-6bd9-48a2-80d7-effc46ff90e2 Setting uuids of object references.
2026-03-13 17:09:03.106 DEBUG content 1702 336ee23f-6bd9-48a2-80d7-effc46ff90e2 Processing reference: [Content:id=1702,versionId=-1,name=TDFD_VehicleSummary,type=32,subtype=6,uuid=336ee23f-6bd9-48a2-80d7-effc46ff90e2,parent=1674]
2026-03-13 17:09:03.192 DEBUG recordType 8 4319b3e4-ca07-43be-8557-19466417914e Begin transport.
2026-03-13 17:09:03.192 DEBUG recordType 8 4319b3e4-ca07-43be-8557-19466417914e Loop detected: [recordType:8, content:1702]
2026-03-13 17:09:03.192 DEBUG recordType 8 Breaking loop [recordType:8, content:1702]. content:1702 will be transported with its reference to 8 nulled out and will require a second pass.
2026-03-13 17:09:03.194 DEBUG recordType 8 4319b3e4-ca07-43be-8557-19466417914e Begin transport.
2026-03-13 17:09:03.194 DEBUG recordType 8 4319b3e4-ca07-43be-8557-19466417914e Loop detected: [recordType:8, content:1702]
2026-03-13 17:09:03.194 DEBUG recordType 8 Breaking loop [recordType:8, content:1702]. content:1702 will be transported with its reference to 8 nulled out and will require a second pass.
2026-03-13 17:09:03.196 DEBUG recordType 8 4319b3e4-ca07-43be-8557-19466417914e Begin transport.
2026-03-13 17:09:03.196 DEBUG recordType 8 4319b3e4-ca07-43be-8557-19466417914e Loop detected: [recordType:8, content:1702]
2026-03-13 17:09:03.196 DEBUG recordType 8 Breaking loop [recordType:8, content:1702]. content:1702 will be transported with its reference to 8 nulled out and will require a second pass.
2026-03-13 17:09:03.199 DEBUG recordType 8 4319b3e4-ca07-43be-8557-19466417914e Begin transport.
2026-03-13 17:09:03.199 DEBUG recordType 8 4319b3e4-ca07-43be-8557-19466417914e Loop detected: [recordType:8, content:1702]
2026-03-13 17:09:03.199 DEBUG recordType 8 Breaking loop [recordType:8, content:1702]. content:1702 will be transported with its reference to 8 nulled out and will require a second pass.
2026-03-13 17:09:03.205 DEBUG recordType 8 4319b3e4-ca07-43be-8557-19466417914e Begin transport.
2026-03-13 17:09:03.206 DEBUG recordType 8 4319b3e4-ca07-43be-8557-19466417914e Loop detected: [recordType:8, content:1702]
2026-03-13 17:09:03.206 DEBUG recordType 8 Breaking loop [recordType:8, content:1702]. content:1702 will be transported with its reference to 8 nulled out and will require a second pass.
2026-03-13 17:09:03.207 DEBUG recordType 8 4319b3e4-ca07-43be-8557-19466417914e Begin transport.
2026-03-13 17:09:03.207 DEBUG recordType 8 4319b3e4-ca07-43be-8557-19466417914e Loop detected: [recordType:8, content:1702]
2026-03-13 17:09:03.207 DEBUG recordType 8 Breaking loop [recordType:8, content:1702]. content:1702 will be transported with its reference to 8 nulled out and will require a second pass.
2026-03-13 17:09:03.209 DEBUG recordType 8 4319b3e4-ca07-43be-8557-19466417914e Begin transport.
2026-03-13 17:09:03.209 DEBUG recordType 8 4319b3e4-ca07-43be-8557-19466417914e Loop detected: [recordType:8, content:1702]
2026-03-13 17:09:03.209 DEBUG recordType 8 Breaking loop [recordType:8, content:1702]. content:1702 will be transported with its reference to 8 nulled out and will require a second pass.
2026-03-13 17:09:03.211 DEBUG recordType 8 4319b3e4-ca07-43be-8557-19466417914e Begin transport.
2026-03-13 17:09:03.211 DEBUG recordType 8 4319b3e4-ca07-43be-8557-19466417914e Loop detected: [recordType:8, content:1702]
2026-03-13 17:09:03.211 DEBUG recordType 8 Breaking loop [recordType:8, content:1702]. content:1702 will be transported with its reference to 8 nulled out and will require a second pass.
2026-03-13 17:09:03.213 DEBUG recordType 8 4319b3e4-ca07-43be-8557-19466417914e Begin transport.
2026-03-13 17:09:03.213 DEBUG recordType 8 4319b3e4-ca07-43be-8557-19466417914e Loop detected: [recordType:8, content:1702]
2026-03-13 17:09:03.213 DEBUG recordType 8 Breaking loop [recordType:8, content:1702]. content:1702 will be transported with its reference to 8 nulled out and will require a second pass.
2026-03-13 17:09:03.215 DEBUG recordType 8 4319b3e4-ca07-43be-8557-19466417914e Begin transport.
2026-03-13 17:09:03.215 DEBUG recordType 8 4319b3e4-ca07-43be-8557-19466417914e Loop detected: [recordType:8, content:1702]
2026-03-13 17:09:03.215 DEBUG recordType 8 Breaking loop [recordType:8, content:1702]. content:1702 will be transported with its reference to 8 nulled out and will require a second pass.
2026-03-13 17:09:03.217 DEBUG recordType 8 4319b3e4-ca07-43be-8557-19466417914e Begin transport.
2026-03-13 17:09:03.217 DEBUG recordType 8 4319b3e4-ca07-43be-8557-19466417914e Loop detected: [recordType:8, content:1702]
2026-03-13 17:09:03.217 DEBUG recordType 8 Breaking loop [recordType:8, content:1702]. content:1702 will be transported with its reference to 8 nulled out and will require a second pass.
2026-03-13 17:09:03.219 DEBUG recordType 8 4319b3e4-ca07-43be-8557-19466417914e Begin transport.
2026-03-13 17:09:03.219 DEBUG recordType 8 4319b3e4-ca07-43be-8557-19466417914e Loop detected: [recordType:8, content:1702]
2026-03-13 17:09:03.219 DEBUG recordType 8 Breaking loop [recordType:8, content:1702]. content:1702 will be transported with its reference to 8 nulled out and will require a second pass.
2026-03-13 17:09:03.221 DEBUG recordType 8 4319b3e4-ca07-43be-8557-19466417914e Begin transport.
2026-03-13 17:09:03.221 DEBUG recordType 8 4319b3e4-ca07-43be-8557-19466417914e Loop detected: [recordType:8, content:1702]
2026-03-13 17:09:03.221 DEBUG recordType 8 Breaking loop [recordType:8, content:1702]. content:1702 will be transported with its reference to 8 nulled out and will require a second pass.
2026-03-13 17:09:03.223 DEBUG recordType 8 4319b3e4-ca07-43be-8557-19466417914e Begin transport.
2026-03-13 17:09:03.223 DEBUG recordType 8 4319b3e4-ca07-43be-8557-19466417914e Loop detected: [recordType:8, content:1702]
2026-03-13 17:09:03.223 DEBUG recordType 8 Breaking loop [recordType:8, content:1702]. content:1702 will be transported with its reference to 8 nulled out and will require a second pass.
2026-03-13 17:09:03.225 DEBUG recordType 8 4319b3e4-ca07-43be-8557-19466417914e Begin transport.
2026-03-13 17:09:03.225 DEBUG recordType 8 4319b3e4-ca07-43be-8557-19466417914e Loop detected: [recordType:8, content:1702]
2026-03-13 17:09:03.225 DEBUG recordType 8 Breaking loop [recordType:8, content:1702]. content:1702 will be transported with its reference to 8 nulled out and will require a second pass.
2026-03-13 17:09:03.227 DEBUG recordType 7 56e24fa4-b6b0-49e6-a8c4-99845ebcfe9d Begin transport.
2026-03-13 17:09:03.227 DEBUG recordType 7 56e24fa4-b6b0-49e6-a8c4-99845ebcfe9d Retrieving object data.
2026-03-13 17:09:03.315 DEBUG recordType 7 56e24fa4-b6b0-49e6-a8c4-99845ebcfe9d Setting uuids of object references.
2026-03-13 17:09:03.315 DEBUG recordType 7 56e24fa4-b6b0-49e6-a8c4-99845ebcfe9d Processing reference: RecordTypeDefinition.dataSrcExpr
2026-03-13 17:09:03.315 DEBUG recordType 7 56e24fa4-b6b0-49e6-a8c4-99845ebcfe9d Processing reference: RecordTypeDefinition.defaultFilters
2026-03-13 17:09:03.315 DEBUG recordType 7 56e24fa4-b6b0-49e6-a8c4-99845ebcfe9d Processing reference: RecordTypeDefinition.defaultFiltersExpr
2026-03-13 17:09:03.315 DEBUG recordType 7 56e24fa4-b6b0-49e6-a8c4-99845ebcfe9d Processing reference: RecordTypeDefinition.defaultSortInfoAsQueryInfos
2026-03-13 17:09:03.315 DEBUG recordType 7 56e24fa4-b6b0-49e6-a8c4-99845ebcfe9d Processing reference: DetailViewCfg.headerExpr
2026-03-13 17:09:03.315 DEBUG recordType 7 56e24fa4-b6b0-49e6-a8c4-99845ebcfe9d Processing reference: DetailViewCfg.nameExpr
2026-03-13 17:09:03.316 DEBUG recordType 7 56e24fa4-b6b0-49e6-a8c4-99845ebcfe9d Processing reference: DetailViewCfg.uiExpr
2026-03-13 17:09:03.316 DEBUG recordType 7 56e24fa4-b6b0-49e6-a8c4-99845ebcfe9d Processing reference: DetailViewCfg.visibilityExpr
2026-03-13 17:09:03.318 DEBUG recordType 7 56e24fa4-b6b0-49e6-a8c4-99845ebcfe9d Processing reference: RecordTypeDefinition.facetsListExpr
2026-03-13 17:09:03.32 DEBUG recordType 7 56e24fa4-b6b0-49e6-a8c4-99845ebcfe9d Processing reference: FieldCfg.defaultOptionExpr
2026-03-13 17:09:03.32 DEBUG recordType 7 56e24fa4-b6b0-49e6-a8c4-99845ebcfe9d Processing reference: FieldCfg.facetLabelExpr
2026-03-13 17:09:03.321 DEBUG recordType 7 56e24fa4-b6b0-49e6-a8c4-99845ebcfe9d Processing reference: FieldCfg.relatedRecordFieldUuid
2026-03-13 17:09:03.326 DEBUG recordType 4 4d297f92-2ba1-4bb0-a39e-31cbc64733b9 Begin transport.
2026-03-13 17:09:03.326 DEBUG recordType 4 4d297f92-2ba1-4bb0-a39e-31cbc64733b9 Retrieving object data.
2026-03-13 17:09:03.396 DEBUG recordType 4 4d297f92-2ba1-4bb0-a39e-31cbc64733b9 Setting uuids of object references.
2026-03-13 17:09:03.396 DEBUG recordType 4 4d297f92-2ba1-4bb0-a39e-31cbc64733b9 Processing reference: RecordTypeDefinition.dataSrcExpr
2026-03-13 17:09:03.396 DEBUG recordType 4 4d297f92-2ba1-4bb0-a39e-31cbc64733b9 Processing reference: RecordTypeDefinition.defaultFilters
2026-03-13 17:09:03.396 DEBUG recordType 4 4d297f92-2ba1-4bb0-a39e-31cbc64733b9 Processing reference: RecordTypeDefinition.defaultFiltersExpr
2026-03-13 17:09:03.396 DEBUG recordType 4 4d297f92-2ba1-4bb0-a39e-31cbc64733b9 Processing reference: RecordTypeDefinition.defaultSortInfoAsQueryInfos
2026-03-13 17:09:03.396 DEBUG recordType 4 4d297f92-2ba1-4bb0-a39e-31cbc64733b9 Processing reference: DetailViewCfg.headerExpr
2026-03-13 17:09:03.396 DEBUG recordType 4 4d297f92-2ba1-4bb0-a39e-31cbc64733b9 Processing reference: DetailViewCfg.nameExpr
2026-03-13 17:09:03.396 DEBUG recordType 4 4d297f92-2ba1-4bb0-a39e-31cbc64733b9 Processing reference: DetailViewCfg.uiExpr
2026-03-13 17:09:03.397 DEBUG recordType 4 4d297f92-2ba1-4bb0-a39e-31cbc64733b9 Processing reference: DetailViewCfg.visibilityExpr
2026-03-13 17:09:03.397 DEBUG recordType 4 4d297f92-2ba1-4bb0-a39e-31cbc64733b9 Processing reference: RecordTypeDefinition.facetsListExpr
2026-03-13 17:09:03.4 DEBUG recordType 4 4d297f92-2ba1-4bb0-a39e-31cbc64733b9 Processing reference: RecordTypeDefinition.listViewSrcExpr
2026-03-13 17:09:03.4 DEBUG recordType 4 4d297f92-2ba1-4bb0-a39e-31cbc64733b9 Processing reference: RecordTypeDefinition.listViewTemplateExpr
2026-03-13 17:09:03.426 DEBUG recordType 4 4d297f92-2ba1-4bb0-a39e-31cbc64733b9 Processing reference: com.appiancorp.record.entities.RecordSourceCfg@30e63a06
2026-03-13 17:09:03.431 DEBUG recordType 4 4d297f92-2ba1-4bb0-a39e-31cbc64733b9 Processing reference: RecordSourceFieldCfg.customFieldExpr
2026-03-13 17:09:03.433 DEBUG recordType 4 4d297f92-2ba1-4bb0-a39e-31cbc64733b9 Processing reference: RecordSourceFieldCfg.recordFieldSecurityMembershipFilter
2026-03-13 17:09:03.436 DEBUG recordType 4 4d297f92-2ba1-4bb0-a39e-31cbc64733b9 Processing reference: RecordSourceFieldCfg.customFieldExpr
2026-03-13 17:09:03.436 DEBUG recordType 4 4d297f92-2ba1-4bb0-a39e-31cbc64733b9 Processing reference: RecordSourceFieldCfg.recordFieldSecurityMembershipFilter
2026-03-13 17:09:03.436 DEBUG recordType 4 4d297f92-2ba1-4bb0-a39e-31cbc64733b9 Processing reference: RecordSourceFieldCfg.customFieldExpr
2026-03-13 17:09:03.436 DEBUG recordType 4 4d297f92-2ba1-4bb0-a39e-31cbc64733b9 Processing reference: RecordSourceFieldCfg.recordFieldSecurityMembershipFilter
2026-03-13 17:09:03.436 DEBUG recordType 4 4d297f92-2ba1-4bb0-a39e-31cbc64733b9 Processing reference: RecordSourceFieldCfg.customFieldExpr
2026-03-13 17:09:03.436 DEBUG recordType 4 4d297f92-2ba1-4bb0-a39e-31cbc64733b9 Processing reference: RecordSourceFieldCfg.recordFieldSecurityMembershipFilter
2026-03-13 17:09:03.436 DEBUG recordType 4 4d297f92-2ba1-4bb0-a39e-31cbc64733b9 Processing reference: RecordSourceFieldCfg.customFieldExpr
2026-03-13 17:09:03.436 DEBUG recordType 4 4d297f92-2ba1-4bb0-a39e-31cbc64733b9 Processing reference: RecordSourceFieldCfg.recordFieldSecurityMembershipFilter
2026-03-13 17:09:03.436 DEBUG recordType 4 4d297f92-2ba1-4bb0-a39e-31cbc64733b9 Processing reference: RecordSourceCfg.sourceContextExpr
2026-03-13 17:09:03.436 DEBUG recordType 4 4d297f92-2ba1-4bb0-a39e-31cbc64733b9 Processing reference: RecordSourceCfg.sourceFilterExpr
2026-03-13 17:09:03.441 DEBUG recordType 4 4d297f92-2ba1-4bb0-a39e-31cbc64733b9 Processing reference: RecordTypeSearchCfg.placeholder
2026-03-13 17:09:03.441 DEBUG recordType 4 4d297f92-2ba1-4bb0-a39e-31cbc64733b9 Processing reference: RecordTypeSearchCfg.searchFieldQueryInfos
2026-03-13 17:09:03.441 DEBUG recordType 4 4d297f92-2ba1-4bb0-a39e-31cbc64733b9 Processing reference: RecordTypeDefinition.recordViewSrcExpr
2026-03-13 17:09:03.446 DEBUG recordType 4 4d297f92-2ba1-4bb0-a39e-31cbc64733b9 Processing reference: RecordTypeDefinition.source
2026-03-13 17:09:03.448 DEBUG recordType 4 4d297f92-2ba1-4bb0-a39e-31cbc64733b9 Processing reference: RecordTypeDefinition.titleExpr
2026-03-13 17:09:03.45 DEBUG recordType 4 4d297f92-2ba1-4bb0-a39e-31cbc64733b9 Processing reference: Role[name=record_type_administrator,groupIds=[42]]
2026-03-13 17:09:03.452 DEBUG recordType 4 4d297f92-2ba1-4bb0-a39e-31cbc64733b9 Processing reference: Role[name=record_type_viewer,groupIds=[43]]
2026-03-13 17:09:03.456 DEBUG recordType 4 4d297f92-2ba1-4bb0-a39e-31cbc64733b9 Exporting binary resources.
2026-03-13 17:09:03.456 DEBUG recordType 4 4d297f92-2ba1-4bb0-a39e-31cbc64733b9 Serializing object to XML.
2026-03-13 17:09:03.526 DEBUG recordType 4 4d297f92-2ba1-4bb0-a39e-31cbc64733b9 Object transported.
2026-03-13 17:09:03.528 DEBUG recordType 7 56e24fa4-b6b0-49e6-a8c4-99845ebcfe9d Processing reference: FieldCfg.sourceRef
2026-03-13 17:09:03.535 DEBUG recordType 7 56e24fa4-b6b0-49e6-a8c4-99845ebcfe9d Processing reference: FieldCfg.visibilityExpr
2026-03-13 17:09:03.535 DEBUG recordType 7 56e24fa4-b6b0-49e6-a8c4-99845ebcfe9d Processing reference: FieldCfg.defaultOptionExpr
2026-03-13 17:09:03.541 DEBUG recordType 7 56e24fa4-b6b0-49e6-a8c4-99845ebcfe9d Processing reference: FieldCfg.facetLabelExpr
2026-03-13 17:09:03.541 DEBUG recordType 7 56e24fa4-b6b0-49e6-a8c4-99845ebcfe9d Processing reference: FieldCfg.relatedRecordFieldUuid
2026-03-13 17:09:03.547 DEBUG recordType 5 b690d012-a76d-4b0d-a29a-913ecf4f4bf9 Begin transport.
2026-03-13 17:09:03.547 DEBUG recordType 5 b690d012-a76d-4b0d-a29a-913ecf4f4bf9 Retrieving object data.
2026-03-13 17:09:03.637 DEBUG recordType 5 b690d012-a76d-4b0d-a29a-913ecf4f4bf9 Setting uuids of object references.
2026-03-13 17:09:03.638 DEBUG recordType 5 b690d012-a76d-4b0d-a29a-913ecf4f4bf9 Processing reference: RecordTypeDefinition.dataSrcExpr
2026-03-13 17:09:03.638 DEBUG recordType 5 b690d012-a76d-4b0d-a29a-913ecf4f4bf9 Processing reference: RecordTypeDefinition.defaultFilters
2026-03-13 17:09:03.638 DEBUG recordType 5 b690d012-a76d-4b0d-a29a-913ecf4f4bf9 Processing reference: RecordTypeDefinition.defaultFiltersExpr
2026-03-13 17:09:03.638 DEBUG recordType 5 b690d012-a76d-4b0d-a29a-913ecf4f4bf9 Processing reference: RecordTypeDefinition.defaultSortInfoAsQueryInfos
2026-03-13 17:09:03.638 DEBUG recordType 5 b690d012-a76d-4b0d-a29a-913ecf4f4bf9 Processing reference: DetailViewCfg.headerExpr
2026-03-13 17:09:03.638 DEBUG recordType 5 b690d012-a76d-4b0d-a29a-913ecf4f4bf9 Processing reference: DetailViewCfg.nameExpr
2026-03-13 17:09:03.639 DEBUG recordType 5 b690d012-a76d-4b0d-a29a-913ecf4f4bf9 Processing reference: DetailViewCfg.uiExpr
2026-03-13 17:09:03.639 DEBUG recordType 5 b690d012-a76d-4b0d-a29a-913ecf4f4bf9 Processing reference: DetailViewCfg.visibilityExpr
2026-03-13 17:09:03.639 DEBUG recordType 5 b690d012-a76d-4b0d-a29a-913ecf4f4bf9 Processing reference: RecordTypeDefinition.facetsListExpr
2026-03-13 17:09:03.639 DEBUG recordType 5 b690d012-a76d-4b0d-a29a-913ecf4f4bf9 Processing reference: RecordTypeDefinition.listViewSrcExpr
2026-03-13 17:09:03.639 DEBUG recordType 5 b690d012-a76d-4b0d-a29a-913ecf4f4bf9 Processing reference: RecordTypeDefinition.listViewTemplateExpr
2026-03-13 17:09:03.667 DEBUG recordType 5 b690d012-a76d-4b0d-a29a-913ecf4f4bf9 Processing reference: com.appiancorp.record.entities.RecordSourceCfg@9a566ec5
2026-03-13 17:09:03.675 DEBUG recordType 5 b690d012-a76d-4b0d-a29a-913ecf4f4bf9 Processing reference: RecordSourceFieldCfg.customFieldExpr
2026-03-13 17:09:03.675 DEBUG recordType 5 b690d012-a76d-4b0d-a29a-913ecf4f4bf9 Processing reference: RecordSourceFieldCfg.recordFieldSecurityMembershipFilter
2026-03-13 17:09:03.676 DEBUG recordType 5 b690d012-a76d-4b0d-a29a-913ecf4f4bf9 Processing reference: RecordSourceFieldCfg.customFieldExpr
2026-03-13 17:09:03.676 DEBUG recordType 5 b690d012-a76d-4b0d-a29a-913ecf4f4bf9 Processing reference: RecordSourceFieldCfg.recordFieldSecurityMembershipFilter
2026-03-13 17:09:03.676 DEBUG recordType 5 b690d012-a76d-4b0d-a29a-913ecf4f4bf9 Processing reference: RecordSourceFieldCfg.customFieldExpr
2026-03-13 17:09:03.676 DEBUG recordType 5 b690d012-a76d-4b0d-a29a-913ecf4f4bf9 Processing reference: RecordSourceFieldCfg.recordFieldSecurityMembershipFilter
2026-03-13 17:09:03.676 DEBUG recordType 5 b690d012-a76d-4b0d-a29a-913ecf4f4bf9 Processing reference: RecordSourceFieldCfg.customFieldExpr
2026-03-13 17:09:03.676 DEBUG recordType 5 b690d012-a76d-4b0d-a29a-913ecf4f4bf9 Processing reference: RecordSourceFieldCfg.recordFieldSecurityMembershipFilter
2026-03-13 17:09:03.676 DEBUG recordType 5 b690d012-a76d-4b0d-a29a-913ecf4f4bf9 Processing reference: RecordSourceFieldCfg.customFieldExpr
2026-03-13 17:09:03.676 DEBUG recordType 5 b690d012-a76d-4b0d-a29a-913ecf4f4bf9 Processing reference: RecordSourceFieldCfg.recordFieldSecurityMembershipFilter
2026-03-13 17:09:03.678 DEBUG recordType 5 b690d012-a76d-4b0d-a29a-913ecf4f4bf9 Processing reference: RecordSourceCfg.sourceContextExpr
2026-03-13 17:09:03.678 DEBUG recordType 5 b690d012-a76d-4b0d-a29a-913ecf4f4bf9 Processing reference: RecordSourceCfg.sourceFilterExpr
2026-03-13 17:09:03.678 DEBUG recordType 5 b690d012-a76d-4b0d-a29a-913ecf4f4bf9 Processing reference: RecordRelationshipCfg.relationshipData
2026-03-13 17:09:03.679 DEBUG recordType 5 b690d012-a76d-4b0d-a29a-913ecf4f4bf9 Processing reference: RecordRelationshipCfg.sourceRecordTypeFieldUuid
2026-03-13 17:09:03.679 DEBUG recordType 5 b690d012-a76d-4b0d-a29a-913ecf4f4bf9 Processing reference: RecordRelationshipCfg.targetJoinFieldStoredForm
2026-03-13 17:09:03.679 DEBUG recordType 5 b690d012-a76d-4b0d-a29a-913ecf4f4bf9 Processing reference: RecordRelationshipCfg.targetRecordTypeRef
2026-03-13 17:09:03.683 DEBUG recordType 7 56e24fa4-b6b0-49e6-a8c4-99845ebcfe9d Begin transport.
2026-03-13 17:09:03.683 DEBUG recordType 7 56e24fa4-b6b0-49e6-a8c4-99845ebcfe9d Loop detected: [recordType:7, recordType:5]
2026-03-13 17:09:03.683 DEBUG recordType 7 Breaking loop [recordType:7, recordType:5]. recordType:5 will be transported with its reference to 7 nulled out and will require a second pass.
2026-03-13 17:09:03.684 DEBUG recordType 5 b690d012-a76d-4b0d-a29a-913ecf4f4bf9 Processing reference: RecordTypeSearchCfg.placeholder
2026-03-13 17:09:03.684 DEBUG recordType 5 b690d012-a76d-4b0d-a29a-913ecf4f4bf9 Processing reference: RecordTypeSearchCfg.searchFieldQueryInfos
2026-03-13 17:09:03.684 DEBUG recordType 5 b690d012-a76d-4b0d-a29a-913ecf4f4bf9 Processing reference: RecordTypeDefinition.recordViewSrcExpr
2026-03-13 17:09:03.684 DEBUG recordType 5 b690d012-a76d-4b0d-a29a-913ecf4f4bf9 Processing reference: RecordTypeDefinition.source
2026-03-13 17:09:03.684 DEBUG recordType 5 b690d012-a76d-4b0d-a29a-913ecf4f4bf9 Processing reference: RecordTypeDefinition.titleExpr
2026-03-13 17:09:03.685 DEBUG recordType 5 b690d012-a76d-4b0d-a29a-913ecf4f4bf9 Processing reference: Role[name=record_type_administrator,groupIds=[42]]
2026-03-13 17:09:03.687 DEBUG recordType 5 b690d012-a76d-4b0d-a29a-913ecf4f4bf9 Processing reference: Role[name=record_type_viewer,groupIds=[43]]
2026-03-13 17:09:03.689 DEBUG recordType 5 b690d012-a76d-4b0d-a29a-913ecf4f4bf9 Object transported with these references nulled out: [recordType:7]
2026-03-13 17:09:03.689 DEBUG recordType 7 56e24fa4-b6b0-49e6-a8c4-99845ebcfe9d Processing reference: FieldCfg.sourceRef
2026-03-13 17:09:03.692 DEBUG recordType 7 56e24fa4-b6b0-49e6-a8c4-99845ebcfe9d Processing reference: FieldCfg.visibilityExpr
2026-03-13 17:09:03.692 DEBUG recordType 7 56e24fa4-b6b0-49e6-a8c4-99845ebcfe9d Processing reference: FieldCfg.defaultOptionExpr
2026-03-13 17:09:03.692 DEBUG recordType 7 56e24fa4-b6b0-49e6-a8c4-99845ebcfe9d Processing reference: FieldCfg.facetLabelExpr
2026-03-13 17:09:03.693 DEBUG recordType 7 56e24fa4-b6b0-49e6-a8c4-99845ebcfe9d Processing reference: FieldCfg.relatedRecordFieldUuid
2026-03-13 17:09:03.695 DEBUG recordType 8 4319b3e4-ca07-43be-8557-19466417914e Begin transport.
2026-03-13 17:09:03.696 DEBUG recordType 8 4319b3e4-ca07-43be-8557-19466417914e Loop detected: [recordType:8, content:1702, recordType:7]
2026-03-13 17:09:03.696 DEBUG recordType 8 Breaking loop [recordType:8, content:1702, recordType:7]. recordType:7 will be transported with its reference to 8 nulled out and will require a second pass.
2026-03-13 17:09:03.696 DEBUG recordType 7 56e24fa4-b6b0-49e6-a8c4-99845ebcfe9d Processing reference: FieldCfg.sourceRef
2026-03-13 17:09:03.698 DEBUG recordType 8 4319b3e4-ca07-43be-8557-19466417914e Begin transport.
2026-03-13 17:09:03.698 DEBUG recordType 8 4319b3e4-ca07-43be-8557-19466417914e Loop detected: [recordType:8, content:1702, recordType:7]
2026-03-13 17:09:03.698 DEBUG recordType 8 Breaking loop [recordType:8, content:1702, recordType:7]. recordType:7 will be transported with its reference to 8 nulled out and will require a second pass.
2026-03-13 17:09:03.698 DEBUG recordType 7 56e24fa4-b6b0-49e6-a8c4-99845ebcfe9d Processing reference: FieldCfg.visibilityExpr
2026-03-13 17:09:03.698 DEBUG recordType 7 56e24fa4-b6b0-49e6-a8c4-99845ebcfe9d Processing reference: RecordTypeDefinition.listViewSrcExpr
2026-03-13 17:09:03.698 DEBUG recordType 7 56e24fa4-b6b0-49e6-a8c4-99845ebcfe9d Processing reference: RecordTypeDefinition.listViewTemplateExpr
2026-03-13 17:09:03.7 DEBUG recordType 7 56e24fa4-b6b0-49e6-a8c4-99845ebcfe9d Processing reference: com.appiancorp.record.entities.RecordSourceCfg@d9b4c3c6
2026-03-13 17:09:03.712 DEBUG content 1685 _a-0000ef40-8303-8000-9be5-011c48011c48_812938 Begin transport.
2026-03-13 17:09:03.712 DEBUG content 1685 _a-0000ef40-8303-8000-9be5-011c48011c48_812938 Retrieving object data.
2026-03-13 17:09:03.72 DEBUG content 1685 _a-0000ef40-8303-8000-9be5-011c48011c48_812938 Setting uuids of object references.
2026-03-13 17:09:03.72 DEBUG content 1685 _a-0000ef40-8303-8000-9be5-011c48011c48_812938 Processing reference: [Content:id=1685,versionId=-1,name=TDFD_GetMaintenance_Sync,type=32,subtype=1,uuid=_a-0000ef40-8303-8000-9be5-011c48011c48_812938,parent=1674]
2026-03-13 17:09:03.723 DEBUG content 1685 _a-0000ef40-8303-8000-9be5-011c48011c48_812938 Processing reference: FreeformRule.forum
2026-03-13 17:09:03.724 DEBUG content 1685 _a-0000ef40-8303-8000-9be5-011c48011c48_812938 Processing reference: TypedVariable[name=identifiers,it=101,v=<null>]
2026-03-13 17:09:03.724 DEBUG content 1685 _a-0000ef40-8303-8000-9be5-011c48011c48_812938 Processing reference: FreeformRule.parent
2026-03-13 17:09:03.727 DEBUG content 1685 _a-0000ef40-8303-8000-9be5-011c48011c48_812938 Processing reference: com.appiancorp.suiteapi.content.ContentRoleMap@9b09be6[
  ContentRole[name=readers,inherit=true,allowForAll=false]
  ContentRole[name=authors,inherit=true,allowForAll=false]
  ContentRole[name=administrators,inherit=true,allowForAll=false]
  ContentRole[name=denyReaders,inherit=false,allowForAll=false]
  ContentRole[name=denyAuthors,inherit=false,allowForAll=false]
  ContentRole[name=denyAdministrators,inherit=false,allowForAll=false]
  securityVector=15:SEC_PUBLIC=true,SEC_CREATOR_ADMIN=false,SEC_INH_ADMIN=true,SEC_INH_EDITOR=true,SEC_INH_VIEWER=true,SEC_ALL_ADMIN=false,SEC_ALL_EDITOR=false,SEC_ALL_VIEWER=false
]
2026-03-13 17:09:03.727 DEBUG content 1685 _a-0000ef40-8303-8000-9be5-011c48011c48_812938 Processing reference: ContentRole[name=readers,inherit=true,allowForAll=false]
2026-03-13 17:09:03.727 DEBUG content 1685 _a-0000ef40-8303-8000-9be5-011c48011c48_812938 Processing reference: ContentRole[name=authors,inherit=true,allowForAll=false]
2026-03-13 17:09:03.727 DEBUG content 1685 _a-0000ef40-8303-8000-9be5-011c48011c48_812938 Processing reference: ContentRole[name=administrators,inherit=true,allowForAll=false]
2026-03-13 17:09:03.727 DEBUG content 1685 _a-0000ef40-8303-8000-9be5-011c48011c48_812938 Processing reference: ContentRole[name=denyReaders,inherit=false,allowForAll=false]
2026-03-13 17:09:03.727 DEBUG content 1685 _a-0000ef40-8303-8000-9be5-011c48011c48_812938 Processing reference: ContentRole[name=denyAuthors,inherit=false,allowForAll=false]
2026-03-13 17:09:03.727 DEBUG content 1685 _a-0000ef40-8303-8000-9be5-011c48011c48_812938 Processing reference: ContentRole[name=denyAdministrators,inherit=false,allowForAll=false]
2026-03-13 17:09:03.727 DEBUG content 1685 _a-0000ef40-8303-8000-9be5-011c48011c48_812938 Exporting binary resources.
2026-03-13 17:09:03.727 DEBUG content 1685 _a-0000ef40-8303-8000-9be5-011c48011c48_812938 Serializing object to XML.
2026-03-13 17:09:03.73 DEBUG content 1685 _a-0000ef40-8303-8000-9be5-011c48011c48_812938 Object transported.
2026-03-13 17:09:03.73 DEBUG recordType 7 56e24fa4-b6b0-49e6-a8c4-99845ebcfe9d Processing reference: RecordSourceFieldCfg.customFieldExpr
2026-03-13 17:09:03.73 DEBUG recordType 7 56e24fa4-b6b0-49e6-a8c4-99845ebcfe9d Processing reference: RecordSourceFieldCfg.recordFieldSecurityMembershipFilter
2026-03-13 17:09:03.73 DEBUG recordType 7 56e24fa4-b6b0-49e6-a8c4-99845ebcfe9d Processing reference: RecordSourceFieldCfg.customFieldExpr
2026-03-13 17:09:03.73 DEBUG recordType 7 56e24fa4-b6b0-49e6-a8c4-99845ebcfe9d Processing reference: RecordSourceFieldCfg.recordFieldSecurityMembershipFilter
2026-03-13 17:09:03.73 DEBUG recordType 7 56e24fa4-b6b0-49e6-a8c4-99845ebcfe9d Processing reference: RecordSourceFieldCfg.customFieldExpr
2026-03-13 17:09:03.73 DEBUG recordType 7 56e24fa4-b6b0-49e6-a8c4-99845ebcfe9d Processing reference: RecordSourceFieldCfg.recordFieldSecurityMembershipFilter
2026-03-13 17:09:03.73 DEBUG recordType 7 56e24fa4-b6b0-49e6-a8c4-99845ebcfe9d Processing reference: RecordSourceFieldCfg.customFieldExpr
2026-03-13 17:09:03.73 DEBUG recordType 7 56e24fa4-b6b0-49e6-a8c4-99845ebcfe9d Processing reference: RecordSourceFieldCfg.recordFieldSecurityMembershipFilter
2026-03-13 17:09:03.73 DEBUG recordType 7 56e24fa4-b6b0-49e6-a8c4-99845ebcfe9d Processing reference: RecordSourceFieldCfg.customFieldExpr
2026-03-13 17:09:03.73 DEBUG recordType 7 56e24fa4-b6b0-49e6-a8c4-99845ebcfe9d Processing reference: RecordSourceFieldCfg.recordFieldSecurityMembershipFilter
2026-03-13 17:09:03.731 DEBUG recordType 7 56e24fa4-b6b0-49e6-a8c4-99845ebcfe9d Processing reference: RecordSourceFieldCfg.customFieldExpr
2026-03-13 17:09:03.731 DEBUG recordType 7 56e24fa4-b6b0-49e6-a8c4-99845ebcfe9d Processing reference: RecordSourceFieldCfg.recordFieldSecurityMembershipFilter
2026-03-13 17:09:03.731 DEBUG recordType 7 56e24fa4-b6b0-49e6-a8c4-99845ebcfe9d Processing reference: RecordSourceFieldCfg.customFieldExpr
2026-03-13 17:09:03.732 DEBUG recordType 7 56e24fa4-b6b0-49e6-a8c4-99845ebcfe9d Processing reference: RecordSourceFieldCfg.recordFieldSecurityMembershipFilter
2026-03-13 17:09:03.732 DEBUG recordType 7 56e24fa4-b6b0-49e6-a8c4-99845ebcfe9d Processing reference: RecordSourceFieldCfg.customFieldExpr
2026-03-13 17:09:03.732 DEBUG recordType 7 56e24fa4-b6b0-49e6-a8c4-99845ebcfe9d Processing reference: RecordSourceFieldCfg.recordFieldSecurityMembershipFilter
2026-03-13 17:09:03.732 DEBUG recordType 7 56e24fa4-b6b0-49e6-a8c4-99845ebcfe9d Processing reference: RecordSourceFieldCfg.customFieldExpr
2026-03-13 17:09:03.732 DEBUG recordType 7 56e24fa4-b6b0-49e6-a8c4-99845ebcfe9d Processing reference: RecordSourceFieldCfg.recordFieldSecurityMembershipFilter
2026-03-13 17:09:03.732 DEBUG recordType 7 56e24fa4-b6b0-49e6-a8c4-99845ebcfe9d Processing reference: RecordSourceCfg.sourceContextExpr
2026-03-13 17:09:03.732 DEBUG recordType 7 56e24fa4-b6b0-49e6-a8c4-99845ebcfe9d Processing reference: RecordSourceCfg.sourceFilterExpr
2026-03-13 17:09:03.733 DEBUG recordType 7 56e24fa4-b6b0-49e6-a8c4-99845ebcfe9d Processing reference: RecordTypeListActionSecurityCfg.dataFilter
2026-03-13 17:09:03.733 DEBUG recordType 7 56e24fa4-b6b0-49e6-a8c4-99845ebcfe9d Processing reference: RecordTypeListActionSecurityCfg.membershipFilter
2026-03-13 17:09:03.734 DEBUG recordType 7 56e24fa4-b6b0-49e6-a8c4-99845ebcfe9d Processing reference: RecordListActionCfg.target
2026-03-13 17:09:03.737 DEBUG processModel 150 0002ef48-89c2-8000-224e-7f0000014e7a Begin transport.
2026-03-13 17:09:03.737 DEBUG processModel 150 0002ef48-89c2-8000-224e-7f0000014e7a Retrieving object data.
2026-03-13 17:09:03.88 DEBUG processModel 150 0002ef48-89c2-8000-224e-7f0000014e7a Setting uuids of object references.
2026-03-13 17:09:03.881 DEBUG processModel 150 0002ef48-89c2-8000-224e-7f0000014e7a Processing reference: ProcessModelHaul.folderId
2026-03-13 17:09:03.882 DEBUG processModelFolder 7 23025fd3-9923-44dc-afa2-2b4faa6e9a2a Begin transport.
2026-03-13 17:09:03.882 DEBUG processModelFolder 7 23025fd3-9923-44dc-afa2-2b4faa6e9a2a Retrieving object data.
2026-03-13 17:09:03.889 DEBUG processModelFolder 7 23025fd3-9923-44dc-afa2-2b4faa6e9a2a Setting uuids of object references.
2026-03-13 17:09:03.889 DEBUG processModelFolder 7 23025fd3-9923-44dc-afa2-2b4faa6e9a2a Processing reference: ProcessModelFolder.parentFolderId
2026-03-13 17:09:03.89 DEBUG processModelFolder 7 23025fd3-9923-44dc-afa2-2b4faa6e9a2a Processing reference: com.appiancorp.suiteapi.process.ProcessRoleMap@36395ade[
  Role[name=ADMIN_OWNER,groupIds=[42]]
  Role[name=EDITOR]
  Role[name=EXPLICIT_NONMEMBER]
  Role[name=VIEWER,groupIds=[43]]
  Role[name=MANAGER]
  Role[name=INITIATOR]
]
2026-03-13 17:09:03.89 DEBUG processModelFolder 7 23025fd3-9923-44dc-afa2-2b4faa6e9a2a Processing reference: Role[name=ADMIN_OWNER,groupIds=[42]]
2026-03-13 17:09:03.892 DEBUG processModelFolder 7 23025fd3-9923-44dc-afa2-2b4faa6e9a2a Processing reference: Role[name=EDITOR]
2026-03-13 17:09:03.892 DEBUG processModelFolder 7 23025fd3-9923-44dc-afa2-2b4faa6e9a2a Processing reference: Role[name=EXPLICIT_NONMEMBER]
2026-03-13 17:09:03.892 DEBUG processModelFolder 7 23025fd3-9923-44dc-afa2-2b4faa6e9a2a Processing reference: Role[name=VIEWER,groupIds=[43]]
2026-03-13 17:09:03.893 DEBUG processModelFolder 7 23025fd3-9923-44dc-afa2-2b4faa6e9a2a Processing reference: Role[name=MANAGER]
2026-03-13 17:09:03.893 DEBUG processModelFolder 7 23025fd3-9923-44dc-afa2-2b4faa6e9a2a Processing reference: Role[name=INITIATOR]
2026-03-13 17:09:03.893 DEBUG processModelFolder 7 23025fd3-9923-44dc-afa2-2b4faa6e9a2a Exporting binary resources.
2026-03-13 17:09:03.893 DEBUG processModelFolder 7 23025fd3-9923-44dc-afa2-2b4faa6e9a2a Serializing object to XML.
2026-03-13 17:09:03.894 DEBUG processModelFolder 7 23025fd3-9923-44dc-afa2-2b4faa6e9a2a Object transported.
2026-03-13 17:09:03.894 DEBUG processModel 150 0002ef48-89c2-8000-224e-7f0000014e7a Processing reference: ProcessModelHaul.modelDashboardPageId
2026-03-13 17:09:03.894 DEBUG processModel 150 0002ef48-89c2-8000-224e-7f0000014e7a Processing reference: ProcessModelHaul.processDashboardPageId
2026-03-13 17:09:03.894 DEBUG processModel 150 0002ef48-89c2-8000-224e-7f0000014e7a Processing reference: ProcessModel.emailAttachmentFolderId
2026-03-13 17:09:03.896 DEBUG processModel 150 0002ef48-89c2-8000-224e-7f0000014e7a Processing reference: 4096 42
2026-03-13 17:09:03.898 DEBUG processModel 150 0002ef48-89c2-8000-224e-7f0000014e7a Processing reference: ActivityClass.localId
2026-03-13 17:09:03.898 DEBUG processModel 150 0002ef48-89c2-8000-224e-7f0000014e7a Processing reference: ActivityClass.localId
2026-03-13 17:09:03.898 DEBUG processModel 150 0002ef48-89c2-8000-224e-7f0000014e7a Processing reference: ActivityClassParameter[name=defaultNode,it=1,v=3]
2026-03-13 17:09:03.898 DEBUG processModel 150 0002ef48-89c2-8000-224e-7f0000014e7a Processing reference: ActivityClassParameter[name=rules,it=111,v={ActivityClassParameter[name=rule,it=11,v={ActivityClassParameter[name=expression,it=26,v=<null>],ActivityClassParameter[name=node,it=1,v=1],ActivityClassParameter[name=label,it=3,v=Yes]}]}]
2026-03-13 17:09:03.899 DEBUG processModel 150 0002ef48-89c2-8000-224e-7f0000014e7a Processing reference: ActivityClassParameter[name=fired,it=1,v=0]
2026-03-13 17:09:03.899 DEBUG processModel 150 0002ef48-89c2-8000-224e-7f0000014e7a Processing reference: ActivityClassParameter[name=arrivedNodes,it=101,v=<null>]
2026-03-13 17:09:03.899 DEBUG processModel 150 0002ef48-89c2-8000-224e-7f0000014e7a Processing reference: ActivityClassParameter[name=vehicleId,it=1,v=<null>]
2026-03-13 17:09:03.899 DEBUG processModel 150 0002ef48-89c2-8000-224e-7f0000014e7a Processing reference: ActivityClassParameter[name=technician,it=3,v=]
2026-03-13 17:09:03.899 DEBUG processModel 150 0002ef48-89c2-8000-224e-7f0000014e7a Processing reference: ActivityClassParameter[name=maintenanceTypeId,it=1,v=<null>]
2026-03-13 17:09:03.899 DEBUG processModel 150 0002ef48-89c2-8000-224e-7f0000014e7a Processing reference: ActivityClass.localId
2026-03-13 17:09:03.899 DEBUG processModel 150 0002ef48-89c2-8000-224e-7f0000014e7a Processing reference: ActivityClassParameter[name=Integration,it=250,v=1686]
2026-03-13 17:09:03.905 DEBUG content 1686 ce45af1d-92fd-4eaf-8406-d52dfe919375 Begin transport.
2026-03-13 17:09:03.905 DEBUG content 1686 ce45af1d-92fd-4eaf-8406-d52dfe919375 Retrieving object data.
2026-03-13 17:09:03.916 DEBUG content 1686 ce45af1d-92fd-4eaf-8406-d52dfe919375 Setting uuids of object references.
2026-03-13 17:09:03.916 DEBUG content 1686 ce45af1d-92fd-4eaf-8406-d52dfe919375 Processing reference: [Content:id=1686,versionId=-1,name=TDFD_startMaintenance,type=32,subtype=5,uuid=ce45af1d-92fd-4eaf-8406-d52dfe919375,parent=1674]
2026-03-13 17:09:03.92 DEBUG content 1686 ce45af1d-92fd-4eaf-8406-d52dfe919375 Processing reference: OutboundIntegration.forum
2026-03-13 17:09:03.921 DEBUG content 1686 ce45af1d-92fd-4eaf-8406-d52dfe919375 Processing reference: OutboundIntegration.integrationOutputsAsTypedValue
2026-03-13 17:09:03.921 DEBUG content 1686 ce45af1d-92fd-4eaf-8406-d52dfe919375 Processing reference: TypedVariable[name=vehicleId,it=1,v=<null>]
2026-03-13 17:09:03.921 DEBUG content 1686 ce45af1d-92fd-4eaf-8406-d52dfe919375 Processing reference: TypedVariable[name=technician,it=3,v=]
2026-03-13 17:09:03.921 DEBUG content 1686 ce45af1d-92fd-4eaf-8406-d52dfe919375 Processing reference: TypedVariable[name=maintenanceTypeId,it=1,v=<null>]
2026-03-13 17:09:03.921 DEBUG content 1686 ce45af1d-92fd-4eaf-8406-d52dfe919375 Processing reference: TypedVariable[name=notesOpen,it=3,v=]
2026-03-13 17:09:03.921 DEBUG content 1686 ce45af1d-92fd-4eaf-8406-d52dfe919375 Processing reference: TypedVariable[name=onSuccess,it=97,v=<null>]
2026-03-13 17:09:03.921 DEBUG content 1686 ce45af1d-92fd-4eaf-8406-d52dfe919375 Processing reference: TypedVariable[name=onError,it=97,v=<null>]
2026-03-13 17:09:03.921 DEBUG content 1686 ce45af1d-92fd-4eaf-8406-d52dfe919375 Processing reference: OutboundIntegration.parent
2026-03-13 17:09:03.924 DEBUG content 1686 ce45af1d-92fd-4eaf-8406-d52dfe919375 Processing reference: com.appiancorp.suiteapi.content.ContentRoleMap@496c726c[
  ContentRole[name=readers,inherit=true,allowForAll=false]
  ContentRole[name=authors,inherit=true,allowForAll=false]
  ContentRole[name=administrators,inherit=true,allowForAll=false]
  ContentRole[name=denyReaders,inherit=false,allowForAll=false]
  ContentRole[name=denyAuthors,inherit=false,allowForAll=false]
  ContentRole[name=denyAdministrators,inherit=false,allowForAll=false]
  securityVector=15:SEC_PUBLIC=true,SEC_CREATOR_ADMIN=false,SEC_INH_ADMIN=true,SEC_INH_EDITOR=true,SEC_INH_VIEWER=true,SEC_ALL_ADMIN=false,SEC_ALL_EDITOR=false,SEC_ALL_VIEWER=false
]
2026-03-13 17:09:03.924 DEBUG content 1686 ce45af1d-92fd-4eaf-8406-d52dfe919375 Processing reference: ContentRole[name=readers,inherit=true,allowForAll=false]
2026-03-13 17:09:03.924 DEBUG content 1686 ce45af1d-92fd-4eaf-8406-d52dfe919375 Processing reference: ContentRole[name=authors,inherit=true,allowForAll=false]
2026-03-13 17:09:03.924 DEBUG content 1686 ce45af1d-92fd-4eaf-8406-d52dfe919375 Processing reference: ContentRole[name=administrators,inherit=true,allowForAll=false]
2026-03-13 17:09:03.924 DEBUG content 1686 ce45af1d-92fd-4eaf-8406-d52dfe919375 Processing reference: ContentRole[name=denyReaders,inherit=false,allowForAll=false]
2026-03-13 17:09:03.924 DEBUG content 1686 ce45af1d-92fd-4eaf-8406-d52dfe919375 Processing reference: ContentRole[name=denyAuthors,inherit=false,allowForAll=false]
2026-03-13 17:09:03.924 DEBUG content 1686 ce45af1d-92fd-4eaf-8406-d52dfe919375 Processing reference: ContentRole[name=denyAdministrators,inherit=false,allowForAll=false]
2026-03-13 17:09:03.926 DEBUG content 1686 ce45af1d-92fd-4eaf-8406-d52dfe919375 Exporting binary resources.
2026-03-13 17:09:03.926 DEBUG content 1686 ce45af1d-92fd-4eaf-8406-d52dfe919375 Serializing object to XML.
2026-03-13 17:09:03.947 DEBUG content 1686 ce45af1d-92fd-4eaf-8406-d52dfe919375 Object transported.
2026-03-13 17:09:03.95 DEBUG processModel 150 0002ef48-89c2-8000-224e-7f0000014e7a Processing reference: ActivityClassParameter[name=Success,it=26,v=<null>]
2026-03-13 17:09:03.95 DEBUG processModel 150 0002ef48-89c2-8000-224e-7f0000014e7a Processing reference: ActivityClassParameter[name=Result,it=2888,v=<null>]
2026-03-13 17:09:03.95 DEBUG processModel 150 0002ef48-89c2-8000-224e-7f0000014e7a Processing reference: ActivityClassParameter[name=Error,it=2936,v=<null>]
2026-03-13 17:09:03.95 DEBUG processModel 150 0002ef48-89c2-8000-224e-7f0000014e7a Processing reference: ActivityClassParameter[name=ConnectedSystem,it=256,v=<null>]
2026-03-13 17:09:03.951 DEBUG processModel 150 0002ef48-89c2-8000-224e-7f0000014e7a Processing reference: ActivityClass.localId
2026-03-13 17:09:03.951 DEBUG processModel 150 0002ef48-89c2-8000-224e-7f0000014e7a Processing reference: ActivityClassParameter[name=pmID,it=23,v=<null>]
2026-03-13 17:09:03.952 DEBUG processModel 150 0002ef48-89c2-8000-224e-7f0000014e7a Processing reference: ActivityClassParameter[name=inMap,it=111,v={}]
2026-03-13 17:09:03.952 DEBUG processModel 150 0002ef48-89c2-8000-224e-7f0000014e7a Processing reference: ActivityClassParameter[name=procInheritsPriority,it=1,v=1]
2026-03-13 17:09:03.952 DEBUG processModel 150 0002ef48-89c2-8000-224e-7f0000014e7a Processing reference: ActivityClassParameter[name=pmUUID,it=3,v=]
2026-03-13 17:09:03.952 DEBUG processModel 150 0002ef48-89c2-8000-224e-7f0000014e7a Processing reference: ActivityClassParameter[name=isAsynchronous,it=26,v=1]
2026-03-13 17:09:03.952 DEBUG processModel 150 0002ef48-89c2-8000-224e-7f0000014e7a Processing reference: ActivityClassParameter[name=isTransparent,it=26,v=1]
2026-03-13 17:09:03.952 DEBUG processModel 150 0002ef48-89c2-8000-224e-7f0000014e7a Processing reference: ActivityClassParameter[name=inheritSecurity,it=26,v=0]
2026-03-13 17:09:03.955 DEBUG processModel 150 0002ef48-89c2-8000-224e-7f0000014e7a Processing reference: ActivityClass.localId
2026-03-13 17:09:03.955 DEBUG processModel 150 0002ef48-89c2-8000-224e-7f0000014e7a Processing reference: ActivityClassParameter[name=RecordType,it=272,v=]
2026-03-13 17:09:03.955 DEBUG processModel 150 0002ef48-89c2-8000-224e-7f0000014e7a Processing reference: ActivityClassParameter[name=Identifiers,it=97,v=TypedValue[it=97,v=<null>]]
2026-03-13 17:09:03.957 DEBUG processModel 150 0002ef48-89c2-8000-224e-7f0000014e7a Processing reference: ActivityClassParameter[name=RecordsUpdated,it=97,v=TypedValue[it=97,v=<null>]]
2026-03-13 17:09:03.957 DEBUG processModel 150 0002ef48-89c2-8000-224e-7f0000014e7a Processing reference: ActivityClassParameter[name=QueryError,it=3,v=]
2026-03-13 17:09:03.958 DEBUG processModel 150 0002ef48-89c2-8000-224e-7f0000014e7a Processing reference: ActivityClass.localId
2026-03-13 17:09:03.958 DEBUG processModel 150 0002ef48-89c2-8000-224e-7f0000014e7a Processing reference: ActivityClassParameter[name=RecordType,it=272,v=]
2026-03-13 17:09:03.958 DEBUG processModel 150 0002ef48-89c2-8000-224e-7f0000014e7a Processing reference: ActivityClassParameter[name=Identifiers,it=97,v=TypedValue[it=97,v=<null>]]
2026-03-13 17:09:03.958 DEBUG processModel 150 0002ef48-89c2-8000-224e-7f0000014e7a Processing reference: ActivityClassParameter[name=RecordsUpdated,it=97,v=TypedValue[it=97,v=<null>]]
2026-03-13 17:09:03.961 DEBUG processModel 150 0002ef48-89c2-8000-224e-7f0000014e7a Processing reference: ActivityClassParameter[name=QueryError,it=3,v=]
2026-03-13 17:09:03.961 DEBUG processModel 150 0002ef48-89c2-8000-224e-7f0000014e7a Processing reference: ProcessVariable[name=cancel,it=26,v=<null>]
2026-03-13 17:09:03.961 DEBUG processModel 150 0002ef48-89c2-8000-224e-7f0000014e7a Processing reference: ProcessVariable[name=maintenanceId,it=1,v=0]
2026-03-13 17:09:03.961 DEBUG processModel 150 0002ef48-89c2-8000-224e-7f0000014e7a Processing reference: ProcessVariable[name=maintenanceTypeId,it=1,v=0]
2026-03-13 17:09:03.962 DEBUG processModel 150 0002ef48-89c2-8000-224e-7f0000014e7a Processing reference: ProcessVariable[name=technican,it=4,v=]
2026-03-13 17:09:03.962 DEBUG processModel 150 0002ef48-89c2-8000-224e-7f0000014e7a Processing reference: ProcessVariable[name=vehicleId,it=1,v=0]
2026-03-13 17:09:03.962 DEBUG processModel 150 0002ef48-89c2-8000-224e-7f0000014e7a Processing reference: com.appiancorp.suiteapi.process.ProcessRoleMap@e98dae6[
  Role[name=ADMIN_OWNER,groupIds=[42]]
  Role[name=EDITOR]
  Role[name=EXPLICIT_NONMEMBER]
  Role[name=VIEWER,groupIds=[43]]
  Role[name=MANAGER]
  Role[name=INITIATOR]
]
2026-03-13 17:09:03.962 DEBUG processModel 150 0002ef48-89c2-8000-224e-7f0000014e7a Processing reference: Role[name=ADMIN_OWNER,groupIds=[42]]
2026-03-13 17:09:03.967 DEBUG processModel 150 0002ef48-89c2-8000-224e-7f0000014e7a Processing reference: Role[name=EDITOR]
2026-03-13 17:09:03.967 DEBUG processModel 150 0002ef48-89c2-8000-224e-7f0000014e7a Processing reference: Role[name=EXPLICIT_NONMEMBER]
2026-03-13 17:09:03.967 DEBUG processModel 150 0002ef48-89c2-8000-224e-7f0000014e7a Processing reference: Role[name=VIEWER,groupIds=[43]]
2026-03-13 17:09:03.971 DEBUG processModel 150 0002ef48-89c2-8000-224e-7f0000014e7a Processing reference: Role[name=MANAGER]
2026-03-13 17:09:03.971 DEBUG processModel 150 0002ef48-89c2-8000-224e-7f0000014e7a Processing reference: Role[name=INITIATOR]
2026-03-13 17:09:03.976 DEBUG content 1687 _a-0000ef40-8303-8000-9be5-011c48011c48_815282 Begin transport.
2026-03-13 17:09:03.976 DEBUG content 1687 _a-0000ef40-8303-8000-9be5-011c48011c48_815282 Retrieving object data.
2026-03-13 17:09:03.989 DEBUG content 1687 _a-0000ef40-8303-8000-9be5-011c48011c48_815282 Setting uuids of object references.
2026-03-13 17:09:03.989 DEBUG content 1687 _a-0000ef40-8303-8000-9be5-011c48011c48_815282 Processing reference: [Content:id=1687,versionId=-1,name=TDFD_FORM_startVehicleMaintenance,type=32,subtype=6,uuid=_a-0000ef40-8303-8000-9be5-011c48011c48_815282,parent=1674]
2026-03-13 17:09:04.009 DEBUG content 1687 _a-0000ef40-8303-8000-9be5-011c48011c48_815282 Processing reference: Interface.forum
2026-03-13 17:09:04.01 DEBUG content 1687 _a-0000ef40-8303-8000-9be5-011c48011c48_815282 Processing reference: TypedVariable[name=cancel,it=26,v=<null>]
2026-03-13 17:09:04.01 DEBUG content 1687 _a-0000ef40-8303-8000-9be5-011c48011c48_815282 Processing reference: TypedVariable[name=vehicleId,it=1,v=<null>]
2026-03-13 17:09:04.01 DEBUG content 1687 _a-0000ef40-8303-8000-9be5-011c48011c48_815282 Processing reference: TypedVariable[name=maintenanceTypeId,it=1,v=<null>]
2026-03-13 17:09:04.01 DEBUG content 1687 _a-0000ef40-8303-8000-9be5-011c48011c48_815282 Processing reference: TypedVariable[name=technican,it=4,v=]
2026-03-13 17:09:04.01 DEBUG content 1687 _a-0000ef40-8303-8000-9be5-011c48011c48_815282 Processing reference: Interface.parent
2026-03-13 17:09:04.017 DEBUG content 1687 _a-0000ef40-8303-8000-9be5-011c48011c48_815282 Processing reference: com.appiancorp.suiteapi.content.ContentRoleMap@716d1cd4[
  ContentRole[name=readers,inherit=true,allowForAll=false]
  ContentRole[name=authors,inherit=true,allowForAll=false]
  ContentRole[name=administrators,inherit=true,allowForAll=false]
  ContentRole[name=denyReaders,inherit=false,allowForAll=false]
  ContentRole[name=denyAuthors,inherit=false,allowForAll=false]
  ContentRole[name=denyAdministrators,inherit=false,allowForAll=false]
  securityVector=15:SEC_PUBLIC=true,SEC_CREATOR_ADMIN=false,SEC_INH_ADMIN=true,SEC_INH_EDITOR=true,SEC_INH_VIEWER=true,SEC_ALL_ADMIN=false,SEC_ALL_EDITOR=false,SEC_ALL_VIEWER=false
]
2026-03-13 17:09:04.017 DEBUG content 1687 _a-0000ef40-8303-8000-9be5-011c48011c48_815282 Processing reference: ContentRole[name=readers,inherit=true,allowForAll=false]
2026-03-13 17:09:04.017 DEBUG content 1687 _a-0000ef40-8303-8000-9be5-011c48011c48_815282 Processing reference: ContentRole[name=authors,inherit=true,allowForAll=false]
2026-03-13 17:09:04.017 DEBUG content 1687 _a-0000ef40-8303-8000-9be5-011c48011c48_815282 Processing reference: ContentRole[name=administrators,inherit=true,allowForAll=false]
2026-03-13 17:09:04.017 DEBUG content 1687 _a-0000ef40-8303-8000-9be5-011c48011c48_815282 Processing reference: ContentRole[name=denyReaders,inherit=false,allowForAll=false]
2026-03-13 17:09:04.017 DEBUG content 1687 _a-0000ef40-8303-8000-9be5-011c48011c48_815282 Processing reference: ContentRole[name=denyAuthors,inherit=false,allowForAll=false]
2026-03-13 17:09:04.017 DEBUG content 1687 _a-0000ef40-8303-8000-9be5-011c48011c48_815282 Processing reference: ContentRole[name=denyAdministrators,inherit=false,allowForAll=false]
2026-03-13 17:09:04.02 DEBUG content 1687 _a-0000ef40-8303-8000-9be5-011c48011c48_815282 Exporting binary resources.
2026-03-13 17:09:04.02 DEBUG content 1687 _a-0000ef40-8303-8000-9be5-011c48011c48_815282 Serializing object to XML.
2026-03-13 17:09:04.025 DEBUG content 1687 _a-0000ef40-8303-8000-9be5-011c48011c48_815282 Object transported.
2026-03-13 17:09:04.042 DEBUG recordType 8 4319b3e4-ca07-43be-8557-19466417914e Begin transport.
2026-03-13 17:09:04.042 DEBUG recordType 8 4319b3e4-ca07-43be-8557-19466417914e Loop detected: [recordType:8, content:1702, recordType:7, processModel:150]
2026-03-13 17:09:04.042 DEBUG recordType 8 Breaking loop [recordType:8, content:1702, recordType:7, processModel:150]. processModel:150 will be transported with its reference to 8 nulled out and will require a second pass.
2026-03-13 17:09:04.049 DEBUG recordType 7 56e24fa4-b6b0-49e6-a8c4-99845ebcfe9d Begin transport.
2026-03-13 17:09:04.049 DEBUG recordType 7 56e24fa4-b6b0-49e6-a8c4-99845ebcfe9d Loop detected: [recordType:7, processModel:150]
2026-03-13 17:09:04.049 DEBUG recordType 7 Breaking loop [recordType:7, processModel:150]. processModel:150 will be transported with its reference to 7 nulled out and will require a second pass.
2026-03-13 17:09:04.051 DEBUG processModel 150 0002ef48-89c2-8000-224e-7f0000014e7a Object transported with these references nulled out: [recordType:8, recordType:7]
2026-03-13 17:09:04.052 DEBUG recordType 7 56e24fa4-b6b0-49e6-a8c4-99845ebcfe9d Processing reference: RecordListActionCfg.visibilityExpr
2026-03-13 17:09:04.055 DEBUG recordType 7 56e24fa4-b6b0-49e6-a8c4-99845ebcfe9d Processing reference: RecordRelationshipCfg.relationshipData
2026-03-13 17:09:04.055 DEBUG recordType 7 56e24fa4-b6b0-49e6-a8c4-99845ebcfe9d Processing reference: RecordRelationshipCfg.sourceRecordTypeFieldUuid
2026-03-13 17:09:04.055 DEBUG recordType 7 56e24fa4-b6b0-49e6-a8c4-99845ebcfe9d Processing reference: RecordRelationshipCfg.targetJoinFieldStoredForm
2026-03-13 17:09:04.055 DEBUG recordType 7 56e24fa4-b6b0-49e6-a8c4-99845ebcfe9d Processing reference: RecordRelationshipCfg.targetRecordTypeRef
2026-03-13 17:09:04.06 DEBUG recordType 7 56e24fa4-b6b0-49e6-a8c4-99845ebcfe9d Processing reference: RecordRelationshipCfg.relationshipData
2026-03-13 17:09:04.06 DEBUG recordType 7 56e24fa4-b6b0-49e6-a8c4-99845ebcfe9d Processing reference: RecordRelationshipCfg.sourceRecordTypeFieldUuid
2026-03-13 17:09:04.06 DEBUG recordType 7 56e24fa4-b6b0-49e6-a8c4-99845ebcfe9d Processing reference: RecordRelationshipCfg.targetJoinFieldStoredForm
2026-03-13 17:09:04.06 DEBUG recordType 7 56e24fa4-b6b0-49e6-a8c4-99845ebcfe9d Processing reference: RecordRelationshipCfg.targetRecordTypeRef
2026-03-13 17:09:04.065 DEBUG recordType 8 4319b3e4-ca07-43be-8557-19466417914e Begin transport.
2026-03-13 17:09:04.065 DEBUG recordType 8 4319b3e4-ca07-43be-8557-19466417914e Loop detected: [recordType:8, content:1702, recordType:7]
2026-03-13 17:09:04.065 DEBUG recordType 8 Breaking loop [recordType:8, content:1702, recordType:7]. recordType:7 will be transported with its reference to 8 nulled out and will require a second pass.
2026-03-13 17:09:04.065 DEBUG recordType 7 56e24fa4-b6b0-49e6-a8c4-99845ebcfe9d Processing reference: RecordRelationshipCfg.relationshipData
2026-03-13 17:09:04.066 DEBUG recordType 7 56e24fa4-b6b0-49e6-a8c4-99845ebcfe9d Processing reference: RecordRelationshipCfg.sourceRecordTypeFieldUuid
2026-03-13 17:09:04.066 DEBUG recordType 7 56e24fa4-b6b0-49e6-a8c4-99845ebcfe9d Processing reference: RecordRelationshipCfg.targetJoinFieldStoredForm
2026-03-13 17:09:04.066 DEBUG recordType 7 56e24fa4-b6b0-49e6-a8c4-99845ebcfe9d Processing reference: RecordRelationshipCfg.targetRecordTypeRef
2026-03-13 17:09:04.074 DEBUG recordType 7 56e24fa4-b6b0-49e6-a8c4-99845ebcfe9d Processing reference: RecordRelationshipCfg.relationshipData
2026-03-13 17:09:04.074 DEBUG recordType 7 56e24fa4-b6b0-49e6-a8c4-99845ebcfe9d Processing reference: RecordRelationshipCfg.sourceRecordTypeFieldUuid
2026-03-13 17:09:04.074 DEBUG recordType 7 56e24fa4-b6b0-49e6-a8c4-99845ebcfe9d Processing reference: RecordRelationshipCfg.targetJoinFieldStoredForm
2026-03-13 17:09:04.074 DEBUG recordType 7 56e24fa4-b6b0-49e6-a8c4-99845ebcfe9d Processing reference: RecordRelationshipCfg.targetRecordTypeRef
2026-03-13 17:09:04.078 DEBUG recordType 6 b565bcfe-6418-4fd8-b862-3d6b1d6c1fa2 Begin transport.
2026-03-13 17:09:04.078 DEBUG recordType 6 b565bcfe-6418-4fd8-b862-3d6b1d6c1fa2 Retrieving object data.
2026-03-13 17:09:04.186 DEBUG recordType 6 b565bcfe-6418-4fd8-b862-3d6b1d6c1fa2 Setting uuids of object references.
2026-03-13 17:09:04.186 DEBUG recordType 6 b565bcfe-6418-4fd8-b862-3d6b1d6c1fa2 Processing reference: RecordTypeDefinition.dataSrcExpr
2026-03-13 17:09:04.186 DEBUG recordType 6 b565bcfe-6418-4fd8-b862-3d6b1d6c1fa2 Processing reference: RecordTypeDefinition.defaultFilters
2026-03-13 17:09:04.186 DEBUG recordType 6 b565bcfe-6418-4fd8-b862-3d6b1d6c1fa2 Processing reference: RecordTypeDefinition.defaultFiltersExpr
2026-03-13 17:09:04.186 DEBUG recordType 6 b565bcfe-6418-4fd8-b862-3d6b1d6c1fa2 Processing reference: RecordTypeDefinition.defaultSortInfoAsQueryInfos
2026-03-13 17:09:04.186 DEBUG recordType 6 b565bcfe-6418-4fd8-b862-3d6b1d6c1fa2 Processing reference: DetailViewCfg.headerExpr
2026-03-13 17:09:04.186 DEBUG recordType 6 b565bcfe-6418-4fd8-b862-3d6b1d6c1fa2 Processing reference: DetailViewCfg.nameExpr
2026-03-13 17:09:04.186 DEBUG recordType 6 b565bcfe-6418-4fd8-b862-3d6b1d6c1fa2 Processing reference: DetailViewCfg.uiExpr
2026-03-13 17:09:04.186 DEBUG recordType 6 b565bcfe-6418-4fd8-b862-3d6b1d6c1fa2 Processing reference: DetailViewCfg.visibilityExpr
2026-03-13 17:09:04.187 DEBUG recordType 6 b565bcfe-6418-4fd8-b862-3d6b1d6c1fa2 Processing reference: RecordTypeDefinition.facetsListExpr
2026-03-13 17:09:04.187 DEBUG recordType 6 b565bcfe-6418-4fd8-b862-3d6b1d6c1fa2 Processing reference: FieldCfg.defaultOptionExpr
2026-03-13 17:09:04.187 DEBUG recordType 6 b565bcfe-6418-4fd8-b862-3d6b1d6c1fa2 Processing reference: FieldCfg.facetLabelExpr
2026-03-13 17:09:04.187 DEBUG recordType 6 b565bcfe-6418-4fd8-b862-3d6b1d6c1fa2 Processing reference: FieldCfg.relatedRecordFieldUuid
2026-03-13 17:09:04.193 DEBUG recordType 7 56e24fa4-b6b0-49e6-a8c4-99845ebcfe9d Begin transport.
2026-03-13 17:09:04.193 DEBUG recordType 7 56e24fa4-b6b0-49e6-a8c4-99845ebcfe9d Loop detected: [recordType:7, recordType:6]
2026-03-13 17:09:04.193 DEBUG recordType 7 Breaking loop [recordType:7, recordType:6]. recordType:6 will be transported with its reference to 7 nulled out and will require a second pass.
2026-03-13 17:09:04.193 DEBUG recordType 6 b565bcfe-6418-4fd8-b862-3d6b1d6c1fa2 Processing reference: FieldCfg.sourceRef
2026-03-13 17:09:04.198 DEBUG recordType 7 56e24fa4-b6b0-49e6-a8c4-99845ebcfe9d Begin transport.
2026-03-13 17:09:04.198 DEBUG recordType 7 56e24fa4-b6b0-49e6-a8c4-99845ebcfe9d Loop detected: [recordType:7, recordType:6]
2026-03-13 17:09:04.198 DEBUG recordType 7 Breaking loop [recordType:7, recordType:6]. recordType:6 will be transported with its reference to 7 nulled out and will require a second pass.
2026-03-13 17:09:04.198 DEBUG recordType 6 b565bcfe-6418-4fd8-b862-3d6b1d6c1fa2 Processing reference: FieldCfg.visibilityExpr
2026-03-13 17:09:04.198 DEBUG recordType 6 b565bcfe-6418-4fd8-b862-3d6b1d6c1fa2 Processing reference: RecordTypeDefinition.listViewSrcExpr
2026-03-13 17:09:04.198 DEBUG recordType 6 b565bcfe-6418-4fd8-b862-3d6b1d6c1fa2 Processing reference: RecordTypeDefinition.listViewTemplateExpr
2026-03-13 17:09:04.242 DEBUG recordType 6 b565bcfe-6418-4fd8-b862-3d6b1d6c1fa2 Processing reference: com.appiancorp.record.entities.RecordSourceCfg@a4ad13f5
2026-03-13 17:09:04.264 DEBUG content 1689 _a-0000ef40-8303-8000-9be5-011c48011c48_811816 Begin transport.
2026-03-13 17:09:04.265 DEBUG content 1689 _a-0000ef40-8303-8000-9be5-011c48011c48_811816 Retrieving object data.
2026-03-13 17:09:04.285 DEBUG content 1689 _a-0000ef40-8303-8000-9be5-011c48011c48_811816 Setting uuids of object references.
2026-03-13 17:09:04.285 DEBUG content 1689 _a-0000ef40-8303-8000-9be5-011c48011c48_811816 Processing reference: [Content:id=1689,versionId=-1,name=TDFD_GetOrder_recordDataSource,type=32,subtype=1,uuid=_a-0000ef40-8303-8000-9be5-011c48011c48_811816,parent=1674]
2026-03-13 17:09:04.289 DEBUG content 1688 b78ebb01-6c41-4eab-88bd-45c2aa790fcc Begin transport.
2026-03-13 17:09:04.289 DEBUG content 1688 b78ebb01-6c41-4eab-88bd-45c2aa790fcc Retrieving object data.
2026-03-13 17:09:04.304 DEBUG content 1688 b78ebb01-6c41-4eab-88bd-45c2aa790fcc Setting uuids of object references.
2026-03-13 17:09:04.304 DEBUG content 1688 b78ebb01-6c41-4eab-88bd-45c2aa790fcc Processing reference: [Content:id=1688,versionId=-1,name=TDFD_GetOrder,type=32,subtype=5,uuid=b78ebb01-6c41-4eab-88bd-45c2aa790fcc,parent=1674]
2026-03-13 17:09:04.314 DEBUG content 1688 b78ebb01-6c41-4eab-88bd-45c2aa790fcc Processing reference: OutboundIntegration.forum
2026-03-13 17:09:04.315 DEBUG content 1688 b78ebb01-6c41-4eab-88bd-45c2aa790fcc Processing reference: OutboundIntegration.integrationOutputsAsTypedValue
2026-03-13 17:09:04.315 DEBUG content 1688 b78ebb01-6c41-4eab-88bd-45c2aa790fcc Processing reference: TypedVariable[name=identifiers,it=101,v=<null>]
2026-03-13 17:09:04.315 DEBUG content 1688 b78ebb01-6c41-4eab-88bd-45c2aa790fcc Processing reference: OutboundIntegration.parent
2026-03-13 17:09:04.318 DEBUG content 1688 b78ebb01-6c41-4eab-88bd-45c2aa790fcc Processing reference: com.appiancorp.suiteapi.content.ContentRoleMap@5a4d30fc[
  ContentRole[name=readers,inherit=true,allowForAll=false]
  ContentRole[name=authors,inherit=true,allowForAll=false]
  ContentRole[name=administrators,inherit=true,allowForAll=false]
  ContentRole[name=denyReaders,inherit=false,allowForAll=false]
  ContentRole[name=denyAuthors,inherit=false,allowForAll=false]
  ContentRole[name=denyAdministrators,inherit=false,allowForAll=false]
  securityVector=15:SEC_PUBLIC=true,SEC_CREATOR_ADMIN=false,SEC_INH_ADMIN=true,SEC_INH_EDITOR=true,SEC_INH_VIEWER=true,SEC_ALL_ADMIN=false,SEC_ALL_EDITOR=false,SEC_ALL_VIEWER=false
]
2026-03-13 17:09:04.318 DEBUG content 1688 b78ebb01-6c41-4eab-88bd-45c2aa790fcc Processing reference: ContentRole[name=readers,inherit=true,allowForAll=false]
2026-03-13 17:09:04.319 DEBUG content 1688 b78ebb01-6c41-4eab-88bd-45c2aa790fcc Processing reference: ContentRole[name=authors,inherit=true,allowForAll=false]
2026-03-13 17:09:04.319 DEBUG content 1688 b78ebb01-6c41-4eab-88bd-45c2aa790fcc Processing reference: ContentRole[name=administrators,inherit=true,allowForAll=false]
2026-03-13 17:09:04.319 DEBUG content 1688 b78ebb01-6c41-4eab-88bd-45c2aa790fcc Processing reference: ContentRole[name=denyReaders,inherit=false,allowForAll=false]
2026-03-13 17:09:04.319 DEBUG content 1688 b78ebb01-6c41-4eab-88bd-45c2aa790fcc Processing reference: ContentRole[name=denyAuthors,inherit=false,allowForAll=false]
2026-03-13 17:09:04.319 DEBUG content 1688 b78ebb01-6c41-4eab-88bd-45c2aa790fcc Processing reference: ContentRole[name=denyAdministrators,inherit=false,allowForAll=false]
2026-03-13 17:09:04.32 DEBUG content 1688 b78ebb01-6c41-4eab-88bd-45c2aa790fcc Exporting binary resources.
2026-03-13 17:09:04.32 DEBUG content 1688 b78ebb01-6c41-4eab-88bd-45c2aa790fcc Serializing object to XML.
2026-03-13 17:09:04.328 DEBUG content 1688 b78ebb01-6c41-4eab-88bd-45c2aa790fcc Object transported.
2026-03-13 17:09:04.328 DEBUG content 1689 _a-0000ef40-8303-8000-9be5-011c48011c48_811816 Processing reference: FreeformRule.forum
2026-03-13 17:09:04.328 DEBUG content 1689 _a-0000ef40-8303-8000-9be5-011c48011c48_811816 Processing reference: FreeformRule.parent
2026-03-13 17:09:04.331 DEBUG content 1689 _a-0000ef40-8303-8000-9be5-011c48011c48_811816 Processing reference: com.appiancorp.suiteapi.content.ContentRoleMap@1f67f32d[
  ContentRole[name=readers,inherit=true,allowForAll=false]
  ContentRole[name=authors,inherit=true,allowForAll=false]
  ContentRole[name=administrators,inherit=true,allowForAll=false]
  ContentRole[name=denyReaders,inherit=false,allowForAll=false]
  ContentRole[name=denyAuthors,inherit=false,allowForAll=false]
  ContentRole[name=denyAdministrators,inherit=false,allowForAll=false]
  securityVector=15:SEC_PUBLIC=true,SEC_CREATOR_ADMIN=false,SEC_INH_ADMIN=true,SEC_INH_EDITOR=true,SEC_INH_VIEWER=true,SEC_ALL_ADMIN=false,SEC_ALL_EDITOR=false,SEC_ALL_VIEWER=false
]
2026-03-13 17:09:04.331 DEBUG content 1689 _a-0000ef40-8303-8000-9be5-011c48011c48_811816 Processing reference: ContentRole[name=readers,inherit=true,allowForAll=false]
2026-03-13 17:09:04.331 DEBUG content 1689 _a-0000ef40-8303-8000-9be5-011c48011c48_811816 Processing reference: ContentRole[name=authors,inherit=true,allowForAll=false]
2026-03-13 17:09:04.331 DEBUG content 1689 _a-0000ef40-8303-8000-9be5-011c48011c48_811816 Processing reference: ContentRole[name=administrators,inherit=true,allowForAll=false]
2026-03-13 17:09:04.332 DEBUG content 1689 _a-0000ef40-8303-8000-9be5-011c48011c48_811816 Processing reference: ContentRole[name=denyReaders,inherit=false,allowForAll=false]
2026-03-13 17:09:04.332 DEBUG content 1689 _a-0000ef40-8303-8000-9be5-011c48011c48_811816 Processing reference: ContentRole[name=denyAuthors,inherit=false,allowForAll=false]
2026-03-13 17:09:04.332 DEBUG content 1689 _a-0000ef40-8303-8000-9be5-011c48011c48_811816 Processing reference: ContentRole[name=denyAdministrators,inherit=false,allowForAll=false]
2026-03-13 17:09:04.332 DEBUG content 1689 _a-0000ef40-8303-8000-9be5-011c48011c48_811816 Exporting binary resources.
2026-03-13 17:09:04.332 DEBUG content 1689 _a-0000ef40-8303-8000-9be5-011c48011c48_811816 Serializing object to XML.
2026-03-13 17:09:04.334 DEBUG content 1689 _a-0000ef40-8303-8000-9be5-011c48011c48_811816 Object transported.
2026-03-13 17:09:04.341 DEBUG content 1690 _a-0000ef40-8303-8000-9be5-011c48011c48_813091 Begin transport.
2026-03-13 17:09:04.341 DEBUG content 1690 _a-0000ef40-8303-8000-9be5-011c48011c48_813091 Retrieving object data.
2026-03-13 17:09:04.351 DEBUG content 1690 _a-0000ef40-8303-8000-9be5-011c48011c48_813091 Setting uuids of object references.
2026-03-13 17:09:04.351 DEBUG content 1690 _a-0000ef40-8303-8000-9be5-011c48011c48_813091 Processing reference: [Content:id=1690,versionId=-1,name=TDFD_GetPartOrder_Sync,type=32,subtype=1,uuid=_a-0000ef40-8303-8000-9be5-011c48011c48_813091,parent=1674]
2026-03-13 17:09:04.354 DEBUG content 1690 _a-0000ef40-8303-8000-9be5-011c48011c48_813091 Processing reference: FreeformRule.forum
2026-03-13 17:09:04.355 DEBUG content 1690 _a-0000ef40-8303-8000-9be5-011c48011c48_813091 Processing reference: TypedVariable[name=identifiers,it=101,v=<null>]
2026-03-13 17:09:04.355 DEBUG content 1690 _a-0000ef40-8303-8000-9be5-011c48011c48_813091 Processing reference: FreeformRule.parent
2026-03-13 17:09:04.359 DEBUG content 1690 _a-0000ef40-8303-8000-9be5-011c48011c48_813091 Processing reference: com.appiancorp.suiteapi.content.ContentRoleMap@32c4892c[
  ContentRole[name=readers,inherit=true,allowForAll=false]
  ContentRole[name=authors,inherit=true,allowForAll=false]
  ContentRole[name=administrators,inherit=true,allowForAll=false]
  ContentRole[name=denyReaders,inherit=false,allowForAll=false]
  ContentRole[name=denyAuthors,inherit=false,allowForAll=false]
  ContentRole[name=denyAdministrators,inherit=false,allowForAll=false]
  securityVector=15:SEC_PUBLIC=true,SEC_CREATOR_ADMIN=false,SEC_INH_ADMIN=true,SEC_INH_EDITOR=true,SEC_INH_VIEWER=true,SEC_ALL_ADMIN=false,SEC_ALL_EDITOR=false,SEC_ALL_VIEWER=false
]
2026-03-13 17:09:04.359 DEBUG content 1690 _a-0000ef40-8303-8000-9be5-011c48011c48_813091 Processing reference: ContentRole[name=readers,inherit=true,allowForAll=false]
2026-03-13 17:09:04.359 DEBUG content 1690 _a-0000ef40-8303-8000-9be5-011c48011c48_813091 Processing reference: ContentRole[name=authors,inherit=true,allowForAll=false]
2026-03-13 17:09:04.359 DEBUG content 1690 _a-0000ef40-8303-8000-9be5-011c48011c48_813091 Processing reference: ContentRole[name=administrators,inherit=true,allowForAll=false]
2026-03-13 17:09:04.359 DEBUG content 1690 _a-0000ef40-8303-8000-9be5-011c48011c48_813091 Processing reference: ContentRole[name=denyReaders,inherit=false,allowForAll=false]
2026-03-13 17:09:04.359 DEBUG content 1690 _a-0000ef40-8303-8000-9be5-011c48011c48_813091 Processing reference: ContentRole[name=denyAuthors,inherit=false,allowForAll=false]
2026-03-13 17:09:04.359 DEBUG content 1690 _a-0000ef40-8303-8000-9be5-011c48011c48_813091 Processing reference: ContentRole[name=denyAdministrators,inherit=false,allowForAll=false]
2026-03-13 17:09:04.359 DEBUG content 1690 _a-0000ef40-8303-8000-9be5-011c48011c48_813091 Exporting binary resources.
2026-03-13 17:09:04.359 DEBUG content 1690 _a-0000ef40-8303-8000-9be5-011c48011c48_813091 Serializing object to XML.
2026-03-13 17:09:04.362 DEBUG content 1690 _a-0000ef40-8303-8000-9be5-011c48011c48_813091 Object transported.
2026-03-13 17:09:04.362 DEBUG recordType 6 b565bcfe-6418-4fd8-b862-3d6b1d6c1fa2 Processing reference: RecordSourceFieldCfg.customFieldExpr
2026-03-13 17:09:04.363 DEBUG recordType 6 b565bcfe-6418-4fd8-b862-3d6b1d6c1fa2 Processing reference: RecordSourceFieldCfg.recordFieldSecurityMembershipFilter
2026-03-13 17:09:04.363 DEBUG recordType 6 b565bcfe-6418-4fd8-b862-3d6b1d6c1fa2 Processing reference: RecordSourceFieldCfg.customFieldExpr
2026-03-13 17:09:04.363 DEBUG recordType 6 b565bcfe-6418-4fd8-b862-3d6b1d6c1fa2 Processing reference: RecordSourceFieldCfg.recordFieldSecurityMembershipFilter
2026-03-13 17:09:04.364 DEBUG recordType 6 b565bcfe-6418-4fd8-b862-3d6b1d6c1fa2 Processing reference: RecordSourceFieldCfg.customFieldExpr
2026-03-13 17:09:04.364 DEBUG recordType 6 b565bcfe-6418-4fd8-b862-3d6b1d6c1fa2 Processing reference: RecordSourceFieldCfg.recordFieldSecurityMembershipFilter
2026-03-13 17:09:04.364 DEBUG recordType 6 b565bcfe-6418-4fd8-b862-3d6b1d6c1fa2 Processing reference: RecordSourceFieldCfg.customFieldExpr
2026-03-13 17:09:04.364 DEBUG recordType 6 b565bcfe-6418-4fd8-b862-3d6b1d6c1fa2 Processing reference: RecordSourceFieldCfg.recordFieldSecurityMembershipFilter
2026-03-13 17:09:04.365 DEBUG recordType 6 b565bcfe-6418-4fd8-b862-3d6b1d6c1fa2 Processing reference: RecordSourceFieldCfg.customFieldExpr
2026-03-13 17:09:04.365 DEBUG recordType 6 b565bcfe-6418-4fd8-b862-3d6b1d6c1fa2 Processing reference: RecordSourceFieldCfg.recordFieldSecurityMembershipFilter
2026-03-13 17:09:04.365 DEBUG recordType 6 b565bcfe-6418-4fd8-b862-3d6b1d6c1fa2 Processing reference: RecordSourceFieldCfg.customFieldExpr
2026-03-13 17:09:04.365 DEBUG recordType 6 b565bcfe-6418-4fd8-b862-3d6b1d6c1fa2 Processing reference: RecordSourceFieldCfg.recordFieldSecurityMembershipFilter
2026-03-13 17:09:04.365 DEBUG recordType 6 b565bcfe-6418-4fd8-b862-3d6b1d6c1fa2 Processing reference: RecordSourceCfg.sourceContextExpr
2026-03-13 17:09:04.365 DEBUG recordType 6 b565bcfe-6418-4fd8-b862-3d6b1d6c1fa2 Processing reference: RecordSourceCfg.sourceFilterExpr
2026-03-13 17:09:04.365 DEBUG recordType 6 b565bcfe-6418-4fd8-b862-3d6b1d6c1fa2 Processing reference: RecordRelationshipCfg.relationshipData
2026-03-13 17:09:04.366 DEBUG recordType 6 b565bcfe-6418-4fd8-b862-3d6b1d6c1fa2 Processing reference: RecordRelationshipCfg.sourceRecordTypeFieldUuid
2026-03-13 17:09:04.366 DEBUG recordType 6 b565bcfe-6418-4fd8-b862-3d6b1d6c1fa2 Processing reference: RecordRelationshipCfg.targetJoinFieldStoredForm
2026-03-13 17:09:04.366 DEBUG recordType 6 b565bcfe-6418-4fd8-b862-3d6b1d6c1fa2 Processing reference: RecordRelationshipCfg.targetRecordTypeRef
2026-03-13 17:09:04.368 DEBUG recordType 7 56e24fa4-b6b0-49e6-a8c4-99845ebcfe9d Begin transport.
2026-03-13 17:09:04.369 DEBUG recordType 7 56e24fa4-b6b0-49e6-a8c4-99845ebcfe9d Loop detected: [recordType:7, recordType:6]
2026-03-13 17:09:04.369 DEBUG recordType 7 Breaking loop [recordType:7, recordType:6]. recordType:6 will be transported with its reference to 7 nulled out and will require a second pass.
2026-03-13 17:09:04.369 DEBUG recordType 6 b565bcfe-6418-4fd8-b862-3d6b1d6c1fa2 Processing reference: RecordTypeSearchCfg.placeholder
2026-03-13 17:09:04.369 DEBUG recordType 6 b565bcfe-6418-4fd8-b862-3d6b1d6c1fa2 Processing reference: RecordTypeSearchCfg.searchFieldQueryInfos
2026-03-13 17:09:04.369 DEBUG recordType 6 b565bcfe-6418-4fd8-b862-3d6b1d6c1fa2 Processing reference: RecordTypeDefinition.recordViewSrcExpr
2026-03-13 17:09:04.369 DEBUG recordType 6 b565bcfe-6418-4fd8-b862-3d6b1d6c1fa2 Processing reference: RecordTypeDefinition.source
2026-03-13 17:09:04.369 DEBUG recordType 6 b565bcfe-6418-4fd8-b862-3d6b1d6c1fa2 Processing reference: RecordTypeDefinition.titleExpr
2026-03-13 17:09:04.37 DEBUG recordType 6 b565bcfe-6418-4fd8-b862-3d6b1d6c1fa2 Processing reference: Role[name=record_type_administrator,groupIds=[42]]
2026-03-13 17:09:04.372 DEBUG recordType 6 b565bcfe-6418-4fd8-b862-3d6b1d6c1fa2 Processing reference: Role[name=record_type_viewer,groupIds=[43]]
2026-03-13 17:09:04.374 DEBUG recordType 6 b565bcfe-6418-4fd8-b862-3d6b1d6c1fa2 Object transported with these references nulled out: [recordType:7]
2026-03-13 17:09:04.374 DEBUG recordType 7 56e24fa4-b6b0-49e6-a8c4-99845ebcfe9d Processing reference: RecordTypeSearchCfg.placeholder
2026-03-13 17:09:04.374 DEBUG recordType 7 56e24fa4-b6b0-49e6-a8c4-99845ebcfe9d Processing reference: RecordTypeSearchCfg.searchFieldQueryInfos
2026-03-13 17:09:04.374 DEBUG recordType 7 56e24fa4-b6b0-49e6-a8c4-99845ebcfe9d Processing reference: RecordTypeDefinition.recordViewSrcExpr
2026-03-13 17:09:04.375 DEBUG recordType 7 56e24fa4-b6b0-49e6-a8c4-99845ebcfe9d Processing reference: RelatedActionCfg.contextExpr
2026-03-13 17:09:04.379 DEBUG recordType 8 4319b3e4-ca07-43be-8557-19466417914e Begin transport.
2026-03-13 17:09:04.379 DEBUG recordType 8 4319b3e4-ca07-43be-8557-19466417914e Loop detected: [recordType:8, content:1702, recordType:7]
2026-03-13 17:09:04.379 DEBUG recordType 8 Breaking loop [recordType:8, content:1702, recordType:7]. recordType:7 will be transported with its reference to 8 nulled out and will require a second pass.
2026-03-13 17:09:04.382 DEBUG recordType 8 4319b3e4-ca07-43be-8557-19466417914e Begin transport.
2026-03-13 17:09:04.382 DEBUG recordType 8 4319b3e4-ca07-43be-8557-19466417914e Loop detected: [recordType:8, content:1702, recordType:7]
2026-03-13 17:09:04.382 DEBUG recordType 8 Breaking loop [recordType:8, content:1702, recordType:7]. recordType:7 will be transported with its reference to 8 nulled out and will require a second pass.
2026-03-13 17:09:04.384 DEBUG recordType 8 4319b3e4-ca07-43be-8557-19466417914e Begin transport.
2026-03-13 17:09:04.385 DEBUG recordType 8 4319b3e4-ca07-43be-8557-19466417914e Loop detected: [recordType:8, content:1702, recordType:7]
2026-03-13 17:09:04.385 DEBUG recordType 8 Breaking loop [recordType:8, content:1702, recordType:7]. recordType:7 will be transported with its reference to 8 nulled out and will require a second pass.
2026-03-13 17:09:04.387 DEBUG recordType 7 56e24fa4-b6b0-49e6-a8c4-99845ebcfe9d Processing reference: RecordTypeRelatedActionSecurityCfg.dataFilter
2026-03-13 17:09:04.398 DEBUG recordType 7 56e24fa4-b6b0-49e6-a8c4-99845ebcfe9d Processing reference: RecordTypeRelatedActionSecurityCfg.membershipFilter
2026-03-13 17:09:04.398 DEBUG recordType 7 56e24fa4-b6b0-49e6-a8c4-99845ebcfe9d Processing reference: RelatedActionCfg.target
2026-03-13 17:09:04.409 DEBUG processModel 153 0002ef48-c0df-8000-2255-7f0000014e7a Begin transport.
2026-03-13 17:09:04.409 DEBUG processModel 153 0002ef48-c0df-8000-2255-7f0000014e7a Retrieving object data.
2026-03-13 17:09:04.731 DEBUG processModel 153 0002ef48-c0df-8000-2255-7f0000014e7a Setting uuids of object references.
2026-03-13 17:09:04.731 DEBUG processModel 153 0002ef48-c0df-8000-2255-7f0000014e7a Processing reference: ProcessModelHaul.folderId
2026-03-13 17:09:04.733 DEBUG processModel 153 0002ef48-c0df-8000-2255-7f0000014e7a Processing reference: ProcessModelHaul.modelDashboardPageId
2026-03-13 17:09:04.733 DEBUG processModel 153 0002ef48-c0df-8000-2255-7f0000014e7a Processing reference: ProcessModelHaul.processDashboardPageId
2026-03-13 17:09:04.733 DEBUG processModel 153 0002ef48-c0df-8000-2255-7f0000014e7a Processing reference: ProcessModel.emailAttachmentFolderId
2026-03-13 17:09:04.734 DEBUG processModel 153 0002ef48-c0df-8000-2255-7f0000014e7a Processing reference: 4096 42
2026-03-13 17:09:04.736 DEBUG processModel 153 0002ef48-c0df-8000-2255-7f0000014e7a Processing reference: ActivityClass.localId
2026-03-13 17:09:04.736 DEBUG processModel 153 0002ef48-c0df-8000-2255-7f0000014e7a Processing reference: ActivityClassParameter[name=maintenanceId,it=1,v=<null>]
2026-03-13 17:09:04.736 DEBUG processModel 153 0002ef48-c0df-8000-2255-7f0000014e7a Processing reference: ActivityClassParameter[name=purchaseCardNum,it=3,v=]
2026-03-13 17:09:04.737 DEBUG processModel 153 0002ef48-c0df-8000-2255-7f0000014e7a Processing reference: ActivityClassParameter[name=totalAmount,it=2,v=<null>]
2026-03-13 17:09:04.737 DEBUG processModel 153 0002ef48-c0df-8000-2255-7f0000014e7a Processing reference: ActivityClass.localId
2026-03-13 17:09:04.737 DEBUG processModel 153 0002ef48-c0df-8000-2255-7f0000014e7a Processing reference: ActivityClassParameter[name=Integration,it=250,v=1691]
2026-03-13 17:09:04.743 DEBUG content 1691 dafcc3b3-052e-4761-9758-226d38801425 Begin transport.
2026-03-13 17:09:04.743 DEBUG content 1691 dafcc3b3-052e-4761-9758-226d38801425 Retrieving object data.
2026-03-13 17:09:04.757 DEBUG content 1691 dafcc3b3-052e-4761-9758-226d38801425 Setting uuids of object references.
2026-03-13 17:09:04.757 DEBUG content 1691 dafcc3b3-052e-4761-9758-226d38801425 Processing reference: [Content:id=1691,versionId=-1,name=TDFD_orderParts,type=32,subtype=5,uuid=dafcc3b3-052e-4761-9758-226d38801425,parent=1674]
2026-03-13 17:09:04.777 DEBUG content 1691 dafcc3b3-052e-4761-9758-226d38801425 Processing reference: OutboundIntegration.forum
2026-03-13 17:09:04.778 DEBUG content 1691 dafcc3b3-052e-4761-9758-226d38801425 Processing reference: OutboundIntegration.integrationOutputsAsTypedValue
2026-03-13 17:09:04.778 DEBUG content 1691 dafcc3b3-052e-4761-9758-226d38801425 Processing reference: TypedVariable[name=maintenanceId,it=1,v=<null>]
2026-03-13 17:09:04.778 DEBUG content 1691 dafcc3b3-052e-4761-9758-226d38801425 Processing reference: TypedVariable[name=purchaseCardNum,it=3,v=]
2026-03-13 17:09:04.778 DEBUG content 1691 dafcc3b3-052e-4761-9758-226d38801425 Processing reference: TypedVariable[name=totalAmount,it=2,v=<null>]
2026-03-13 17:09:04.779 DEBUG content 1691 dafcc3b3-052e-4761-9758-226d38801425 Processing reference: TypedVariable[name=onSuccess,it=97,v=<null>]
2026-03-13 17:09:04.779 DEBUG content 1691 dafcc3b3-052e-4761-9758-226d38801425 Processing reference: TypedVariable[name=onError,it=97,v=<null>]
2026-03-13 17:09:04.779 DEBUG content 1691 dafcc3b3-052e-4761-9758-226d38801425 Processing reference: OutboundIntegration.parent
2026-03-13 17:09:04.786 DEBUG content 1691 dafcc3b3-052e-4761-9758-226d38801425 Processing reference: com.appiancorp.suiteapi.content.ContentRoleMap@4fd45463[
  ContentRole[name=readers,inherit=true,allowForAll=false]
  ContentRole[name=authors,inherit=true,allowForAll=false]
  ContentRole[name=administrators,inherit=true,allowForAll=false]
  ContentRole[name=denyReaders,inherit=false,allowForAll=false]
  ContentRole[name=denyAuthors,inherit=false,allowForAll=false]
  ContentRole[name=denyAdministrators,inherit=false,allowForAll=false]
  securityVector=15:SEC_PUBLIC=true,SEC_CREATOR_ADMIN=false,SEC_INH_ADMIN=true,SEC_INH_EDITOR=true,SEC_INH_VIEWER=true,SEC_ALL_ADMIN=false,SEC_ALL_EDITOR=false,SEC_ALL_VIEWER=false
]
2026-03-13 17:09:04.786 DEBUG content 1691 dafcc3b3-052e-4761-9758-226d38801425 Processing reference: ContentRole[name=readers,inherit=true,allowForAll=false]
2026-03-13 17:09:04.786 DEBUG content 1691 dafcc3b3-052e-4761-9758-226d38801425 Processing reference: ContentRole[name=authors,inherit=true,allowForAll=false]
2026-03-13 17:09:04.786 DEBUG content 1691 dafcc3b3-052e-4761-9758-226d38801425 Processing reference: ContentRole[name=administrators,inherit=true,allowForAll=false]
2026-03-13 17:09:04.786 DEBUG content 1691 dafcc3b3-052e-4761-9758-226d38801425 Processing reference: ContentRole[name=denyReaders,inherit=false,allowForAll=false]
2026-03-13 17:09:04.786 DEBUG content 1691 dafcc3b3-052e-4761-9758-226d38801425 Processing reference: ContentRole[name=denyAuthors,inherit=false,allowForAll=false]
2026-03-13 17:09:04.786 DEBUG content 1691 dafcc3b3-052e-4761-9758-226d38801425 Processing reference: ContentRole[name=denyAdministrators,inherit=false,allowForAll=false]
2026-03-13 17:09:04.789 DEBUG content 1691 dafcc3b3-052e-4761-9758-226d38801425 Exporting binary resources.
2026-03-13 17:09:04.789 DEBUG content 1691 dafcc3b3-052e-4761-9758-226d38801425 Serializing object to XML.
2026-03-13 17:09:04.808 DEBUG content 1691 dafcc3b3-052e-4761-9758-226d38801425 Object transported.
2026-03-13 17:09:04.808 DEBUG processModel 153 0002ef48-c0df-8000-2255-7f0000014e7a Processing reference: ActivityClassParameter[name=Success,it=26,v=<null>]
2026-03-13 17:09:04.808 DEBUG processModel 153 0002ef48-c0df-8000-2255-7f0000014e7a Processing reference: ActivityClassParameter[name=Result,it=2888,v=<null>]
2026-03-13 17:09:04.808 DEBUG processModel 153 0002ef48-c0df-8000-2255-7f0000014e7a Processing reference: ActivityClassParameter[name=Error,it=2936,v=<null>]
2026-03-13 17:09:04.808 DEBUG processModel 153 0002ef48-c0df-8000-2255-7f0000014e7a Processing reference: ActivityClassParameter[name=ConnectedSystem,it=256,v=<null>]
2026-03-13 17:09:04.812 DEBUG processModel 153 0002ef48-c0df-8000-2255-7f0000014e7a Processing reference: ActivityClass.localId
2026-03-13 17:09:04.812 DEBUG processModel 153 0002ef48-c0df-8000-2255-7f0000014e7a Processing reference: ActivityClassParameter[name=RecordType,it=272,v=]
2026-03-13 17:09:04.812 DEBUG processModel 153 0002ef48-c0df-8000-2255-7f0000014e7a Processing reference: ActivityClassParameter[name=Identifiers,it=97,v=TypedValue[it=97,v=<null>]]
2026-03-13 17:09:04.812 DEBUG processModel 153 0002ef48-c0df-8000-2255-7f0000014e7a Processing reference: ActivityClassParameter[name=RecordsUpdated,it=97,v=TypedValue[it=97,v=<null>]]
2026-03-13 17:09:04.812 DEBUG processModel 153 0002ef48-c0df-8000-2255-7f0000014e7a Processing reference: ActivityClassParameter[name=QueryError,it=3,v=]
2026-03-13 17:09:04.814 DEBUG processModel 153 0002ef48-c0df-8000-2255-7f0000014e7a Processing reference: ActivityClass.localId
2026-03-13 17:09:04.814 DEBUG processModel 153 0002ef48-c0df-8000-2255-7f0000014e7a Processing reference: ActivityClassParameter[name=RecordType,it=272,v=]
2026-03-13 17:09:04.814 DEBUG processModel 153 0002ef48-c0df-8000-2255-7f0000014e7a Processing reference: ActivityClassParameter[name=Identifiers,it=97,v=TypedValue[it=97,v=<null>]]
2026-03-13 17:09:04.814 DEBUG processModel 153 0002ef48-c0df-8000-2255-7f0000014e7a Processing reference: ActivityClassParameter[name=RecordsUpdated,it=97,v=TypedValue[it=97,v=<null>]]
2026-03-13 17:09:04.814 DEBUG processModel 153 0002ef48-c0df-8000-2255-7f0000014e7a Processing reference: ActivityClassParameter[name=QueryError,it=3,v=]
2026-03-13 17:09:04.814 DEBUG processModel 153 0002ef48-c0df-8000-2255-7f0000014e7a Processing reference: ActivityClass.localId
2026-03-13 17:09:04.814 DEBUG processModel 153 0002ef48-c0df-8000-2255-7f0000014e7a Processing reference: ActivityClassParameter[name=pmID,it=23,v=<null>]
2026-03-13 17:09:04.814 DEBUG processModel 153 0002ef48-c0df-8000-2255-7f0000014e7a Processing reference: ActivityClassParameter[name=inMap,it=111,v={}]
2026-03-13 17:09:04.815 DEBUG processModel 153 0002ef48-c0df-8000-2255-7f0000014e7a Processing reference: ActivityClassParameter[name=procInheritsPriority,it=1,v=1]
2026-03-13 17:09:04.815 DEBUG processModel 153 0002ef48-c0df-8000-2255-7f0000014e7a Processing reference: ActivityClassParameter[name=pmUUID,it=3,v=]
2026-03-13 17:09:04.817 DEBUG processModel 153 0002ef48-c0df-8000-2255-7f0000014e7a Processing reference: ActivityClassParameter[name=isAsynchronous,it=26,v=1]
2026-03-13 17:09:04.817 DEBUG processModel 153 0002ef48-c0df-8000-2255-7f0000014e7a Processing reference: ActivityClassParameter[name=isTransparent,it=26,v=1]
2026-03-13 17:09:04.817 DEBUG processModel 153 0002ef48-c0df-8000-2255-7f0000014e7a Processing reference: ActivityClassParameter[name=inheritSecurity,it=26,v=0]
2026-03-13 17:09:04.819 DEBUG processModel 153 0002ef48-c0df-8000-2255-7f0000014e7a Processing reference: ActivityClass.localId
2026-03-13 17:09:04.819 DEBUG processModel 153 0002ef48-c0df-8000-2255-7f0000014e7a Processing reference: ActivityClassParameter[name=defaultNode,it=1,v=3]
2026-03-13 17:09:04.819 DEBUG processModel 153 0002ef48-c0df-8000-2255-7f0000014e7a Processing reference: ActivityClassParameter[name=rules,it=111,v={ActivityClassParameter[name=rule,it=11,v={ActivityClassParameter[name=expression,it=26,v=<null>],ActivityClassParameter[name=node,it=1,v=1],ActivityClassParameter[name=label,it=3,v=Yes]}]}]
2026-03-13 17:09:04.82 DEBUG processModel 153 0002ef48-c0df-8000-2255-7f0000014e7a Processing reference: ActivityClassParameter[name=fired,it=1,v=0]
2026-03-13 17:09:04.82 DEBUG processModel 153 0002ef48-c0df-8000-2255-7f0000014e7a Processing reference: ActivityClassParameter[name=arrivedNodes,it=101,v=<null>]
2026-03-13 17:09:04.82 DEBUG processModel 153 0002ef48-c0df-8000-2255-7f0000014e7a Processing reference: ProcessVariable[name=cancel,it=26,v=<null>]
2026-03-13 17:09:04.82 DEBUG processModel 153 0002ef48-c0df-8000-2255-7f0000014e7a Processing reference: ProcessVariable[name=maintenance,it=4552,v=<null>]
2026-03-13 17:09:04.834 DEBUG recordType 7 56e24fa4-b6b0-49e6-a8c4-99845ebcfe9d Begin transport.
2026-03-13 17:09:04.834 DEBUG recordType 7 56e24fa4-b6b0-49e6-a8c4-99845ebcfe9d Loop detected: [recordType:7, processModel:153]
2026-03-13 17:09:04.834 DEBUG recordType 7 Breaking loop [recordType:7, processModel:153]. processModel:153 will be transported with its reference to 7 nulled out and will require a second pass.
2026-03-13 17:09:04.834 DEBUG processModel 153 0002ef48-c0df-8000-2255-7f0000014e7a Processing reference: ProcessVariable[name=orderId,it=1,v=0]
2026-03-13 17:09:04.834 DEBUG processModel 153 0002ef48-c0df-8000-2255-7f0000014e7a Processing reference: ProcessVariable[name=purchaseCard,it=3,v=]
2026-03-13 17:09:04.834 DEBUG processModel 153 0002ef48-c0df-8000-2255-7f0000014e7a Processing reference: ProcessVariable[name=totalPurchase,it=2,v=0.0]
2026-03-13 17:09:04.835 DEBUG processModel 153 0002ef48-c0df-8000-2255-7f0000014e7a Processing reference: com.appiancorp.suiteapi.process.ProcessRoleMap@1a83027d[
  Role[name=ADMIN_OWNER,groupIds=[42]]
  Role[name=EDITOR]
  Role[name=EXPLICIT_NONMEMBER]
  Role[name=VIEWER,groupIds=[43]]
  Role[name=MANAGER]
  Role[name=INITIATOR]
]
2026-03-13 17:09:04.835 DEBUG processModel 153 0002ef48-c0df-8000-2255-7f0000014e7a Processing reference: Role[name=ADMIN_OWNER,groupIds=[42]]
2026-03-13 17:09:04.84 DEBUG processModel 153 0002ef48-c0df-8000-2255-7f0000014e7a Processing reference: Role[name=EDITOR]
2026-03-13 17:09:04.84 DEBUG processModel 153 0002ef48-c0df-8000-2255-7f0000014e7a Processing reference: Role[name=EXPLICIT_NONMEMBER]
2026-03-13 17:09:04.84 DEBUG processModel 153 0002ef48-c0df-8000-2255-7f0000014e7a Processing reference: Role[name=VIEWER,groupIds=[43]]
2026-03-13 17:09:04.843 DEBUG processModel 153 0002ef48-c0df-8000-2255-7f0000014e7a Processing reference: Role[name=MANAGER]
2026-03-13 17:09:04.843 DEBUG processModel 153 0002ef48-c0df-8000-2255-7f0000014e7a Processing reference: Role[name=INITIATOR]
2026-03-13 17:09:04.85 DEBUG content 1704 _a-0000ef40-8303-8000-9be5-011c48011c48_813133 Begin transport.
2026-03-13 17:09:04.851 DEBUG content 1704 _a-0000ef40-8303-8000-9be5-011c48011c48_813133 Retrieving object data.
2026-03-13 17:09:04.878 DEBUG content 1704 _a-0000ef40-8303-8000-9be5-011c48011c48_813133 Setting uuids of object references.
2026-03-13 17:09:04.878 DEBUG content 1704 _a-0000ef40-8303-8000-9be5-011c48011c48_813133 Processing reference: [Content:id=1704,versionId=-1,name=TDFD_FORM_orderParts,type=32,subtype=6,uuid=_a-0000ef40-8303-8000-9be5-011c48011c48_813133,parent=1674]
2026-03-13 17:09:04.881 DEBUG content 1704 _a-0000ef40-8303-8000-9be5-011c48011c48_813133 Processing reference: Interface.forum
2026-03-13 17:09:04.882 DEBUG content 1704 _a-0000ef40-8303-8000-9be5-011c48011c48_813133 Processing reference: TypedVariable[name=cancel,it=26,v=<null>]
2026-03-13 17:09:04.882 DEBUG content 1704 _a-0000ef40-8303-8000-9be5-011c48011c48_813133 Processing reference: TypedVariable[name=maintenance,it=4552,v=<null>]
2026-03-13 17:09:04.89 DEBUG recordType 7 56e24fa4-b6b0-49e6-a8c4-99845ebcfe9d Begin transport.
2026-03-13 17:09:04.89 DEBUG recordType 7 56e24fa4-b6b0-49e6-a8c4-99845ebcfe9d Loop detected: [recordType:7, processModel:153, content:1704]
2026-03-13 17:09:04.89 DEBUG recordType 7 Breaking loop [recordType:7, processModel:153, content:1704]. content:1704 will be transported with its reference to 7 nulled out and will require a second pass.
2026-03-13 17:09:04.891 DEBUG content 1704 _a-0000ef40-8303-8000-9be5-011c48011c48_813133 Processing reference: TypedVariable[name=purchaseCard,it=3,v=]
2026-03-13 17:09:04.891 DEBUG content 1704 _a-0000ef40-8303-8000-9be5-011c48011c48_813133 Processing reference: TypedVariable[name=totalPurchase,it=2,v=<null>]
2026-03-13 17:09:04.891 DEBUG content 1704 _a-0000ef40-8303-8000-9be5-011c48011c48_813133 Processing reference: Interface.parent
2026-03-13 17:09:04.899 DEBUG content 1704 _a-0000ef40-8303-8000-9be5-011c48011c48_813133 Processing reference: com.appiancorp.suiteapi.content.ContentRoleMap@6691a6e6[
  ContentRole[name=readers,inherit=true,allowForAll=false]
  ContentRole[name=authors,inherit=true,allowForAll=false]
  ContentRole[name=administrators,inherit=true,allowForAll=false]
  ContentRole[name=denyReaders,inherit=false,allowForAll=false]
  ContentRole[name=denyAuthors,inherit=false,allowForAll=false]
  ContentRole[name=denyAdministrators,inherit=false,allowForAll=false]
  securityVector=15:SEC_PUBLIC=true,SEC_CREATOR_ADMIN=false,SEC_INH_ADMIN=true,SEC_INH_EDITOR=true,SEC_INH_VIEWER=true,SEC_ALL_ADMIN=false,SEC_ALL_EDITOR=false,SEC_ALL_VIEWER=false
]
2026-03-13 17:09:04.899 DEBUG content 1704 _a-0000ef40-8303-8000-9be5-011c48011c48_813133 Processing reference: ContentRole[name=readers,inherit=true,allowForAll=false]
2026-03-13 17:09:04.899 DEBUG content 1704 _a-0000ef40-8303-8000-9be5-011c48011c48_813133 Processing reference: ContentRole[name=authors,inherit=true,allowForAll=false]
2026-03-13 17:09:04.899 DEBUG content 1704 _a-0000ef40-8303-8000-9be5-011c48011c48_813133 Processing reference: ContentRole[name=administrators,inherit=true,allowForAll=false]
2026-03-13 17:09:04.899 DEBUG content 1704 _a-0000ef40-8303-8000-9be5-011c48011c48_813133 Processing reference: ContentRole[name=denyReaders,inherit=false,allowForAll=false]
2026-03-13 17:09:04.899 DEBUG content 1704 _a-0000ef40-8303-8000-9be5-011c48011c48_813133 Processing reference: ContentRole[name=denyAuthors,inherit=false,allowForAll=false]
2026-03-13 17:09:04.899 DEBUG content 1704 _a-0000ef40-8303-8000-9be5-011c48011c48_813133 Processing reference: ContentRole[name=denyAdministrators,inherit=false,allowForAll=false]
2026-03-13 17:09:04.909 DEBUG recordType 7 56e24fa4-b6b0-49e6-a8c4-99845ebcfe9d Begin transport.
2026-03-13 17:09:04.909 DEBUG recordType 7 56e24fa4-b6b0-49e6-a8c4-99845ebcfe9d Loop detected: [recordType:7, processModel:153, content:1704]
2026-03-13 17:09:04.909 DEBUG recordType 7 Breaking loop [recordType:7, processModel:153, content:1704]. content:1704 will be transported with its reference to 7 nulled out and will require a second pass.
2026-03-13 17:09:04.914 DEBUG recordType 7 56e24fa4-b6b0-49e6-a8c4-99845ebcfe9d Begin transport.
2026-03-13 17:09:04.914 DEBUG recordType 7 56e24fa4-b6b0-49e6-a8c4-99845ebcfe9d Loop detected: [recordType:7, processModel:153, content:1704]
2026-03-13 17:09:04.914 DEBUG recordType 7 Breaking loop [recordType:7, processModel:153, content:1704]. content:1704 will be transported with its reference to 7 nulled out and will require a second pass.
2026-03-13 17:09:04.915 DEBUG content 1704 _a-0000ef40-8303-8000-9be5-011c48011c48_813133 Object transported with these references nulled out: [recordType:7]
2026-03-13 17:09:04.92 DEBUG recordType 7 56e24fa4-b6b0-49e6-a8c4-99845ebcfe9d Begin transport.
2026-03-13 17:09:04.92 DEBUG recordType 7 56e24fa4-b6b0-49e6-a8c4-99845ebcfe9d Loop detected: [recordType:7, processModel:153]
2026-03-13 17:09:04.92 DEBUG recordType 7 Breaking loop [recordType:7, processModel:153]. processModel:153 will be transported with its reference to 7 nulled out and will require a second pass.
2026-03-13 17:09:04.93 DEBUG recordType 7 56e24fa4-b6b0-49e6-a8c4-99845ebcfe9d Begin transport.
2026-03-13 17:09:04.93 DEBUG recordType 7 56e24fa4-b6b0-49e6-a8c4-99845ebcfe9d Loop detected: [recordType:7, processModel:153]
2026-03-13 17:09:04.93 DEBUG recordType 7 Breaking loop [recordType:7, processModel:153]. processModel:153 will be transported with its reference to 7 nulled out and will require a second pass.
2026-03-13 17:09:04.935 DEBUG recordType 7 56e24fa4-b6b0-49e6-a8c4-99845ebcfe9d Begin transport.
2026-03-13 17:09:04.935 DEBUG recordType 7 56e24fa4-b6b0-49e6-a8c4-99845ebcfe9d Loop detected: [recordType:7, processModel:153]
2026-03-13 17:09:04.935 DEBUG recordType 7 Breaking loop [recordType:7, processModel:153]. processModel:153 will be transported with its reference to 7 nulled out and will require a second pass.
2026-03-13 17:09:04.94 DEBUG processModel 153 0002ef48-c0df-8000-2255-7f0000014e7a Object transported with these references nulled out: [recordType:7]
2026-03-13 17:09:04.941 DEBUG recordType 7 56e24fa4-b6b0-49e6-a8c4-99845ebcfe9d Processing reference: RelatedActionCfg.visibilityExpr
2026-03-13 17:09:04.941 DEBUG recordType 7 56e24fa4-b6b0-49e6-a8c4-99845ebcfe9d Processing reference: RelatedActionCfg.contextExpr
2026-03-13 17:09:04.954 DEBUG recordType 8 4319b3e4-ca07-43be-8557-19466417914e Begin transport.
2026-03-13 17:09:04.954 DEBUG recordType 8 4319b3e4-ca07-43be-8557-19466417914e Loop detected: [recordType:8, content:1702, recordType:7]
2026-03-13 17:09:04.954 DEBUG recordType 8 Breaking loop [recordType:8, content:1702, recordType:7]. recordType:7 will be transported with its reference to 8 nulled out and will require a second pass.
2026-03-13 17:09:04.959 DEBUG recordType 8 4319b3e4-ca07-43be-8557-19466417914e Begin transport.
2026-03-13 17:09:04.959 DEBUG recordType 8 4319b3e4-ca07-43be-8557-19466417914e Loop detected: [recordType:8, content:1702, recordType:7]
2026-03-13 17:09:04.959 DEBUG recordType 8 Breaking loop [recordType:8, content:1702, recordType:7]. recordType:7 will be transported with its reference to 8 nulled out and will require a second pass.
2026-03-13 17:09:04.962 DEBUG recordType 8 4319b3e4-ca07-43be-8557-19466417914e Begin transport.
2026-03-13 17:09:04.962 DEBUG recordType 8 4319b3e4-ca07-43be-8557-19466417914e Loop detected: [recordType:8, content:1702, recordType:7]
2026-03-13 17:09:04.962 DEBUG recordType 8 Breaking loop [recordType:8, content:1702, recordType:7]. recordType:7 will be transported with its reference to 8 nulled out and will require a second pass.
2026-03-13 17:09:04.962 DEBUG recordType 7 56e24fa4-b6b0-49e6-a8c4-99845ebcfe9d Processing reference: RecordTypeRelatedActionSecurityCfg.dataFilter
2026-03-13 17:09:04.972 DEBUG recordType 7 56e24fa4-b6b0-49e6-a8c4-99845ebcfe9d Processing reference: RecordTypeRelatedActionSecurityCfg.membershipFilter
2026-03-13 17:09:04.973 DEBUG recordType 7 56e24fa4-b6b0-49e6-a8c4-99845ebcfe9d Processing reference: RelatedActionCfg.target
2026-03-13 17:09:04.977 DEBUG processModel 154 0002ef48-c6d7-8000-2259-7f0000014e7a Begin transport.
2026-03-13 17:09:04.977 DEBUG processModel 154 0002ef48-c6d7-8000-2259-7f0000014e7a Retrieving object data.
2026-03-13 17:09:05.152 DEBUG processModel 154 0002ef48-c6d7-8000-2259-7f0000014e7a Setting uuids of object references.
2026-03-13 17:09:05.152 DEBUG processModel 154 0002ef48-c6d7-8000-2259-7f0000014e7a Processing reference: ProcessModelHaul.folderId
2026-03-13 17:09:05.153 DEBUG processModel 154 0002ef48-c6d7-8000-2259-7f0000014e7a Processing reference: ProcessModelHaul.modelDashboardPageId
2026-03-13 17:09:05.153 DEBUG processModel 154 0002ef48-c6d7-8000-2259-7f0000014e7a Processing reference: ProcessModelHaul.processDashboardPageId
2026-03-13 17:09:05.154 DEBUG processModel 154 0002ef48-c6d7-8000-2259-7f0000014e7a Processing reference: ProcessModel.emailAttachmentFolderId
2026-03-13 17:09:05.154 DEBUG processModel 154 0002ef48-c6d7-8000-2259-7f0000014e7a Processing reference: 4096 42
2026-03-13 17:09:05.156 DEBUG processModel 154 0002ef48-c6d7-8000-2259-7f0000014e7a Processing reference: ActivityClass.localId
2026-03-13 17:09:05.156 DEBUG processModel 154 0002ef48-c6d7-8000-2259-7f0000014e7a Processing reference: ActivityClass.localId
2026-03-13 17:09:05.156 DEBUG processModel 154 0002ef48-c6d7-8000-2259-7f0000014e7a Processing reference: ActivityClassParameter[name=pmID,it=23,v=<null>]
2026-03-13 17:09:05.156 DEBUG processModel 154 0002ef48-c6d7-8000-2259-7f0000014e7a Processing reference: ActivityClassParameter[name=inMap,it=111,v={}]
2026-03-13 17:09:05.157 DEBUG processModel 154 0002ef48-c6d7-8000-2259-7f0000014e7a Processing reference: ActivityClassParameter[name=procInheritsPriority,it=1,v=1]
2026-03-13 17:09:05.157 DEBUG processModel 154 0002ef48-c6d7-8000-2259-7f0000014e7a Processing reference: ActivityClassParameter[name=pmUUID,it=3,v=]
2026-03-13 17:09:05.157 DEBUG processModel 154 0002ef48-c6d7-8000-2259-7f0000014e7a Processing reference: ActivityClassParameter[name=isAsynchronous,it=26,v=1]
2026-03-13 17:09:05.157 DEBUG processModel 154 0002ef48-c6d7-8000-2259-7f0000014e7a Processing reference: ActivityClassParameter[name=isTransparent,it=26,v=1]
2026-03-13 17:09:05.157 DEBUG processModel 154 0002ef48-c6d7-8000-2259-7f0000014e7a Processing reference: ActivityClassParameter[name=inheritSecurity,it=26,v=0]
2026-03-13 17:09:05.157 DEBUG processModel 154 0002ef48-c6d7-8000-2259-7f0000014e7a Processing reference: ActivityClassParameter[name=maintenanceId,it=1,v=<null>]
2026-03-13 17:09:05.158 DEBUG processModel 154 0002ef48-c6d7-8000-2259-7f0000014e7a Processing reference: ActivityClass.localId
2026-03-13 17:09:05.158 DEBUG processModel 154 0002ef48-c6d7-8000-2259-7f0000014e7a Processing reference: ActivityClassParameter[name=Integration,it=250,v=1692]
2026-03-13 17:09:05.162 DEBUG content 1692 c4d918bf-418b-4944-a0ce-595073e6abd9 Begin transport.
2026-03-13 17:09:05.162 DEBUG content 1692 c4d918bf-418b-4944-a0ce-595073e6abd9 Retrieving object data.
2026-03-13 17:09:05.174 DEBUG content 1692 c4d918bf-418b-4944-a0ce-595073e6abd9 Setting uuids of object references.
2026-03-13 17:09:05.174 DEBUG content 1692 c4d918bf-418b-4944-a0ce-595073e6abd9 Processing reference: [Content:id=1692,versionId=-1,name=TDFD_completeMaintenance,type=32,subtype=5,uuid=c4d918bf-418b-4944-a0ce-595073e6abd9,parent=1674]
2026-03-13 17:09:05.182 DEBUG content 1692 c4d918bf-418b-4944-a0ce-595073e6abd9 Processing reference: OutboundIntegration.forum
2026-03-13 17:09:05.183 DEBUG content 1692 c4d918bf-418b-4944-a0ce-595073e6abd9 Processing reference: OutboundIntegration.integrationOutputsAsTypedValue
2026-03-13 17:09:05.183 DEBUG content 1692 c4d918bf-418b-4944-a0ce-595073e6abd9 Processing reference: TypedVariable[name=maintenanceId,it=1,v=<null>]
2026-03-13 17:09:05.183 DEBUG content 1692 c4d918bf-418b-4944-a0ce-595073e6abd9 Processing reference: TypedVariable[name=notesClose,it=3,v=]
2026-03-13 17:09:05.183 DEBUG content 1692 c4d918bf-418b-4944-a0ce-595073e6abd9 Processing reference: TypedVariable[name=onSuccess,it=97,v=<null>]
2026-03-13 17:09:05.184 DEBUG content 1692 c4d918bf-418b-4944-a0ce-595073e6abd9 Processing reference: TypedVariable[name=onError,it=97,v=<null>]
2026-03-13 17:09:05.184 DEBUG content 1692 c4d918bf-418b-4944-a0ce-595073e6abd9 Processing reference: OutboundIntegration.parent
2026-03-13 17:09:05.188 DEBUG content 1692 c4d918bf-418b-4944-a0ce-595073e6abd9 Processing reference: com.appiancorp.suiteapi.content.ContentRoleMap@5e76c4bd[
  ContentRole[name=readers,inherit=true,allowForAll=false]
  ContentRole[name=authors,inherit=true,allowForAll=false]
  ContentRole[name=administrators,inherit=true,allowForAll=false]
  ContentRole[name=denyReaders,inherit=false,allowForAll=false]
  ContentRole[name=denyAuthors,inherit=false,allowForAll=false]
  ContentRole[name=denyAdministrators,inherit=false,allowForAll=false]
  securityVector=15:SEC_PUBLIC=true,SEC_CREATOR_ADMIN=false,SEC_INH_ADMIN=true,SEC_INH_EDITOR=true,SEC_INH_VIEWER=true,SEC_ALL_ADMIN=false,SEC_ALL_EDITOR=false,SEC_ALL_VIEWER=false
]
2026-03-13 17:09:05.188 DEBUG content 1692 c4d918bf-418b-4944-a0ce-595073e6abd9 Processing reference: ContentRole[name=readers,inherit=true,allowForAll=false]
2026-03-13 17:09:05.188 DEBUG content 1692 c4d918bf-418b-4944-a0ce-595073e6abd9 Processing reference: ContentRole[name=authors,inherit=true,allowForAll=false]
2026-03-13 17:09:05.188 DEBUG content 1692 c4d918bf-418b-4944-a0ce-595073e6abd9 Processing reference: ContentRole[name=administrators,inherit=true,allowForAll=false]
2026-03-13 17:09:05.188 DEBUG content 1692 c4d918bf-418b-4944-a0ce-595073e6abd9 Processing reference: ContentRole[name=denyReaders,inherit=false,allowForAll=false]
2026-03-13 17:09:05.188 DEBUG content 1692 c4d918bf-418b-4944-a0ce-595073e6abd9 Processing reference: ContentRole[name=denyAuthors,inherit=false,allowForAll=false]
2026-03-13 17:09:05.188 DEBUG content 1692 c4d918bf-418b-4944-a0ce-595073e6abd9 Processing reference: ContentRole[name=denyAdministrators,inherit=false,allowForAll=false]
2026-03-13 17:09:05.189 DEBUG content 1692 c4d918bf-418b-4944-a0ce-595073e6abd9 Exporting binary resources.
2026-03-13 17:09:05.189 DEBUG content 1692 c4d918bf-418b-4944-a0ce-595073e6abd9 Serializing object to XML.
2026-03-13 17:09:05.212 DEBUG content 1692 c4d918bf-418b-4944-a0ce-595073e6abd9 Object transported.
2026-03-13 17:09:05.215 DEBUG processModel 154 0002ef48-c6d7-8000-2259-7f0000014e7a Processing reference: ActivityClassParameter[name=Success,it=26,v=<null>]
2026-03-13 17:09:05.215 DEBUG processModel 154 0002ef48-c6d7-8000-2259-7f0000014e7a Processing reference: ActivityClassParameter[name=Result,it=2888,v=<null>]
2026-03-13 17:09:05.215 DEBUG processModel 154 0002ef48-c6d7-8000-2259-7f0000014e7a Processing reference: ActivityClassParameter[name=Error,it=2936,v=<null>]
2026-03-13 17:09:05.215 DEBUG processModel 154 0002ef48-c6d7-8000-2259-7f0000014e7a Processing reference: ActivityClassParameter[name=ConnectedSystem,it=256,v=<null>]
2026-03-13 17:09:05.216 DEBUG processModel 154 0002ef48-c6d7-8000-2259-7f0000014e7a Processing reference: ActivityClass.localId
2026-03-13 17:09:05.217 DEBUG processModel 154 0002ef48-c6d7-8000-2259-7f0000014e7a Processing reference: ActivityClassParameter[name=RecordType,it=272,v=]
2026-03-13 17:09:05.217 DEBUG processModel 154 0002ef48-c6d7-8000-2259-7f0000014e7a Processing reference: ActivityClassParameter[name=Identifiers,it=97,v=TypedValue[it=97,v=<null>]]
2026-03-13 17:09:05.217 DEBUG processModel 154 0002ef48-c6d7-8000-2259-7f0000014e7a Processing reference: ActivityClassParameter[name=RecordsUpdated,it=97,v=TypedValue[it=97,v=<null>]]
2026-03-13 17:09:05.217 DEBUG processModel 154 0002ef48-c6d7-8000-2259-7f0000014e7a Processing reference: ActivityClassParameter[name=QueryError,it=3,v=]
2026-03-13 17:09:05.221 DEBUG processModel 154 0002ef48-c6d7-8000-2259-7f0000014e7a Processing reference: ActivityClass.localId
2026-03-13 17:09:05.221 DEBUG processModel 154 0002ef48-c6d7-8000-2259-7f0000014e7a Processing reference: ActivityClassParameter[name=defaultNode,it=1,v=3]
2026-03-13 17:09:05.222 DEBUG processModel 154 0002ef48-c6d7-8000-2259-7f0000014e7a Processing reference: ActivityClassParameter[name=rules,it=111,v={ActivityClassParameter[name=rule,it=11,v={ActivityClassParameter[name=expression,it=26,v=<null>],ActivityClassParameter[name=node,it=1,v=1],ActivityClassParameter[name=label,it=3,v=Yes]}]}]
2026-03-13 17:09:05.222 DEBUG processModel 154 0002ef48-c6d7-8000-2259-7f0000014e7a Processing reference: ActivityClassParameter[name=fired,it=1,v=0]
2026-03-13 17:09:05.222 DEBUG processModel 154 0002ef48-c6d7-8000-2259-7f0000014e7a Processing reference: ActivityClassParameter[name=arrivedNodes,it=101,v=<null>]
2026-03-13 17:09:05.223 DEBUG processModel 154 0002ef48-c6d7-8000-2259-7f0000014e7a Processing reference: ActivityClass.localId
2026-03-13 17:09:05.223 DEBUG processModel 154 0002ef48-c6d7-8000-2259-7f0000014e7a Processing reference: ActivityClassParameter[name=RecordType,it=272,v=]
2026-03-13 17:09:05.223 DEBUG processModel 154 0002ef48-c6d7-8000-2259-7f0000014e7a Processing reference: ActivityClassParameter[name=Identifiers,it=97,v=TypedValue[it=97,v=<null>]]
2026-03-13 17:09:05.223 DEBUG processModel 154 0002ef48-c6d7-8000-2259-7f0000014e7a Processing reference: ActivityClassParameter[name=RecordsUpdated,it=97,v=TypedValue[it=97,v=<null>]]
2026-03-13 17:09:05.223 DEBUG processModel 154 0002ef48-c6d7-8000-2259-7f0000014e7a Processing reference: ActivityClassParameter[name=QueryError,it=3,v=]
2026-03-13 17:09:05.223 DEBUG processModel 154 0002ef48-c6d7-8000-2259-7f0000014e7a Processing reference: ProcessVariable[name=cancel,it=26,v=<null>]
2026-03-13 17:09:05.223 DEBUG processModel 154 0002ef48-c6d7-8000-2259-7f0000014e7a Processing reference: ProcessVariable[name=maintenance,it=4552,v=<null>]
2026-03-13 17:09:05.228 DEBUG recordType 7 56e24fa4-b6b0-49e6-a8c4-99845ebcfe9d Begin transport.
2026-03-13 17:09:05.228 DEBUG recordType 7 56e24fa4-b6b0-49e6-a8c4-99845ebcfe9d Loop detected: [recordType:7, processModel:154]
2026-03-13 17:09:05.228 DEBUG recordType 7 Breaking loop [recordType:7, processModel:154]. processModel:154 will be transported with its reference to 7 nulled out and will require a second pass.
2026-03-13 17:09:05.228 DEBUG processModel 154 0002ef48-c6d7-8000-2259-7f0000014e7a Processing reference: com.appiancorp.suiteapi.process.ProcessRoleMap@297ea1bc[
  Role[name=ADMIN_OWNER,groupIds=[42]]
  Role[name=EDITOR]
  Role[name=EXPLICIT_NONMEMBER]
  Role[name=VIEWER,groupIds=[43]]
  Role[name=MANAGER]
  Role[name=INITIATOR]
]
2026-03-13 17:09:05.228 DEBUG processModel 154 0002ef48-c6d7-8000-2259-7f0000014e7a Processing reference: Role[name=ADMIN_OWNER,groupIds=[42]]
2026-03-13 17:09:05.231 DEBUG processModel 154 0002ef48-c6d7-8000-2259-7f0000014e7a Processing reference: Role[name=EDITOR]
2026-03-13 17:09:05.231 DEBUG processModel 154 0002ef48-c6d7-8000-2259-7f0000014e7a Processing reference: Role[name=EXPLICIT_NONMEMBER]
2026-03-13 17:09:05.231 DEBUG processModel 154 0002ef48-c6d7-8000-2259-7f0000014e7a Processing reference: Role[name=VIEWER,groupIds=[43]]
2026-03-13 17:09:05.232 DEBUG processModel 154 0002ef48-c6d7-8000-2259-7f0000014e7a Processing reference: Role[name=MANAGER]
2026-03-13 17:09:05.232 DEBUG processModel 154 0002ef48-c6d7-8000-2259-7f0000014e7a Processing reference: Role[name=INITIATOR]
2026-03-13 17:09:05.24 DEBUG content 1705 _a-0000ef40-8303-8000-9be5-011c48011c48_813158 Begin transport.
2026-03-13 17:09:05.24 DEBUG content 1705 _a-0000ef40-8303-8000-9be5-011c48011c48_813158 Retrieving object data.
2026-03-13 17:09:05.261 DEBUG content 1705 _a-0000ef40-8303-8000-9be5-011c48011c48_813158 Setting uuids of object references.
2026-03-13 17:09:05.261 DEBUG content 1705 _a-0000ef40-8303-8000-9be5-011c48011c48_813158 Processing reference: [Content:id=1705,versionId=-1,name=TDFD_FORM_completeMaintenance,type=32,subtype=6,uuid=_a-0000ef40-8303-8000-9be5-011c48011c48_813158,parent=1674]
2026-03-13 17:09:05.276 DEBUG recordType 7 56e24fa4-b6b0-49e6-a8c4-99845ebcfe9d Begin transport.
2026-03-13 17:09:05.276 DEBUG recordType 7 56e24fa4-b6b0-49e6-a8c4-99845ebcfe9d Loop detected: [recordType:7, processModel:154, content:1705]
2026-03-13 17:09:05.276 DEBUG recordType 7 Breaking loop [recordType:7, processModel:154, content:1705]. content:1705 will be transported with its reference to 7 nulled out and will require a second pass.
2026-03-13 17:09:05.278 DEBUG recordType 7 56e24fa4-b6b0-49e6-a8c4-99845ebcfe9d Begin transport.
2026-03-13 17:09:05.278 DEBUG recordType 7 56e24fa4-b6b0-49e6-a8c4-99845ebcfe9d Loop detected: [recordType:7, processModel:154, content:1705]
2026-03-13 17:09:05.278 DEBUG recordType 7 Breaking loop [recordType:7, processModel:154, content:1705]. content:1705 will be transported with its reference to 7 nulled out and will require a second pass.
2026-03-13 17:09:05.281 DEBUG content 1705 _a-0000ef40-8303-8000-9be5-011c48011c48_813158 Processing reference: Interface.forum
2026-03-13 17:09:05.281 DEBUG content 1705 _a-0000ef40-8303-8000-9be5-011c48011c48_813158 Processing reference: TypedVariable[name=cancel,it=26,v=<null>]
2026-03-13 17:09:05.282 DEBUG content 1705 _a-0000ef40-8303-8000-9be5-011c48011c48_813158 Processing reference: TypedVariable[name=maintenance,it=4552,v=<null>]
2026-03-13 17:09:05.288 DEBUG recordType 7 56e24fa4-b6b0-49e6-a8c4-99845ebcfe9d Begin transport.
2026-03-13 17:09:05.288 DEBUG recordType 7 56e24fa4-b6b0-49e6-a8c4-99845ebcfe9d Loop detected: [recordType:7, processModel:154, content:1705]
2026-03-13 17:09:05.288 DEBUG recordType 7 Breaking loop [recordType:7, processModel:154, content:1705]. content:1705 will be transported with its reference to 7 nulled out and will require a second pass.
2026-03-13 17:09:05.288 DEBUG content 1705 _a-0000ef40-8303-8000-9be5-011c48011c48_813158 Processing reference: Interface.parent
2026-03-13 17:09:05.302 DEBUG content 1705 _a-0000ef40-8303-8000-9be5-011c48011c48_813158 Processing reference: com.appiancorp.suiteapi.content.ContentRoleMap@3682a557[
  ContentRole[name=readers,inherit=true,allowForAll=false]
  ContentRole[name=authors,inherit=true,allowForAll=false]
  ContentRole[name=administrators,inherit=true,allowForAll=false]
  ContentRole[name=denyReaders,inherit=false,allowForAll=false]
  ContentRole[name=denyAuthors,inherit=false,allowForAll=false]
  ContentRole[name=denyAdministrators,inherit=false,allowForAll=false]
  securityVector=15:SEC_PUBLIC=true,SEC_CREATOR_ADMIN=false,SEC_INH_ADMIN=true,SEC_INH_EDITOR=true,SEC_INH_VIEWER=true,SEC_ALL_ADMIN=false,SEC_ALL_EDITOR=false,SEC_ALL_VIEWER=false
]
2026-03-13 17:09:05.302 DEBUG content 1705 _a-0000ef40-8303-8000-9be5-011c48011c48_813158 Processing reference: ContentRole[name=readers,inherit=true,allowForAll=false]
2026-03-13 17:09:05.302 DEBUG content 1705 _a-0000ef40-8303-8000-9be5-011c48011c48_813158 Processing reference: ContentRole[name=authors,inherit=true,allowForAll=false]
2026-03-13 17:09:05.302 DEBUG content 1705 _a-0000ef40-8303-8000-9be5-011c48011c48_813158 Processing reference: ContentRole[name=administrators,inherit=true,allowForAll=false]
2026-03-13 17:09:05.302 DEBUG content 1705 _a-0000ef40-8303-8000-9be5-011c48011c48_813158 Processing reference: ContentRole[name=denyReaders,inherit=false,allowForAll=false]
2026-03-13 17:09:05.302 DEBUG content 1705 _a-0000ef40-8303-8000-9be5-011c48011c48_813158 Processing reference: ContentRole[name=denyAuthors,inherit=false,allowForAll=false]
2026-03-13 17:09:05.302 DEBUG content 1705 _a-0000ef40-8303-8000-9be5-011c48011c48_813158 Processing reference: ContentRole[name=denyAdministrators,inherit=false,allowForAll=false]
2026-03-13 17:09:05.315 DEBUG recordType 7 56e24fa4-b6b0-49e6-a8c4-99845ebcfe9d Begin transport.
2026-03-13 17:09:05.316 DEBUG recordType 7 56e24fa4-b6b0-49e6-a8c4-99845ebcfe9d Loop detected: [recordType:7, processModel:154, content:1705]
2026-03-13 17:09:05.316 DEBUG recordType 7 Breaking loop [recordType:7, processModel:154, content:1705]. content:1705 will be transported with its reference to 7 nulled out and will require a second pass.
2026-03-13 17:09:05.324 DEBUG recordType 7 56e24fa4-b6b0-49e6-a8c4-99845ebcfe9d Begin transport.
2026-03-13 17:09:05.324 DEBUG recordType 7 56e24fa4-b6b0-49e6-a8c4-99845ebcfe9d Loop detected: [recordType:7, processModel:154, content:1705]
2026-03-13 17:09:05.324 DEBUG recordType 7 Breaking loop [recordType:7, processModel:154, content:1705]. content:1705 will be transported with its reference to 7 nulled out and will require a second pass.
2026-03-13 17:09:05.329 DEBUG recordType 7 56e24fa4-b6b0-49e6-a8c4-99845ebcfe9d Begin transport.
2026-03-13 17:09:05.329 DEBUG recordType 7 56e24fa4-b6b0-49e6-a8c4-99845ebcfe9d Loop detected: [recordType:7, processModel:154, content:1705]
2026-03-13 17:09:05.329 DEBUG recordType 7 Breaking loop [recordType:7, processModel:154, content:1705]. content:1705 will be transported with its reference to 7 nulled out and will require a second pass.
2026-03-13 17:09:05.332 DEBUG recordType 7 56e24fa4-b6b0-49e6-a8c4-99845ebcfe9d Begin transport.
2026-03-13 17:09:05.332 DEBUG recordType 7 56e24fa4-b6b0-49e6-a8c4-99845ebcfe9d Loop detected: [recordType:7, processModel:154, content:1705]
2026-03-13 17:09:05.332 DEBUG recordType 7 Breaking loop [recordType:7, processModel:154, content:1705]. content:1705 will be transported with its reference to 7 nulled out and will require a second pass.
2026-03-13 17:09:05.334 DEBUG recordType 7 56e24fa4-b6b0-49e6-a8c4-99845ebcfe9d Begin transport.
2026-03-13 17:09:05.335 DEBUG recordType 7 56e24fa4-b6b0-49e6-a8c4-99845ebcfe9d Loop detected: [recordType:7, processModel:154, content:1705]
2026-03-13 17:09:05.335 DEBUG recordType 7 Breaking loop [recordType:7, processModel:154, content:1705]. content:1705 will be transported with its reference to 7 nulled out and will require a second pass.
2026-03-13 17:09:05.337 DEBUG recordType 7 56e24fa4-b6b0-49e6-a8c4-99845ebcfe9d Begin transport.
2026-03-13 17:09:05.337 DEBUG recordType 7 56e24fa4-b6b0-49e6-a8c4-99845ebcfe9d Loop detected: [recordType:7, processModel:154, content:1705]
2026-03-13 17:09:05.337 DEBUG recordType 7 Breaking loop [recordType:7, processModel:154, content:1705]. content:1705 will be transported with its reference to 7 nulled out and will require a second pass.
2026-03-13 17:09:05.34 DEBUG recordType 7 56e24fa4-b6b0-49e6-a8c4-99845ebcfe9d Begin transport.
2026-03-13 17:09:05.34 DEBUG recordType 7 56e24fa4-b6b0-49e6-a8c4-99845ebcfe9d Loop detected: [recordType:7, processModel:154, content:1705]
2026-03-13 17:09:05.34 DEBUG recordType 7 Breaking loop [recordType:7, processModel:154, content:1705]. content:1705 will be transported with its reference to 7 nulled out and will require a second pass.
2026-03-13 17:09:05.342 DEBUG recordType 7 56e24fa4-b6b0-49e6-a8c4-99845ebcfe9d Begin transport.
2026-03-13 17:09:05.342 DEBUG recordType 7 56e24fa4-b6b0-49e6-a8c4-99845ebcfe9d Loop detected: [recordType:7, processModel:154, content:1705]
2026-03-13 17:09:05.342 DEBUG recordType 7 Breaking loop [recordType:7, processModel:154, content:1705]. content:1705 will be transported with its reference to 7 nulled out and will require a second pass.
2026-03-13 17:09:05.345 DEBUG recordType 7 56e24fa4-b6b0-49e6-a8c4-99845ebcfe9d Begin transport.
2026-03-13 17:09:05.345 DEBUG recordType 7 56e24fa4-b6b0-49e6-a8c4-99845ebcfe9d Loop detected: [recordType:7, processModel:154, content:1705]
2026-03-13 17:09:05.345 DEBUG recordType 7 Breaking loop [recordType:7, processModel:154, content:1705]. content:1705 will be transported with its reference to 7 nulled out and will require a second pass.
2026-03-13 17:09:05.352 DEBUG recordType 7 56e24fa4-b6b0-49e6-a8c4-99845ebcfe9d Begin transport.
2026-03-13 17:09:05.352 DEBUG recordType 7 56e24fa4-b6b0-49e6-a8c4-99845ebcfe9d Loop detected: [recordType:7, processModel:154, content:1705]
2026-03-13 17:09:05.352 DEBUG recordType 7 Breaking loop [recordType:7, processModel:154, content:1705]. content:1705 will be transported with its reference to 7 nulled out and will require a second pass.
2026-03-13 17:09:05.354 DEBUG content 1705 _a-0000ef40-8303-8000-9be5-011c48011c48_813158 Object transported with these references nulled out: [recordType:7]
2026-03-13 17:09:05.361 DEBUG recordType 7 56e24fa4-b6b0-49e6-a8c4-99845ebcfe9d Begin transport.
2026-03-13 17:09:05.361 DEBUG recordType 7 56e24fa4-b6b0-49e6-a8c4-99845ebcfe9d Loop detected: [recordType:7, processModel:154]
2026-03-13 17:09:05.361 DEBUG recordType 7 Breaking loop [recordType:7, processModel:154]. processModel:154 will be transported with its reference to 7 nulled out and will require a second pass.
2026-03-13 17:09:05.368 DEBUG recordType 7 56e24fa4-b6b0-49e6-a8c4-99845ebcfe9d Begin transport.
2026-03-13 17:09:05.368 DEBUG recordType 7 56e24fa4-b6b0-49e6-a8c4-99845ebcfe9d Loop detected: [recordType:7, processModel:154]
2026-03-13 17:09:05.368 DEBUG recordType 7 Breaking loop [recordType:7, processModel:154]. processModel:154 will be transported with its reference to 7 nulled out and will require a second pass.
2026-03-13 17:09:05.371 DEBUG recordType 7 56e24fa4-b6b0-49e6-a8c4-99845ebcfe9d Begin transport.
2026-03-13 17:09:05.371 DEBUG recordType 7 56e24fa4-b6b0-49e6-a8c4-99845ebcfe9d Loop detected: [recordType:7, processModel:154]
2026-03-13 17:09:05.371 DEBUG recordType 7 Breaking loop [recordType:7, processModel:154]. processModel:154 will be transported with its reference to 7 nulled out and will require a second pass.
2026-03-13 17:09:05.377 DEBUG recordType 8 4319b3e4-ca07-43be-8557-19466417914e Begin transport.
2026-03-13 17:09:05.377 DEBUG recordType 8 4319b3e4-ca07-43be-8557-19466417914e Loop detected: [recordType:8, content:1702, recordType:7, processModel:154]
2026-03-13 17:09:05.377 DEBUG recordType 8 Breaking loop [recordType:8, content:1702, recordType:7, processModel:154]. processModel:154 will be transported with its reference to 8 nulled out and will require a second pass.
2026-03-13 17:09:05.38 DEBUG recordType 7 56e24fa4-b6b0-49e6-a8c4-99845ebcfe9d Begin transport.
2026-03-13 17:09:05.381 DEBUG recordType 7 56e24fa4-b6b0-49e6-a8c4-99845ebcfe9d Loop detected: [recordType:7, processModel:154]
2026-03-13 17:09:05.381 DEBUG recordType 7 Breaking loop [recordType:7, processModel:154]. processModel:154 will be transported with its reference to 7 nulled out and will require a second pass.
2026-03-13 17:09:05.386 DEBUG recordType 7 56e24fa4-b6b0-49e6-a8c4-99845ebcfe9d Begin transport.
2026-03-13 17:09:05.386 DEBUG recordType 7 56e24fa4-b6b0-49e6-a8c4-99845ebcfe9d Loop detected: [recordType:7, processModel:154]
2026-03-13 17:09:05.386 DEBUG recordType 7 Breaking loop [recordType:7, processModel:154]. processModel:154 will be transported with its reference to 7 nulled out and will require a second pass.
2026-03-13 17:09:05.386 DEBUG processModel 154 0002ef48-c6d7-8000-2259-7f0000014e7a Object transported with these references nulled out: [recordType:7, recordType:8]
2026-03-13 17:09:05.386 DEBUG recordType 7 56e24fa4-b6b0-49e6-a8c4-99845ebcfe9d Processing reference: RelatedActionCfg.visibilityExpr
2026-03-13 17:09:05.386 DEBUG recordType 7 56e24fa4-b6b0-49e6-a8c4-99845ebcfe9d Processing reference: RecordTypeDefinition.source
2026-03-13 17:09:05.386 DEBUG recordType 7 56e24fa4-b6b0-49e6-a8c4-99845ebcfe9d Processing reference: RecordTypeDefinition.titleExpr
2026-03-13 17:09:05.387 DEBUG recordType 7 56e24fa4-b6b0-49e6-a8c4-99845ebcfe9d Processing reference: Role[name=record_type_administrator,groupIds=[42]]
2026-03-13 17:09:05.392 DEBUG recordType 7 56e24fa4-b6b0-49e6-a8c4-99845ebcfe9d Processing reference: Role[name=record_type_viewer,groupIds=[43]]
2026-03-13 17:09:05.394 DEBUG recordType 7 56e24fa4-b6b0-49e6-a8c4-99845ebcfe9d Object transported with these references nulled out: [recordType:8]
2026-03-13 17:09:05.394 DEBUG recordType 7 56e24fa4-b6b0-49e6-a8c4-99845ebcfe9d Binding pending incomplete: recordType:5
2026-03-13 17:09:05.398 DEBUG recordType 5 b690d012-a76d-4b0d-a29a-913ecf4f4bf9 Begin transport.
2026-03-13 17:09:05.398 DEBUG recordType 5 b690d012-a76d-4b0d-a29a-913ecf4f4bf9 Retrieving object data.
2026-03-13 17:09:05.457 DEBUG recordType 5 b690d012-a76d-4b0d-a29a-913ecf4f4bf9 Setting uuids of object references.
2026-03-13 17:09:05.457 DEBUG recordType 5 b690d012-a76d-4b0d-a29a-913ecf4f4bf9 Processing reference: RecordTypeDefinition.dataSrcExpr
2026-03-13 17:09:05.458 DEBUG recordType 5 b690d012-a76d-4b0d-a29a-913ecf4f4bf9 Processing reference: RecordTypeDefinition.defaultFilters
2026-03-13 17:09:05.458 DEBUG recordType 5 b690d012-a76d-4b0d-a29a-913ecf4f4bf9 Processing reference: RecordTypeDefinition.defaultFiltersExpr
2026-03-13 17:09:05.458 DEBUG recordType 5 b690d012-a76d-4b0d-a29a-913ecf4f4bf9 Processing reference: RecordTypeDefinition.defaultSortInfoAsQueryInfos
2026-03-13 17:09:05.458 DEBUG recordType 5 b690d012-a76d-4b0d-a29a-913ecf4f4bf9 Processing reference: DetailViewCfg.headerExpr
2026-03-13 17:09:05.458 DEBUG recordType 5 b690d012-a76d-4b0d-a29a-913ecf4f4bf9 Processing reference: DetailViewCfg.nameExpr
2026-03-13 17:09:05.459 DEBUG recordType 5 b690d012-a76d-4b0d-a29a-913ecf4f4bf9 Processing reference: DetailViewCfg.uiExpr
2026-03-13 17:09:05.459 DEBUG recordType 5 b690d012-a76d-4b0d-a29a-913ecf4f4bf9 Processing reference: DetailViewCfg.visibilityExpr
2026-03-13 17:09:05.459 DEBUG recordType 5 b690d012-a76d-4b0d-a29a-913ecf4f4bf9 Processing reference: RecordTypeDefinition.facetsListExpr
2026-03-13 17:09:05.46 DEBUG recordType 5 b690d012-a76d-4b0d-a29a-913ecf4f4bf9 Processing reference: RecordTypeDefinition.listViewSrcExpr
2026-03-13 17:09:05.46 DEBUG recordType 5 b690d012-a76d-4b0d-a29a-913ecf4f4bf9 Processing reference: RecordTypeDefinition.listViewTemplateExpr
2026-03-13 17:09:05.483 DEBUG recordType 5 b690d012-a76d-4b0d-a29a-913ecf4f4bf9 Processing reference: com.appiancorp.record.entities.RecordSourceCfg@9a566ec5
2026-03-13 17:09:05.489 DEBUG recordType 5 b690d012-a76d-4b0d-a29a-913ecf4f4bf9 Processing reference: RecordSourceFieldCfg.customFieldExpr
2026-03-13 17:09:05.489 DEBUG recordType 5 b690d012-a76d-4b0d-a29a-913ecf4f4bf9 Processing reference: RecordSourceFieldCfg.recordFieldSecurityMembershipFilter
2026-03-13 17:09:05.489 DEBUG recordType 5 b690d012-a76d-4b0d-a29a-913ecf4f4bf9 Processing reference: RecordSourceFieldCfg.customFieldExpr
2026-03-13 17:09:05.489 DEBUG recordType 5 b690d012-a76d-4b0d-a29a-913ecf4f4bf9 Processing reference: RecordSourceFieldCfg.recordFieldSecurityMembershipFilter
2026-03-13 17:09:05.49 DEBUG recordType 5 b690d012-a76d-4b0d-a29a-913ecf4f4bf9 Processing reference: RecordSourceFieldCfg.customFieldExpr
2026-03-13 17:09:05.49 DEBUG recordType 5 b690d012-a76d-4b0d-a29a-913ecf4f4bf9 Processing reference: RecordSourceFieldCfg.recordFieldSecurityMembershipFilter
2026-03-13 17:09:05.49 DEBUG recordType 5 b690d012-a76d-4b0d-a29a-913ecf4f4bf9 Processing reference: RecordSourceFieldCfg.customFieldExpr
2026-03-13 17:09:05.49 DEBUG recordType 5 b690d012-a76d-4b0d-a29a-913ecf4f4bf9 Processing reference: RecordSourceFieldCfg.recordFieldSecurityMembershipFilter
2026-03-13 17:09:05.49 DEBUG recordType 5 b690d012-a76d-4b0d-a29a-913ecf4f4bf9 Processing reference: RecordSourceFieldCfg.customFieldExpr
2026-03-13 17:09:05.49 DEBUG recordType 5 b690d012-a76d-4b0d-a29a-913ecf4f4bf9 Processing reference: RecordSourceFieldCfg.recordFieldSecurityMembershipFilter
2026-03-13 17:09:05.49 DEBUG recordType 5 b690d012-a76d-4b0d-a29a-913ecf4f4bf9 Processing reference: RecordSourceCfg.sourceContextExpr
2026-03-13 17:09:05.49 DEBUG recordType 5 b690d012-a76d-4b0d-a29a-913ecf4f4bf9 Processing reference: RecordSourceCfg.sourceFilterExpr
2026-03-13 17:09:05.49 DEBUG recordType 5 b690d012-a76d-4b0d-a29a-913ecf4f4bf9 Processing reference: RecordRelationshipCfg.relationshipData
2026-03-13 17:09:05.49 DEBUG recordType 5 b690d012-a76d-4b0d-a29a-913ecf4f4bf9 Processing reference: RecordRelationshipCfg.sourceRecordTypeFieldUuid
2026-03-13 17:09:05.49 DEBUG recordType 5 b690d012-a76d-4b0d-a29a-913ecf4f4bf9 Processing reference: RecordRelationshipCfg.targetJoinFieldStoredForm
2026-03-13 17:09:05.49 DEBUG recordType 5 b690d012-a76d-4b0d-a29a-913ecf4f4bf9 Processing reference: RecordRelationshipCfg.targetRecordTypeRef
2026-03-13 17:09:05.493 DEBUG recordType 5 b690d012-a76d-4b0d-a29a-913ecf4f4bf9 Processing reference: RecordTypeSearchCfg.placeholder
2026-03-13 17:09:05.493 DEBUG recordType 5 b690d012-a76d-4b0d-a29a-913ecf4f4bf9 Processing reference: RecordTypeSearchCfg.searchFieldQueryInfos
2026-03-13 17:09:05.493 DEBUG recordType 5 b690d012-a76d-4b0d-a29a-913ecf4f4bf9 Processing reference: RecordTypeDefinition.recordViewSrcExpr
2026-03-13 17:09:05.493 DEBUG recordType 5 b690d012-a76d-4b0d-a29a-913ecf4f4bf9 Processing reference: RecordTypeDefinition.source
2026-03-13 17:09:05.493 DEBUG recordType 5 b690d012-a76d-4b0d-a29a-913ecf4f4bf9 Processing reference: RecordTypeDefinition.titleExpr
2026-03-13 17:09:05.494 DEBUG recordType 5 b690d012-a76d-4b0d-a29a-913ecf4f4bf9 Processing reference: Role[name=record_type_administrator,groupIds=[42]]
2026-03-13 17:09:05.498 DEBUG recordType 5 b690d012-a76d-4b0d-a29a-913ecf4f4bf9 Processing reference: Role[name=record_type_viewer,groupIds=[43]]
2026-03-13 17:09:05.501 DEBUG recordType 5 b690d012-a76d-4b0d-a29a-913ecf4f4bf9 Exporting binary resources.
2026-03-13 17:09:05.501 DEBUG recordType 5 b690d012-a76d-4b0d-a29a-913ecf4f4bf9 Serializing object to XML.
2026-03-13 17:09:05.509 DEBUG recordType 5 b690d012-a76d-4b0d-a29a-913ecf4f4bf9 Removed object from incomplete list.
2026-03-13 17:09:05.509 DEBUG recordType 5 b690d012-a76d-4b0d-a29a-913ecf4f4bf9 Object transported.
2026-03-13 17:09:05.509 DEBUG recordType 7 56e24fa4-b6b0-49e6-a8c4-99845ebcfe9d Binding pending incomplete: processModel:150
2026-03-13 17:09:05.511 DEBUG recordType 7 56e24fa4-b6b0-49e6-a8c4-99845ebcfe9d Binding pending incomplete: recordType:6
2026-03-13 17:09:05.512 DEBUG recordType 6 b565bcfe-6418-4fd8-b862-3d6b1d6c1fa2 Begin transport.
2026-03-13 17:09:05.512 DEBUG recordType 6 b565bcfe-6418-4fd8-b862-3d6b1d6c1fa2 Retrieving object data.
2026-03-13 17:09:05.641 DEBUG recordType 6 b565bcfe-6418-4fd8-b862-3d6b1d6c1fa2 Setting uuids of object references.
2026-03-13 17:09:05.641 DEBUG recordType 6 b565bcfe-6418-4fd8-b862-3d6b1d6c1fa2 Processing reference: RecordTypeDefinition.dataSrcExpr
2026-03-13 17:09:05.641 DEBUG recordType 6 b565bcfe-6418-4fd8-b862-3d6b1d6c1fa2 Processing reference: RecordTypeDefinition.defaultFilters
2026-03-13 17:09:05.641 DEBUG recordType 6 b565bcfe-6418-4fd8-b862-3d6b1d6c1fa2 Processing reference: RecordTypeDefinition.defaultFiltersExpr
2026-03-13 17:09:05.641 DEBUG recordType 6 b565bcfe-6418-4fd8-b862-3d6b1d6c1fa2 Processing reference: RecordTypeDefinition.defaultSortInfoAsQueryInfos
2026-03-13 17:09:05.641 DEBUG recordType 6 b565bcfe-6418-4fd8-b862-3d6b1d6c1fa2 Processing reference: DetailViewCfg.headerExpr
2026-03-13 17:09:05.641 DEBUG recordType 6 b565bcfe-6418-4fd8-b862-3d6b1d6c1fa2 Processing reference: DetailViewCfg.nameExpr
2026-03-13 17:09:05.642 DEBUG recordType 6 b565bcfe-6418-4fd8-b862-3d6b1d6c1fa2 Processing reference: DetailViewCfg.uiExpr
2026-03-13 17:09:05.642 DEBUG recordType 6 b565bcfe-6418-4fd8-b862-3d6b1d6c1fa2 Processing reference: DetailViewCfg.visibilityExpr
2026-03-13 17:09:05.642 DEBUG recordType 6 b565bcfe-6418-4fd8-b862-3d6b1d6c1fa2 Processing reference: RecordTypeDefinition.facetsListExpr
2026-03-13 17:09:05.642 DEBUG recordType 6 b565bcfe-6418-4fd8-b862-3d6b1d6c1fa2 Processing reference: FieldCfg.defaultOptionExpr
2026-03-13 17:09:05.643 DEBUG recordType 6 b565bcfe-6418-4fd8-b862-3d6b1d6c1fa2 Processing reference: FieldCfg.facetLabelExpr
2026-03-13 17:09:05.643 DEBUG recordType 6 b565bcfe-6418-4fd8-b862-3d6b1d6c1fa2 Processing reference: FieldCfg.relatedRecordFieldUuid
2026-03-13 17:09:05.648 DEBUG recordType 6 b565bcfe-6418-4fd8-b862-3d6b1d6c1fa2 Processing reference: FieldCfg.sourceRef
2026-03-13 17:09:05.651 DEBUG recordType 6 b565bcfe-6418-4fd8-b862-3d6b1d6c1fa2 Processing reference: FieldCfg.visibilityExpr
2026-03-13 17:09:05.651 DEBUG recordType 6 b565bcfe-6418-4fd8-b862-3d6b1d6c1fa2 Processing reference: RecordTypeDefinition.listViewSrcExpr
2026-03-13 17:09:05.651 DEBUG recordType 6 b565bcfe-6418-4fd8-b862-3d6b1d6c1fa2 Processing reference: RecordTypeDefinition.listViewTemplateExpr
2026-03-13 17:09:05.675 DEBUG recordType 6 b565bcfe-6418-4fd8-b862-3d6b1d6c1fa2 Processing reference: com.appiancorp.record.entities.RecordSourceCfg@a4ad13f5
2026-03-13 17:09:05.683 DEBUG recordType 6 b565bcfe-6418-4fd8-b862-3d6b1d6c1fa2 Processing reference: RecordSourceFieldCfg.customFieldExpr
2026-03-13 17:09:05.683 DEBUG recordType 6 b565bcfe-6418-4fd8-b862-3d6b1d6c1fa2 Processing reference: RecordSourceFieldCfg.recordFieldSecurityMembershipFilter
2026-03-13 17:09:05.683 DEBUG recordType 6 b565bcfe-6418-4fd8-b862-3d6b1d6c1fa2 Processing reference: RecordSourceFieldCfg.customFieldExpr
2026-03-13 17:09:05.683 DEBUG recordType 6 b565bcfe-6418-4fd8-b862-3d6b1d6c1fa2 Processing reference: RecordSourceFieldCfg.recordFieldSecurityMembershipFilter
2026-03-13 17:09:05.683 DEBUG recordType 6 b565bcfe-6418-4fd8-b862-3d6b1d6c1fa2 Processing reference: RecordSourceFieldCfg.customFieldExpr
2026-03-13 17:09:05.683 DEBUG recordType 6 b565bcfe-6418-4fd8-b862-3d6b1d6c1fa2 Processing reference: RecordSourceFieldCfg.recordFieldSecurityMembershipFilter
2026-03-13 17:09:05.683 DEBUG recordType 6 b565bcfe-6418-4fd8-b862-3d6b1d6c1fa2 Processing reference: RecordSourceFieldCfg.customFieldExpr
2026-03-13 17:09:05.683 DEBUG recordType 6 b565bcfe-6418-4fd8-b862-3d6b1d6c1fa2 Processing reference: RecordSourceFieldCfg.recordFieldSecurityMembershipFilter
2026-03-13 17:09:05.684 DEBUG recordType 6 b565bcfe-6418-4fd8-b862-3d6b1d6c1fa2 Processing reference: RecordSourceFieldCfg.customFieldExpr
2026-03-13 17:09:05.684 DEBUG recordType 6 b565bcfe-6418-4fd8-b862-3d6b1d6c1fa2 Processing reference: RecordSourceFieldCfg.recordFieldSecurityMembershipFilter
2026-03-13 17:09:05.684 DEBUG recordType 6 b565bcfe-6418-4fd8-b862-3d6b1d6c1fa2 Processing reference: RecordSourceFieldCfg.customFieldExpr
2026-03-13 17:09:05.684 DEBUG recordType 6 b565bcfe-6418-4fd8-b862-3d6b1d6c1fa2 Processing reference: RecordSourceFieldCfg.recordFieldSecurityMembershipFilter
2026-03-13 17:09:05.684 DEBUG recordType 6 b565bcfe-6418-4fd8-b862-3d6b1d6c1fa2 Processing reference: RecordSourceCfg.sourceContextExpr
2026-03-13 17:09:05.684 DEBUG recordType 6 b565bcfe-6418-4fd8-b862-3d6b1d6c1fa2 Processing reference: RecordSourceCfg.sourceFilterExpr
2026-03-13 17:09:05.684 DEBUG recordType 6 b565bcfe-6418-4fd8-b862-3d6b1d6c1fa2 Processing reference: RecordRelationshipCfg.relationshipData
2026-03-13 17:09:05.684 DEBUG recordType 6 b565bcfe-6418-4fd8-b862-3d6b1d6c1fa2 Processing reference: RecordRelationshipCfg.sourceRecordTypeFieldUuid
2026-03-13 17:09:05.684 DEBUG recordType 6 b565bcfe-6418-4fd8-b862-3d6b1d6c1fa2 Processing reference: RecordRelationshipCfg.targetJoinFieldStoredForm
2026-03-13 17:09:05.684 DEBUG recordType 6 b565bcfe-6418-4fd8-b862-3d6b1d6c1fa2 Processing reference: RecordRelationshipCfg.targetRecordTypeRef
2026-03-13 17:09:05.687 DEBUG recordType 6 b565bcfe-6418-4fd8-b862-3d6b1d6c1fa2 Processing reference: RecordTypeSearchCfg.placeholder
2026-03-13 17:09:05.687 DEBUG recordType 6 b565bcfe-6418-4fd8-b862-3d6b1d6c1fa2 Processing reference: RecordTypeSearchCfg.searchFieldQueryInfos
2026-03-13 17:09:05.687 DEBUG recordType 6 b565bcfe-6418-4fd8-b862-3d6b1d6c1fa2 Processing reference: RecordTypeDefinition.recordViewSrcExpr
2026-03-13 17:09:05.687 DEBUG recordType 6 b565bcfe-6418-4fd8-b862-3d6b1d6c1fa2 Processing reference: RecordTypeDefinition.source
2026-03-13 17:09:05.687 DEBUG recordType 6 b565bcfe-6418-4fd8-b862-3d6b1d6c1fa2 Processing reference: RecordTypeDefinition.titleExpr
2026-03-13 17:09:05.687 DEBUG recordType 6 b565bcfe-6418-4fd8-b862-3d6b1d6c1fa2 Processing reference: Role[name=record_type_administrator,groupIds=[42]]
2026-03-13 17:09:05.69 DEBUG recordType 6 b565bcfe-6418-4fd8-b862-3d6b1d6c1fa2 Processing reference: Role[name=record_type_viewer,groupIds=[43]]
2026-03-13 17:09:05.691 DEBUG recordType 6 b565bcfe-6418-4fd8-b862-3d6b1d6c1fa2 Exporting binary resources.
2026-03-13 17:09:05.691 DEBUG recordType 6 b565bcfe-6418-4fd8-b862-3d6b1d6c1fa2 Serializing object to XML.
2026-03-13 17:09:05.703 DEBUG recordType 6 b565bcfe-6418-4fd8-b862-3d6b1d6c1fa2 Removed object from incomplete list.
2026-03-13 17:09:05.703 DEBUG recordType 6 b565bcfe-6418-4fd8-b862-3d6b1d6c1fa2 Object transported.
2026-03-13 17:09:05.703 DEBUG recordType 7 56e24fa4-b6b0-49e6-a8c4-99845ebcfe9d Binding pending incomplete: processModel:153
2026-03-13 17:09:05.719 DEBUG processModel 153 0002ef48-c0df-8000-2255-7f0000014e7a Begin transport.
2026-03-13 17:09:05.719 DEBUG processModel 153 0002ef48-c0df-8000-2255-7f0000014e7a Retrieving object data.
2026-03-13 17:09:05.867 DEBUG processModel 153 0002ef48-c0df-8000-2255-7f0000014e7a Setting uuids of object references.
2026-03-13 17:09:05.867 DEBUG processModel 153 0002ef48-c0df-8000-2255-7f0000014e7a Processing reference: ProcessModelHaul.folderId
2026-03-13 17:09:05.884 DEBUG processModel 153 0002ef48-c0df-8000-2255-7f0000014e7a Processing reference: ProcessModelHaul.modelDashboardPageId
2026-03-13 17:09:05.884 DEBUG processModel 153 0002ef48-c0df-8000-2255-7f0000014e7a Processing reference: ProcessModelHaul.processDashboardPageId
2026-03-13 17:09:05.884 DEBUG processModel 153 0002ef48-c0df-8000-2255-7f0000014e7a Processing reference: ProcessModel.emailAttachmentFolderId
2026-03-13 17:09:05.884 DEBUG processModel 153 0002ef48-c0df-8000-2255-7f0000014e7a Processing reference: 4096 42
2026-03-13 17:09:05.888 DEBUG processModel 153 0002ef48-c0df-8000-2255-7f0000014e7a Processing reference: ActivityClass.localId
2026-03-13 17:09:05.888 DEBUG processModel 153 0002ef48-c0df-8000-2255-7f0000014e7a Processing reference: ActivityClassParameter[name=maintenanceId,it=1,v=<null>]
2026-03-13 17:09:05.888 DEBUG processModel 153 0002ef48-c0df-8000-2255-7f0000014e7a Processing reference: ActivityClassParameter[name=purchaseCardNum,it=3,v=]
2026-03-13 17:09:05.888 DEBUG processModel 153 0002ef48-c0df-8000-2255-7f0000014e7a Processing reference: ActivityClassParameter[name=totalAmount,it=2,v=<null>]
2026-03-13 17:09:05.889 DEBUG processModel 153 0002ef48-c0df-8000-2255-7f0000014e7a Processing reference: ActivityClass.localId
2026-03-13 17:09:05.889 DEBUG processModel 153 0002ef48-c0df-8000-2255-7f0000014e7a Processing reference: ActivityClassParameter[name=Integration,it=250,v=1691]
2026-03-13 17:09:05.893 DEBUG processModel 153 0002ef48-c0df-8000-2255-7f0000014e7a Processing reference: ActivityClassParameter[name=Success,it=26,v=<null>]
2026-03-13 17:09:05.893 DEBUG processModel 153 0002ef48-c0df-8000-2255-7f0000014e7a Processing reference: ActivityClassParameter[name=Result,it=2888,v=<null>]
2026-03-13 17:09:05.893 DEBUG processModel 153 0002ef48-c0df-8000-2255-7f0000014e7a Processing reference: ActivityClassParameter[name=Error,it=2936,v=<null>]
2026-03-13 17:09:05.893 DEBUG processModel 153 0002ef48-c0df-8000-2255-7f0000014e7a Processing reference: ActivityClassParameter[name=ConnectedSystem,it=256,v=<null>]
2026-03-13 17:09:05.894 DEBUG processModel 153 0002ef48-c0df-8000-2255-7f0000014e7a Processing reference: ActivityClass.localId
2026-03-13 17:09:05.894 DEBUG processModel 153 0002ef48-c0df-8000-2255-7f0000014e7a Processing reference: ActivityClassParameter[name=RecordType,it=272,v=]
2026-03-13 17:09:05.894 DEBUG processModel 153 0002ef48-c0df-8000-2255-7f0000014e7a Processing reference: ActivityClassParameter[name=Identifiers,it=97,v=TypedValue[it=97,v=<null>]]
2026-03-13 17:09:05.894 DEBUG processModel 153 0002ef48-c0df-8000-2255-7f0000014e7a Processing reference: ActivityClassParameter[name=RecordsUpdated,it=97,v=TypedValue[it=97,v=<null>]]
2026-03-13 17:09:05.894 DEBUG processModel 153 0002ef48-c0df-8000-2255-7f0000014e7a Processing reference: ActivityClassParameter[name=QueryError,it=3,v=]
2026-03-13 17:09:05.894 DEBUG processModel 153 0002ef48-c0df-8000-2255-7f0000014e7a Processing reference: ActivityClass.localId
2026-03-13 17:09:05.894 DEBUG processModel 153 0002ef48-c0df-8000-2255-7f0000014e7a Processing reference: ActivityClassParameter[name=RecordType,it=272,v=]
2026-03-13 17:09:05.894 DEBUG processModel 153 0002ef48-c0df-8000-2255-7f0000014e7a Processing reference: ActivityClassParameter[name=Identifiers,it=97,v=TypedValue[it=97,v=<null>]]
2026-03-13 17:09:05.894 DEBUG processModel 153 0002ef48-c0df-8000-2255-7f0000014e7a Processing reference: ActivityClassParameter[name=RecordsUpdated,it=97,v=TypedValue[it=97,v=<null>]]
2026-03-13 17:09:05.894 DEBUG processModel 153 0002ef48-c0df-8000-2255-7f0000014e7a Processing reference: ActivityClassParameter[name=QueryError,it=3,v=]
2026-03-13 17:09:05.894 DEBUG processModel 153 0002ef48-c0df-8000-2255-7f0000014e7a Processing reference: ActivityClass.localId
2026-03-13 17:09:05.895 DEBUG processModel 153 0002ef48-c0df-8000-2255-7f0000014e7a Processing reference: ActivityClassParameter[name=pmID,it=23,v=<null>]
2026-03-13 17:09:05.895 DEBUG processModel 153 0002ef48-c0df-8000-2255-7f0000014e7a Processing reference: ActivityClassParameter[name=inMap,it=111,v={}]
2026-03-13 17:09:05.895 DEBUG processModel 153 0002ef48-c0df-8000-2255-7f0000014e7a Processing reference: ActivityClassParameter[name=procInheritsPriority,it=1,v=1]
2026-03-13 17:09:05.895 DEBUG processModel 153 0002ef48-c0df-8000-2255-7f0000014e7a Processing reference: ActivityClassParameter[name=pmUUID,it=3,v=]
2026-03-13 17:09:05.895 DEBUG processModel 153 0002ef48-c0df-8000-2255-7f0000014e7a Processing reference: ActivityClassParameter[name=isAsynchronous,it=26,v=1]
2026-03-13 17:09:05.895 DEBUG processModel 153 0002ef48-c0df-8000-2255-7f0000014e7a Processing reference: ActivityClassParameter[name=isTransparent,it=26,v=1]
2026-03-13 17:09:05.895 DEBUG processModel 153 0002ef48-c0df-8000-2255-7f0000014e7a Processing reference: ActivityClassParameter[name=inheritSecurity,it=26,v=0]
2026-03-13 17:09:05.895 DEBUG processModel 153 0002ef48-c0df-8000-2255-7f0000014e7a Processing reference: ActivityClass.localId
2026-03-13 17:09:05.895 DEBUG processModel 153 0002ef48-c0df-8000-2255-7f0000014e7a Processing reference: ActivityClassParameter[name=defaultNode,it=1,v=3]
2026-03-13 17:09:05.895 DEBUG processModel 153 0002ef48-c0df-8000-2255-7f0000014e7a Processing reference: ActivityClassParameter[name=rules,it=111,v={ActivityClassParameter[name=rule,it=11,v={ActivityClassParameter[name=expression,it=26,v=<null>],ActivityClassParameter[name=node,it=1,v=1],ActivityClassParameter[name=label,it=3,v=Yes]}]}]
2026-03-13 17:09:05.895 DEBUG processModel 153 0002ef48-c0df-8000-2255-7f0000014e7a Processing reference: ActivityClassParameter[name=fired,it=1,v=0]
2026-03-13 17:09:05.896 DEBUG processModel 153 0002ef48-c0df-8000-2255-7f0000014e7a Processing reference: ActivityClassParameter[name=arrivedNodes,it=101,v=<null>]
2026-03-13 17:09:05.896 DEBUG processModel 153 0002ef48-c0df-8000-2255-7f0000014e7a Processing reference: ProcessVariable[name=cancel,it=26,v=<null>]
2026-03-13 17:09:05.896 DEBUG processModel 153 0002ef48-c0df-8000-2255-7f0000014e7a Processing reference: ProcessVariable[name=maintenance,it=4552,v=<null>]
2026-03-13 17:09:05.901 DEBUG processModel 153 0002ef48-c0df-8000-2255-7f0000014e7a Processing reference: ProcessVariable[name=orderId,it=1,v=0]
2026-03-13 17:09:05.902 DEBUG processModel 153 0002ef48-c0df-8000-2255-7f0000014e7a Processing reference: ProcessVariable[name=purchaseCard,it=3,v=]
2026-03-13 17:09:05.902 DEBUG processModel 153 0002ef48-c0df-8000-2255-7f0000014e7a Processing reference: ProcessVariable[name=totalPurchase,it=2,v=0.0]
2026-03-13 17:09:05.902 DEBUG processModel 153 0002ef48-c0df-8000-2255-7f0000014e7a Processing reference: com.appiancorp.suiteapi.process.ProcessRoleMap@6d5b077b[
  Role[name=ADMIN_OWNER,groupIds=[42]]
  Role[name=EDITOR]
  Role[name=EXPLICIT_NONMEMBER]
  Role[name=VIEWER,groupIds=[43]]
  Role[name=MANAGER]
  Role[name=INITIATOR]
]
2026-03-13 17:09:05.902 DEBUG processModel 153 0002ef48-c0df-8000-2255-7f0000014e7a Processing reference: Role[name=ADMIN_OWNER,groupIds=[42]]
2026-03-13 17:09:05.903 DEBUG processModel 153 0002ef48-c0df-8000-2255-7f0000014e7a Processing reference: Role[name=EDITOR]
2026-03-13 17:09:05.904 DEBUG processModel 153 0002ef48-c0df-8000-2255-7f0000014e7a Processing reference: Role[name=EXPLICIT_NONMEMBER]
2026-03-13 17:09:05.904 DEBUG processModel 153 0002ef48-c0df-8000-2255-7f0000014e7a Processing reference: Role[name=VIEWER,groupIds=[43]]
2026-03-13 17:09:05.905 DEBUG processModel 153 0002ef48-c0df-8000-2255-7f0000014e7a Processing reference: Role[name=MANAGER]
2026-03-13 17:09:05.905 DEBUG processModel 153 0002ef48-c0df-8000-2255-7f0000014e7a Processing reference: Role[name=INITIATOR]
2026-03-13 17:09:05.929 DEBUG processModel 153 0002ef48-c0df-8000-2255-7f0000014e7a Exporting binary resources.
2026-03-13 17:09:05.929 DEBUG processModel 153 0002ef48-c0df-8000-2255-7f0000014e7a Serializing object to XML.
2026-03-13 17:09:05.99 DEBUG processModel 153 0002ef48-c0df-8000-2255-7f0000014e7a Removed object from incomplete list.
2026-03-13 17:09:05.99 DEBUG processModel 153 0002ef48-c0df-8000-2255-7f0000014e7a Object transported.
2026-03-13 17:09:05.99 DEBUG recordType 7 56e24fa4-b6b0-49e6-a8c4-99845ebcfe9d Binding pending incomplete: content:1704
2026-03-13 17:09:05.994 DEBUG content 1704 _a-0000ef40-8303-8000-9be5-011c48011c48_813133 Begin transport.
2026-03-13 17:09:05.994 DEBUG content 1704 _a-0000ef40-8303-8000-9be5-011c48011c48_813133 Retrieving object data.
2026-03-13 17:09:06.018 DEBUG content 1704 _a-0000ef40-8303-8000-9be5-011c48011c48_813133 Setting uuids of object references.
2026-03-13 17:09:06.018 DEBUG content 1704 _a-0000ef40-8303-8000-9be5-011c48011c48_813133 Processing reference: [Content:id=1704,versionId=-1,name=TDFD_FORM_orderParts,type=32,subtype=6,uuid=_a-0000ef40-8303-8000-9be5-011c48011c48_813133,parent=1674]
2026-03-13 17:09:06.02 DEBUG content 1704 _a-0000ef40-8303-8000-9be5-011c48011c48_813133 Processing reference: Interface.forum
2026-03-13 17:09:06.02 DEBUG content 1704 _a-0000ef40-8303-8000-9be5-011c48011c48_813133 Processing reference: TypedVariable[name=cancel,it=26,v=<null>]
2026-03-13 17:09:06.021 DEBUG content 1704 _a-0000ef40-8303-8000-9be5-011c48011c48_813133 Processing reference: TypedVariable[name=maintenance,it=4552,v=<null>]
2026-03-13 17:09:06.029 DEBUG content 1704 _a-0000ef40-8303-8000-9be5-011c48011c48_813133 Processing reference: TypedVariable[name=purchaseCard,it=3,v=]
2026-03-13 17:09:06.029 DEBUG content 1704 _a-0000ef40-8303-8000-9be5-011c48011c48_813133 Processing reference: TypedVariable[name=totalPurchase,it=2,v=<null>]
2026-03-13 17:09:06.029 DEBUG content 1704 _a-0000ef40-8303-8000-9be5-011c48011c48_813133 Processing reference: Interface.parent
2026-03-13 17:09:06.032 DEBUG content 1704 _a-0000ef40-8303-8000-9be5-011c48011c48_813133 Processing reference: com.appiancorp.suiteapi.content.ContentRoleMap@486aec6b[
  ContentRole[name=readers,inherit=true,allowForAll=false]
  ContentRole[name=authors,inherit=true,allowForAll=false]
  ContentRole[name=administrators,inherit=true,allowForAll=false]
  ContentRole[name=denyReaders,inherit=false,allowForAll=false]
  ContentRole[name=denyAuthors,inherit=false,allowForAll=false]
  ContentRole[name=denyAdministrators,inherit=false,allowForAll=false]
  securityVector=15:SEC_PUBLIC=true,SEC_CREATOR_ADMIN=false,SEC_INH_ADMIN=true,SEC_INH_EDITOR=true,SEC_INH_VIEWER=true,SEC_ALL_ADMIN=false,SEC_ALL_EDITOR=false,SEC_ALL_VIEWER=false
]
2026-03-13 17:09:06.033 DEBUG content 1704 _a-0000ef40-8303-8000-9be5-011c48011c48_813133 Processing reference: ContentRole[name=readers,inherit=true,allowForAll=false]
2026-03-13 17:09:06.033 DEBUG content 1704 _a-0000ef40-8303-8000-9be5-011c48011c48_813133 Processing reference: ContentRole[name=authors,inherit=true,allowForAll=false]
2026-03-13 17:09:06.033 DEBUG content 1704 _a-0000ef40-8303-8000-9be5-011c48011c48_813133 Processing reference: ContentRole[name=administrators,inherit=true,allowForAll=false]
2026-03-13 17:09:06.033 DEBUG content 1704 _a-0000ef40-8303-8000-9be5-011c48011c48_813133 Processing reference: ContentRole[name=denyReaders,inherit=false,allowForAll=false]
2026-03-13 17:09:06.033 DEBUG content 1704 _a-0000ef40-8303-8000-9be5-011c48011c48_813133 Processing reference: ContentRole[name=denyAuthors,inherit=false,allowForAll=false]
2026-03-13 17:09:06.033 DEBUG content 1704 _a-0000ef40-8303-8000-9be5-011c48011c48_813133 Processing reference: ContentRole[name=denyAdministrators,inherit=false,allowForAll=false]
2026-03-13 17:09:06.039 DEBUG recordType 8 4319b3e4-ca07-43be-8557-19466417914e Begin transport.
2026-03-13 17:09:06.04 DEBUG recordType 8 4319b3e4-ca07-43be-8557-19466417914e Loop detected: [recordType:8, content:1702, content:1704]
2026-03-13 17:09:06.04 DEBUG recordType 8 Breaking loop [recordType:8, content:1702, content:1704]. content:1704 will be transported with its reference to 8 nulled out and will require a second pass.
2026-03-13 17:09:06.04 DEBUG content 1704 _a-0000ef40-8303-8000-9be5-011c48011c48_813133 Object transported with these references nulled out: [recordType:8]
2026-03-13 17:09:06.04 DEBUG recordType 7 56e24fa4-b6b0-49e6-a8c4-99845ebcfe9d Binding pending incomplete: processModel:154
2026-03-13 17:09:06.042 DEBUG recordType 7 56e24fa4-b6b0-49e6-a8c4-99845ebcfe9d Binding pending incomplete: content:1705
2026-03-13 17:09:06.046 DEBUG content 1705 _a-0000ef40-8303-8000-9be5-011c48011c48_813158 Begin transport.
2026-03-13 17:09:06.046 DEBUG content 1705 _a-0000ef40-8303-8000-9be5-011c48011c48_813158 Retrieving object data.
2026-03-13 17:09:06.058 DEBUG content 1705 _a-0000ef40-8303-8000-9be5-011c48011c48_813158 Setting uuids of object references.
2026-03-13 17:09:06.058 DEBUG content 1705 _a-0000ef40-8303-8000-9be5-011c48011c48_813158 Processing reference: [Content:id=1705,versionId=-1,name=TDFD_FORM_completeMaintenance,type=32,subtype=6,uuid=_a-0000ef40-8303-8000-9be5-011c48011c48_813158,parent=1674]
2026-03-13 17:09:06.064 DEBUG recordType 8 4319b3e4-ca07-43be-8557-19466417914e Begin transport.
2026-03-13 17:09:06.064 DEBUG recordType 8 4319b3e4-ca07-43be-8557-19466417914e Loop detected: [recordType:8, content:1702, content:1705]
2026-03-13 17:09:06.064 DEBUG recordType 8 Breaking loop [recordType:8, content:1702, content:1705]. content:1705 will be transported with its reference to 8 nulled out and will require a second pass.
2026-03-13 17:09:06.069 DEBUG content 1705 _a-0000ef40-8303-8000-9be5-011c48011c48_813158 Processing reference: Interface.forum
2026-03-13 17:09:06.069 DEBUG content 1705 _a-0000ef40-8303-8000-9be5-011c48011c48_813158 Processing reference: TypedVariable[name=cancel,it=26,v=<null>]
2026-03-13 17:09:06.069 DEBUG content 1705 _a-0000ef40-8303-8000-9be5-011c48011c48_813158 Processing reference: TypedVariable[name=maintenance,it=4552,v=<null>]
2026-03-13 17:09:06.072 DEBUG content 1705 _a-0000ef40-8303-8000-9be5-011c48011c48_813158 Processing reference: Interface.parent
2026-03-13 17:09:06.075 DEBUG content 1705 _a-0000ef40-8303-8000-9be5-011c48011c48_813158 Processing reference: com.appiancorp.suiteapi.content.ContentRoleMap@42a7fbe3[
  ContentRole[name=readers,inherit=true,allowForAll=false]
  ContentRole[name=authors,inherit=true,allowForAll=false]
  ContentRole[name=administrators,inherit=true,allowForAll=false]
  ContentRole[name=denyReaders,inherit=false,allowForAll=false]
  ContentRole[name=denyAuthors,inherit=false,allowForAll=false]
  ContentRole[name=denyAdministrators,inherit=false,allowForAll=false]
  securityVector=15:SEC_PUBLIC=true,SEC_CREATOR_ADMIN=false,SEC_INH_ADMIN=true,SEC_INH_EDITOR=true,SEC_INH_VIEWER=true,SEC_ALL_ADMIN=false,SEC_ALL_EDITOR=false,SEC_ALL_VIEWER=false
]
2026-03-13 17:09:06.075 DEBUG content 1705 _a-0000ef40-8303-8000-9be5-011c48011c48_813158 Processing reference: ContentRole[name=readers,inherit=true,allowForAll=false]
2026-03-13 17:09:06.075 DEBUG content 1705 _a-0000ef40-8303-8000-9be5-011c48011c48_813158 Processing reference: ContentRole[name=authors,inherit=true,allowForAll=false]
2026-03-13 17:09:06.075 DEBUG content 1705 _a-0000ef40-8303-8000-9be5-011c48011c48_813158 Processing reference: ContentRole[name=administrators,inherit=true,allowForAll=false]
2026-03-13 17:09:06.075 DEBUG content 1705 _a-0000ef40-8303-8000-9be5-011c48011c48_813158 Processing reference: ContentRole[name=denyReaders,inherit=false,allowForAll=false]
2026-03-13 17:09:06.075 DEBUG content 1705 _a-0000ef40-8303-8000-9be5-011c48011c48_813158 Processing reference: ContentRole[name=denyAuthors,inherit=false,allowForAll=false]
2026-03-13 17:09:06.075 DEBUG content 1705 _a-0000ef40-8303-8000-9be5-011c48011c48_813158 Processing reference: ContentRole[name=denyAdministrators,inherit=false,allowForAll=false]
2026-03-13 17:09:06.094 DEBUG recordType 8 4319b3e4-ca07-43be-8557-19466417914e Begin transport.
2026-03-13 17:09:06.094 DEBUG recordType 8 4319b3e4-ca07-43be-8557-19466417914e Loop detected: [recordType:8, content:1702, content:1705]
2026-03-13 17:09:06.094 DEBUG recordType 8 Breaking loop [recordType:8, content:1702, content:1705]. content:1705 will be transported with its reference to 8 nulled out and will require a second pass.
2026-03-13 17:09:06.098 DEBUG recordType 8 4319b3e4-ca07-43be-8557-19466417914e Begin transport.
2026-03-13 17:09:06.098 DEBUG recordType 8 4319b3e4-ca07-43be-8557-19466417914e Loop detected: [recordType:8, content:1702, content:1705]
2026-03-13 17:09:06.098 DEBUG recordType 8 Breaking loop [recordType:8, content:1702, content:1705]. content:1705 will be transported with its reference to 8 nulled out and will require a second pass.
2026-03-13 17:09:06.101 DEBUG recordType 8 4319b3e4-ca07-43be-8557-19466417914e Begin transport.
2026-03-13 17:09:06.101 DEBUG recordType 8 4319b3e4-ca07-43be-8557-19466417914e Loop detected: [recordType:8, content:1702, content:1705]
2026-03-13 17:09:06.101 DEBUG recordType 8 Breaking loop [recordType:8, content:1702, content:1705]. content:1705 will be transported with its reference to 8 nulled out and will require a second pass.
2026-03-13 17:09:06.103 DEBUG content 1705 _a-0000ef40-8303-8000-9be5-011c48011c48_813158 Object transported with these references nulled out: [recordType:8]
2026-03-13 17:09:06.108 DEBUG recordType 8 4319b3e4-ca07-43be-8557-19466417914e Begin transport.
2026-03-13 17:09:06.108 DEBUG recordType 8 4319b3e4-ca07-43be-8557-19466417914e Loop detected: [recordType:8, content:1702]
2026-03-13 17:09:06.108 DEBUG recordType 8 Breaking loop [recordType:8, content:1702]. content:1702 will be transported with its reference to 8 nulled out and will require a second pass.
2026-03-13 17:09:06.152 DEBUG content 1696 _a-0000ef40-8303-8000-9be5-011c48011c48_813968 Begin transport.
2026-03-13 17:09:06.153 DEBUG content 1696 _a-0000ef40-8303-8000-9be5-011c48011c48_813968 Retrieving object data.
2026-03-13 17:09:06.158 DEBUG content 1696 _a-0000ef40-8303-8000-9be5-011c48011c48_813968 Setting uuids of object references.
2026-03-13 17:09:06.158 DEBUG content 1696 _a-0000ef40-8303-8000-9be5-011c48011c48_813968 Processing reference: [Content:id=1696,versionId=-1,name=TDFD_STATUS_COMPLETED,type=32,subtype=0,uuid=_a-0000ef40-8303-8000-9be5-011c48011c48_813968,parent=1674]
2026-03-13 17:09:06.161 DEBUG content 1696 _a-0000ef40-8303-8000-9be5-011c48011c48_813968 Processing reference: Constant.forum
2026-03-13 17:09:06.162 DEBUG content 1696 _a-0000ef40-8303-8000-9be5-011c48011c48_813968 Processing reference: Constant.parent
2026-03-13 17:09:06.164 DEBUG content 1696 _a-0000ef40-8303-8000-9be5-011c48011c48_813968 Processing reference: com.appiancorp.suiteapi.content.ContentRoleMap@67d94941[
  ContentRole[name=readers,inherit=true,allowForAll=false]
  ContentRole[name=authors,inherit=true,allowForAll=false]
  ContentRole[name=administrators,inherit=true,allowForAll=false]
  ContentRole[name=denyReaders,inherit=false,allowForAll=false]
  ContentRole[name=denyAuthors,inherit=false,allowForAll=false]
  ContentRole[name=denyAdministrators,inherit=false,allowForAll=false]
  securityVector=15:SEC_PUBLIC=true,SEC_CREATOR_ADMIN=false,SEC_INH_ADMIN=true,SEC_INH_EDITOR=true,SEC_INH_VIEWER=true,SEC_ALL_ADMIN=false,SEC_ALL_EDITOR=false,SEC_ALL_VIEWER=false
]
2026-03-13 17:09:06.164 DEBUG content 1696 _a-0000ef40-8303-8000-9be5-011c48011c48_813968 Processing reference: ContentRole[name=readers,inherit=true,allowForAll=false]
2026-03-13 17:09:06.164 DEBUG content 1696 _a-0000ef40-8303-8000-9be5-011c48011c48_813968 Processing reference: ContentRole[name=authors,inherit=true,allowForAll=false]
2026-03-13 17:09:06.164 DEBUG content 1696 _a-0000ef40-8303-8000-9be5-011c48011c48_813968 Processing reference: ContentRole[name=administrators,inherit=true,allowForAll=false]
2026-03-13 17:09:06.164 DEBUG content 1696 _a-0000ef40-8303-8000-9be5-011c48011c48_813968 Processing reference: ContentRole[name=denyReaders,inherit=false,allowForAll=false]
2026-03-13 17:09:06.164 DEBUG content 1696 _a-0000ef40-8303-8000-9be5-011c48011c48_813968 Processing reference: ContentRole[name=denyAuthors,inherit=false,allowForAll=false]
2026-03-13 17:09:06.164 DEBUG content 1696 _a-0000ef40-8303-8000-9be5-011c48011c48_813968 Processing reference: ContentRole[name=denyAdministrators,inherit=false,allowForAll=false]
2026-03-13 17:09:06.164 DEBUG content 1696 _a-0000ef40-8303-8000-9be5-011c48011c48_813968 Exporting binary resources.
2026-03-13 17:09:06.164 DEBUG content 1696 _a-0000ef40-8303-8000-9be5-011c48011c48_813968 Serializing object to XML.
2026-03-13 17:09:06.166 DEBUG content 1696 _a-0000ef40-8303-8000-9be5-011c48011c48_813968 Object transported.
2026-03-13 17:09:06.166 DEBUG content 1697 _a-0000ef40-8303-8000-9be5-011c48011c48_813956 Begin transport.
2026-03-13 17:09:06.166 DEBUG content 1697 _a-0000ef40-8303-8000-9be5-011c48011c48_813956 Retrieving object data.
2026-03-13 17:09:06.172 DEBUG content 1697 _a-0000ef40-8303-8000-9be5-011c48011c48_813956 Setting uuids of object references.
2026-03-13 17:09:06.172 DEBUG content 1697 _a-0000ef40-8303-8000-9be5-011c48011c48_813956 Processing reference: [Content:id=1697,versionId=-1,name=TDFD_STATUS_IN_PROGRESS,type=32,subtype=0,uuid=_a-0000ef40-8303-8000-9be5-011c48011c48_813956,parent=1674]
2026-03-13 17:09:06.172 DEBUG content 1697 _a-0000ef40-8303-8000-9be5-011c48011c48_813956 Processing reference: Constant.forum
2026-03-13 17:09:06.172 DEBUG content 1697 _a-0000ef40-8303-8000-9be5-011c48011c48_813956 Processing reference: Constant.parent
2026-03-13 17:09:06.174 DEBUG content 1697 _a-0000ef40-8303-8000-9be5-011c48011c48_813956 Processing reference: com.appiancorp.suiteapi.content.ContentRoleMap@8570ec4[
  ContentRole[name=readers,inherit=true,allowForAll=false]
  ContentRole[name=authors,inherit=true,allowForAll=false]
  ContentRole[name=administrators,inherit=true,allowForAll=false]
  ContentRole[name=denyReaders,inherit=false,allowForAll=false]
  ContentRole[name=denyAuthors,inherit=false,allowForAll=false]
  ContentRole[name=denyAdministrators,inherit=false,allowForAll=false]
  securityVector=15:SEC_PUBLIC=true,SEC_CREATOR_ADMIN=false,SEC_INH_ADMIN=true,SEC_INH_EDITOR=true,SEC_INH_VIEWER=true,SEC_ALL_ADMIN=false,SEC_ALL_EDITOR=false,SEC_ALL_VIEWER=false
]
2026-03-13 17:09:06.175 DEBUG content 1697 _a-0000ef40-8303-8000-9be5-011c48011c48_813956 Processing reference: ContentRole[name=readers,inherit=true,allowForAll=false]
2026-03-13 17:09:06.175 DEBUG content 1697 _a-0000ef40-8303-8000-9be5-011c48011c48_813956 Processing reference: ContentRole[name=authors,inherit=true,allowForAll=false]
2026-03-13 17:09:06.175 DEBUG content 1697 _a-0000ef40-8303-8000-9be5-011c48011c48_813956 Processing reference: ContentRole[name=administrators,inherit=true,allowForAll=false]
2026-03-13 17:09:06.175 DEBUG content 1697 _a-0000ef40-8303-8000-9be5-011c48011c48_813956 Processing reference: ContentRole[name=denyReaders,inherit=false,allowForAll=false]
2026-03-13 17:09:06.175 DEBUG content 1697 _a-0000ef40-8303-8000-9be5-011c48011c48_813956 Processing reference: ContentRole[name=denyAuthors,inherit=false,allowForAll=false]
2026-03-13 17:09:06.175 DEBUG content 1697 _a-0000ef40-8303-8000-9be5-011c48011c48_813956 Processing reference: ContentRole[name=denyAdministrators,inherit=false,allowForAll=false]
2026-03-13 17:09:06.175 DEBUG content 1697 _a-0000ef40-8303-8000-9be5-011c48011c48_813956 Exporting binary resources.
2026-03-13 17:09:06.175 DEBUG content 1697 _a-0000ef40-8303-8000-9be5-011c48011c48_813956 Serializing object to XML.
2026-03-13 17:09:06.177 DEBUG content 1697 _a-0000ef40-8303-8000-9be5-011c48011c48_813956 Object transported.
2026-03-13 17:09:06.177 DEBUG content 1693 _a-0000ef40-8303-8000-9be5-011c48011c48_813962 Begin transport.
2026-03-13 17:09:06.177 DEBUG content 1693 _a-0000ef40-8303-8000-9be5-011c48011c48_813962 Retrieving object data.
2026-03-13 17:09:06.183 DEBUG content 1693 _a-0000ef40-8303-8000-9be5-011c48011c48_813962 Setting uuids of object references.
2026-03-13 17:09:06.183 DEBUG content 1693 _a-0000ef40-8303-8000-9be5-011c48011c48_813962 Processing reference: [Content:id=1693,versionId=-1,name=TDFD_STATUS_WAITING_FOR_PARTS,type=32,subtype=0,uuid=_a-0000ef40-8303-8000-9be5-011c48011c48_813962,parent=1674]
2026-03-13 17:09:06.183 DEBUG content 1693 _a-0000ef40-8303-8000-9be5-011c48011c48_813962 Processing reference: Constant.forum
2026-03-13 17:09:06.183 DEBUG content 1693 _a-0000ef40-8303-8000-9be5-011c48011c48_813962 Processing reference: Constant.parent
2026-03-13 17:09:06.185 DEBUG content 1693 _a-0000ef40-8303-8000-9be5-011c48011c48_813962 Processing reference: com.appiancorp.suiteapi.content.ContentRoleMap@5d9052a4[
  ContentRole[name=readers,inherit=true,allowForAll=false]
  ContentRole[name=authors,inherit=true,allowForAll=false]
  ContentRole[name=administrators,inherit=true,allowForAll=false]
  ContentRole[name=denyReaders,inherit=false,allowForAll=false]
  ContentRole[name=denyAuthors,inherit=false,allowForAll=false]
  ContentRole[name=denyAdministrators,inherit=false,allowForAll=false]
  securityVector=15:SEC_PUBLIC=true,SEC_CREATOR_ADMIN=false,SEC_INH_ADMIN=true,SEC_INH_EDITOR=true,SEC_INH_VIEWER=true,SEC_ALL_ADMIN=false,SEC_ALL_EDITOR=false,SEC_ALL_VIEWER=false
]
2026-03-13 17:09:06.185 DEBUG content 1693 _a-0000ef40-8303-8000-9be5-011c48011c48_813962 Processing reference: ContentRole[name=readers,inherit=true,allowForAll=false]
2026-03-13 17:09:06.185 DEBUG content 1693 _a-0000ef40-8303-8000-9be5-011c48011c48_813962 Processing reference: ContentRole[name=authors,inherit=true,allowForAll=false]
2026-03-13 17:09:06.185 DEBUG content 1693 _a-0000ef40-8303-8000-9be5-011c48011c48_813962 Processing reference: ContentRole[name=administrators,inherit=true,allowForAll=false]
2026-03-13 17:09:06.185 DEBUG content 1693 _a-0000ef40-8303-8000-9be5-011c48011c48_813962 Processing reference: ContentRole[name=denyReaders,inherit=false,allowForAll=false]
2026-03-13 17:09:06.185 DEBUG content 1693 _a-0000ef40-8303-8000-9be5-011c48011c48_813962 Processing reference: ContentRole[name=denyAuthors,inherit=false,allowForAll=false]
2026-03-13 17:09:06.185 DEBUG content 1693 _a-0000ef40-8303-8000-9be5-011c48011c48_813962 Processing reference: ContentRole[name=denyAdministrators,inherit=false,allowForAll=false]
2026-03-13 17:09:06.185 DEBUG content 1693 _a-0000ef40-8303-8000-9be5-011c48011c48_813962 Exporting binary resources.
2026-03-13 17:09:06.185 DEBUG content 1693 _a-0000ef40-8303-8000-9be5-011c48011c48_813962 Serializing object to XML.
2026-03-13 17:09:06.187 DEBUG content 1693 _a-0000ef40-8303-8000-9be5-011c48011c48_813962 Object transported.
2026-03-13 17:09:06.187 DEBUG content 1695 _a-0000ef40-8303-8000-9be5-011c48011c48_813760 Begin transport.
2026-03-13 17:09:06.187 DEBUG content 1695 _a-0000ef40-8303-8000-9be5-011c48011c48_813760 Retrieving object data.
2026-03-13 17:09:06.192 DEBUG content 1695 _a-0000ef40-8303-8000-9be5-011c48011c48_813760 Setting uuids of object references.
2026-03-13 17:09:06.192 DEBUG content 1695 _a-0000ef40-8303-8000-9be5-011c48011c48_813760 Processing reference: [Content:id=1695,versionId=-1,name=TDFD_VEHICLE_IMAGE,type=32,subtype=0,uuid=_a-0000ef40-8303-8000-9be5-011c48011c48_813760,parent=1674]
2026-03-13 17:09:06.194 DEBUG content 1694 _a-0000ef40-8303-8000-9be5-011c48011c48_813754 Begin transport.
2026-03-13 17:09:06.194 DEBUG content 1694 _a-0000ef40-8303-8000-9be5-011c48011c48_813754 Retrieving object data.
2026-03-13 17:09:06.204 DEBUG content 1694 _a-0000ef40-8303-8000-9be5-011c48011c48_813754 Setting uuids of object references.
2026-03-13 17:09:06.204 DEBUG content 1694 _a-0000ef40-8303-8000-9be5-011c48011c48_813754 Processing reference: Document.forum
2026-03-13 17:09:06.204 DEBUG content 1694 _a-0000ef40-8303-8000-9be5-011c48011c48_813754 Processing reference: Document.parent
2026-03-13 17:09:06.206 DEBUG content 1694 _a-0000ef40-8303-8000-9be5-011c48011c48_813754 Processing reference: com.appiancorp.suiteapi.content.ContentRoleMap@583c83a0[
  ContentRole[name=readers,inherit=true,allowForAll=false]
  ContentRole[name=authors,inherit=true,allowForAll=false]
  ContentRole[name=administrators,inherit=true,allowForAll=false]
  ContentRole[name=denyReaders,inherit=false,allowForAll=false]
  ContentRole[name=denyAuthors,inherit=false,allowForAll=false]
  ContentRole[name=denyAdministrators,inherit=false,allowForAll=false]
  securityVector=15:SEC_PUBLIC=true,SEC_CREATOR_ADMIN=false,SEC_INH_ADMIN=true,SEC_INH_EDITOR=true,SEC_INH_VIEWER=true,SEC_ALL_ADMIN=false,SEC_ALL_EDITOR=false,SEC_ALL_VIEWER=false
]
2026-03-13 17:09:06.206 DEBUG content 1694 _a-0000ef40-8303-8000-9be5-011c48011c48_813754 Processing reference: ContentRole[name=readers,inherit=true,allowForAll=false]
2026-03-13 17:09:06.206 DEBUG content 1694 _a-0000ef40-8303-8000-9be5-011c48011c48_813754 Processing reference: ContentRole[name=authors,inherit=true,allowForAll=false]
2026-03-13 17:09:06.206 DEBUG content 1694 _a-0000ef40-8303-8000-9be5-011c48011c48_813754 Processing reference: ContentRole[name=administrators,inherit=true,allowForAll=false]
2026-03-13 17:09:06.206 DEBUG content 1694 _a-0000ef40-8303-8000-9be5-011c48011c48_813754 Processing reference: ContentRole[name=denyReaders,inherit=false,allowForAll=false]
2026-03-13 17:09:06.207 DEBUG content 1694 _a-0000ef40-8303-8000-9be5-011c48011c48_813754 Processing reference: ContentRole[name=denyAuthors,inherit=false,allowForAll=false]
2026-03-13 17:09:06.207 DEBUG content 1694 _a-0000ef40-8303-8000-9be5-011c48011c48_813754 Processing reference: ContentRole[name=denyAdministrators,inherit=false,allowForAll=false]
2026-03-13 17:09:06.207 DEBUG content 1694 _a-0000ef40-8303-8000-9be5-011c48011c48_813754 Exporting binary resources.
2026-03-13 17:09:06.332 DEBUG content 1694 _a-0000ef40-8303-8000-9be5-011c48011c48_813754 Serializing object to XML.
2026-03-13 17:09:06.332 DEBUG content 1694 _a-0000ef40-8303-8000-9be5-011c48011c48_813754 Object transported.
2026-03-13 17:09:06.333 DEBUG content 1695 _a-0000ef40-8303-8000-9be5-011c48011c48_813760 Processing reference: Constant.forum
2026-03-13 17:09:06.333 DEBUG content 1695 _a-0000ef40-8303-8000-9be5-011c48011c48_813760 Processing reference: Constant.parent
2026-03-13 17:09:06.335 DEBUG content 1695 _a-0000ef40-8303-8000-9be5-011c48011c48_813760 Processing reference: com.appiancorp.suiteapi.content.ContentRoleMap@2bc85995[
  ContentRole[name=readers,inherit=true,allowForAll=false]
  ContentRole[name=authors,inherit=true,allowForAll=false]
  ContentRole[name=administrators,inherit=true,allowForAll=false]
  ContentRole[name=denyReaders,inherit=false,allowForAll=false]
  ContentRole[name=denyAuthors,inherit=false,allowForAll=false]
  ContentRole[name=denyAdministrators,inherit=false,allowForAll=false]
  securityVector=15:SEC_PUBLIC=true,SEC_CREATOR_ADMIN=false,SEC_INH_ADMIN=true,SEC_INH_EDITOR=true,SEC_INH_VIEWER=true,SEC_ALL_ADMIN=false,SEC_ALL_EDITOR=false,SEC_ALL_VIEWER=false
]
2026-03-13 17:09:06.335 DEBUG content 1695 _a-0000ef40-8303-8000-9be5-011c48011c48_813760 Processing reference: ContentRole[name=readers,inherit=true,allowForAll=false]
2026-03-13 17:09:06.335 DEBUG content 1695 _a-0000ef40-8303-8000-9be5-011c48011c48_813760 Processing reference: ContentRole[name=authors,inherit=true,allowForAll=false]
2026-03-13 17:09:06.335 DEBUG content 1695 _a-0000ef40-8303-8000-9be5-011c48011c48_813760 Processing reference: ContentRole[name=administrators,inherit=true,allowForAll=false]
2026-03-13 17:09:06.335 DEBUG content 1695 _a-0000ef40-8303-8000-9be5-011c48011c48_813760 Processing reference: ContentRole[name=denyReaders,inherit=false,allowForAll=false]
2026-03-13 17:09:06.335 DEBUG content 1695 _a-0000ef40-8303-8000-9be5-011c48011c48_813760 Processing reference: ContentRole[name=denyAuthors,inherit=false,allowForAll=false]
2026-03-13 17:09:06.335 DEBUG content 1695 _a-0000ef40-8303-8000-9be5-011c48011c48_813760 Processing reference: ContentRole[name=denyAdministrators,inherit=false,allowForAll=false]
2026-03-13 17:09:06.336 DEBUG content 1695 _a-0000ef40-8303-8000-9be5-011c48011c48_813760 Exporting binary resources.
2026-03-13 17:09:06.336 DEBUG content 1695 _a-0000ef40-8303-8000-9be5-011c48011c48_813760 Serializing object to XML.
2026-03-13 17:09:06.338 DEBUG content 1695 _a-0000ef40-8303-8000-9be5-011c48011c48_813760 Object transported.
2026-03-13 17:09:06.35 DEBUG content 1702 336ee23f-6bd9-48a2-80d7-effc46ff90e2 Processing reference: Interface.forum
2026-03-13 17:09:06.351 DEBUG content 1702 336ee23f-6bd9-48a2-80d7-effc46ff90e2 Processing reference: TypedVariable[name=vehicle,it=4554,v=<null>]
2026-03-13 17:09:06.375 DEBUG recordType 8 4319b3e4-ca07-43be-8557-19466417914e Begin transport.
2026-03-13 17:09:06.375 DEBUG recordType 8 4319b3e4-ca07-43be-8557-19466417914e Loop detected: [recordType:8, content:1702]
2026-03-13 17:09:06.375 DEBUG recordType 8 Breaking loop [recordType:8, content:1702]. content:1702 will be transported with its reference to 8 nulled out and will require a second pass.
2026-03-13 17:09:06.375 DEBUG content 1702 336ee23f-6bd9-48a2-80d7-effc46ff90e2 Processing reference: Interface.parent
2026-03-13 17:09:06.379 DEBUG content 1702 336ee23f-6bd9-48a2-80d7-effc46ff90e2 Processing reference: com.appiancorp.suiteapi.content.ContentRoleMap@70200648[
  ContentRole[name=readers,inherit=true,allowForAll=false]
  ContentRole[name=authors,inherit=true,allowForAll=false]
  ContentRole[name=administrators,inherit=true,allowForAll=false]
  ContentRole[name=denyReaders,inherit=false,allowForAll=false]
  ContentRole[name=denyAuthors,inherit=false,allowForAll=false]
  ContentRole[name=denyAdministrators,inherit=false,allowForAll=false]
  securityVector=15:SEC_PUBLIC=true,SEC_CREATOR_ADMIN=false,SEC_INH_ADMIN=true,SEC_INH_EDITOR=true,SEC_INH_VIEWER=true,SEC_ALL_ADMIN=false,SEC_ALL_EDITOR=false,SEC_ALL_VIEWER=false
]
2026-03-13 17:09:06.379 DEBUG content 1702 336ee23f-6bd9-48a2-80d7-effc46ff90e2 Processing reference: ContentRole[name=readers,inherit=true,allowForAll=false]
2026-03-13 17:09:06.379 DEBUG content 1702 336ee23f-6bd9-48a2-80d7-effc46ff90e2 Processing reference: ContentRole[name=authors,inherit=true,allowForAll=false]
2026-03-13 17:09:06.379 DEBUG content 1702 336ee23f-6bd9-48a2-80d7-effc46ff90e2 Processing reference: ContentRole[name=administrators,inherit=true,allowForAll=false]
2026-03-13 17:09:06.379 DEBUG content 1702 336ee23f-6bd9-48a2-80d7-effc46ff90e2 Processing reference: ContentRole[name=denyReaders,inherit=false,allowForAll=false]
2026-03-13 17:09:06.379 DEBUG content 1702 336ee23f-6bd9-48a2-80d7-effc46ff90e2 Processing reference: ContentRole[name=denyAuthors,inherit=false,allowForAll=false]
2026-03-13 17:09:06.379 DEBUG content 1702 336ee23f-6bd9-48a2-80d7-effc46ff90e2 Processing reference: ContentRole[name=denyAdministrators,inherit=false,allowForAll=false]
2026-03-13 17:09:06.384 DEBUG recordType 8 4319b3e4-ca07-43be-8557-19466417914e Begin transport.
2026-03-13 17:09:06.384 DEBUG recordType 8 4319b3e4-ca07-43be-8557-19466417914e Loop detected: [recordType:8, content:1702]
2026-03-13 17:09:06.384 DEBUG recordType 8 Breaking loop [recordType:8, content:1702]. content:1702 will be transported with its reference to 8 nulled out and will require a second pass.
2026-03-13 17:09:06.386 DEBUG recordType 8 4319b3e4-ca07-43be-8557-19466417914e Begin transport.
2026-03-13 17:09:06.386 DEBUG recordType 8 4319b3e4-ca07-43be-8557-19466417914e Loop detected: [recordType:8, content:1702]
2026-03-13 17:09:06.386 DEBUG recordType 8 Breaking loop [recordType:8, content:1702]. content:1702 will be transported with its reference to 8 nulled out and will require a second pass.
2026-03-13 17:09:06.388 DEBUG recordType 8 4319b3e4-ca07-43be-8557-19466417914e Begin transport.
2026-03-13 17:09:06.388 DEBUG recordType 8 4319b3e4-ca07-43be-8557-19466417914e Loop detected: [recordType:8, content:1702]
2026-03-13 17:09:06.388 DEBUG recordType 8 Breaking loop [recordType:8, content:1702]. content:1702 will be transported with its reference to 8 nulled out and will require a second pass.
2026-03-13 17:09:06.39 DEBUG recordType 8 4319b3e4-ca07-43be-8557-19466417914e Begin transport.
2026-03-13 17:09:06.39 DEBUG recordType 8 4319b3e4-ca07-43be-8557-19466417914e Loop detected: [recordType:8, content:1702]
2026-03-13 17:09:06.39 DEBUG recordType 8 Breaking loop [recordType:8, content:1702]. content:1702 will be transported with its reference to 8 nulled out and will require a second pass.
2026-03-13 17:09:06.39 DEBUG content 1702 336ee23f-6bd9-48a2-80d7-effc46ff90e2 Object transported with these references nulled out: [recordType:8]
2026-03-13 17:09:06.39 DEBUG recordType 8 4319b3e4-ca07-43be-8557-19466417914e Processing reference: DetailViewCfg.visibilityExpr
2026-03-13 17:09:06.391 DEBUG recordType 8 4319b3e4-ca07-43be-8557-19466417914e Processing reference: RecordTypeDefinition.facetsListExpr
2026-03-13 17:09:06.391 DEBUG recordType 8 4319b3e4-ca07-43be-8557-19466417914e Processing reference: FieldCfg.defaultOptionExpr
2026-03-13 17:09:06.391 DEBUG recordType 8 4319b3e4-ca07-43be-8557-19466417914e Processing reference: FieldCfg.facetLabelExpr
2026-03-13 17:09:06.392 DEBUG recordType 8 4319b3e4-ca07-43be-8557-19466417914e Processing reference: FacetOptionCfg.labelExpr
2026-03-13 17:09:06.392 DEBUG recordType 8 4319b3e4-ca07-43be-8557-19466417914e Processing reference: FacetOptionCfg.lowerLimitExpr
2026-03-13 17:09:06.392 DEBUG recordType 8 4319b3e4-ca07-43be-8557-19466417914e Processing reference: FacetOptionCfg.upperLimitExpr
2026-03-13 17:09:06.392 DEBUG recordType 8 4319b3e4-ca07-43be-8557-19466417914e Processing reference: FacetOptionCfg.values
2026-03-13 17:09:06.392 DEBUG recordType 8 4319b3e4-ca07-43be-8557-19466417914e Processing reference: FacetOptionCfg.labelExpr
2026-03-13 17:09:06.392 DEBUG recordType 8 4319b3e4-ca07-43be-8557-19466417914e Processing reference: FacetOptionCfg.lowerLimitExpr
2026-03-13 17:09:06.392 DEBUG recordType 8 4319b3e4-ca07-43be-8557-19466417914e Processing reference: FacetOptionCfg.upperLimitExpr
2026-03-13 17:09:06.392 DEBUG recordType 8 4319b3e4-ca07-43be-8557-19466417914e Processing reference: FacetOptionCfg.values
2026-03-13 17:09:06.393 DEBUG recordType 8 4319b3e4-ca07-43be-8557-19466417914e Processing reference: FieldCfg.sourceRef
2026-03-13 17:09:06.393 DEBUG recordType 8 4319b3e4-ca07-43be-8557-19466417914e Processing reference: FieldCfg.visibilityExpr
2026-03-13 17:09:06.393 DEBUG recordType 8 4319b3e4-ca07-43be-8557-19466417914e Processing reference: RecordTypeDefinition.listViewSrcExpr
2026-03-13 17:09:06.393 DEBUG recordType 8 4319b3e4-ca07-43be-8557-19466417914e Processing reference: RecordTypeDefinition.listViewTemplateExpr
2026-03-13 17:09:06.395 DEBUG recordType 8 4319b3e4-ca07-43be-8557-19466417914e Processing reference: com.appiancorp.record.entities.RecordSourceCfg@bebd5ac3
2026-03-13 17:09:06.402 DEBUG content 1698 _a-0000ef40-8303-8000-9be5-011c48011c48_811892 Begin transport.
2026-03-13 17:09:06.402 DEBUG content 1698 _a-0000ef40-8303-8000-9be5-011c48011c48_811892 Retrieving object data.
2026-03-13 17:09:06.409 DEBUG content 1698 _a-0000ef40-8303-8000-9be5-011c48011c48_811892 Setting uuids of object references.
2026-03-13 17:09:06.409 DEBUG content 1698 _a-0000ef40-8303-8000-9be5-011c48011c48_811892 Processing reference: [Content:id=1698,versionId=-1,name=TDFD_GetVehicles_Sync,type=32,subtype=1,uuid=_a-0000ef40-8303-8000-9be5-011c48011c48_811892,parent=1674]
2026-03-13 17:09:06.411 DEBUG content 1698 _a-0000ef40-8303-8000-9be5-011c48011c48_811892 Processing reference: FreeformRule.forum
2026-03-13 17:09:06.411 DEBUG content 1698 _a-0000ef40-8303-8000-9be5-011c48011c48_811892 Processing reference: TypedVariable[name=identifiers,it=101,v=<null>]
2026-03-13 17:09:06.411 DEBUG content 1698 _a-0000ef40-8303-8000-9be5-011c48011c48_811892 Processing reference: FreeformRule.parent
2026-03-13 17:09:06.414 DEBUG content 1698 _a-0000ef40-8303-8000-9be5-011c48011c48_811892 Processing reference: com.appiancorp.suiteapi.content.ContentRoleMap@12e2c36f[
  ContentRole[name=readers,inherit=true,allowForAll=false]
  ContentRole[name=authors,inherit=true,allowForAll=false]
  ContentRole[name=administrators,inherit=true,allowForAll=false]
  ContentRole[name=denyReaders,inherit=false,allowForAll=false]
  ContentRole[name=denyAuthors,inherit=false,allowForAll=false]
  ContentRole[name=denyAdministrators,inherit=false,allowForAll=false]
  securityVector=15:SEC_PUBLIC=true,SEC_CREATOR_ADMIN=false,SEC_INH_ADMIN=true,SEC_INH_EDITOR=true,SEC_INH_VIEWER=true,SEC_ALL_ADMIN=false,SEC_ALL_EDITOR=false,SEC_ALL_VIEWER=false
]
2026-03-13 17:09:06.414 DEBUG content 1698 _a-0000ef40-8303-8000-9be5-011c48011c48_811892 Processing reference: ContentRole[name=readers,inherit=true,allowForAll=false]
2026-03-13 17:09:06.414 DEBUG content 1698 _a-0000ef40-8303-8000-9be5-011c48011c48_811892 Processing reference: ContentRole[name=authors,inherit=true,allowForAll=false]
2026-03-13 17:09:06.414 DEBUG content 1698 _a-0000ef40-8303-8000-9be5-011c48011c48_811892 Processing reference: ContentRole[name=administrators,inherit=true,allowForAll=false]
2026-03-13 17:09:06.414 DEBUG content 1698 _a-0000ef40-8303-8000-9be5-011c48011c48_811892 Processing reference: ContentRole[name=denyReaders,inherit=false,allowForAll=false]
2026-03-13 17:09:06.414 DEBUG content 1698 _a-0000ef40-8303-8000-9be5-011c48011c48_811892 Processing reference: ContentRole[name=denyAuthors,inherit=false,allowForAll=false]
2026-03-13 17:09:06.414 DEBUG content 1698 _a-0000ef40-8303-8000-9be5-011c48011c48_811892 Processing reference: ContentRole[name=denyAdministrators,inherit=false,allowForAll=false]
2026-03-13 17:09:06.414 DEBUG content 1698 _a-0000ef40-8303-8000-9be5-011c48011c48_811892 Exporting binary resources.
2026-03-13 17:09:06.414 DEBUG content 1698 _a-0000ef40-8303-8000-9be5-011c48011c48_811892 Serializing object to XML.
2026-03-13 17:09:06.416 DEBUG content 1698 _a-0000ef40-8303-8000-9be5-011c48011c48_811892 Object transported.
2026-03-13 17:09:06.416 DEBUG recordType 8 4319b3e4-ca07-43be-8557-19466417914e Processing reference: RecordSourceFieldCfg.customFieldExpr
2026-03-13 17:09:06.416 DEBUG recordType 8 4319b3e4-ca07-43be-8557-19466417914e Processing reference: RecordSourceFieldCfg.recordFieldSecurityMembershipFilter
2026-03-13 17:09:06.416 DEBUG recordType 8 4319b3e4-ca07-43be-8557-19466417914e Processing reference: RecordSourceFieldCfg.customFieldExpr
2026-03-13 17:09:06.416 DEBUG recordType 8 4319b3e4-ca07-43be-8557-19466417914e Processing reference: RecordSourceFieldCfg.recordFieldSecurityMembershipFilter
2026-03-13 17:09:06.416 DEBUG recordType 8 4319b3e4-ca07-43be-8557-19466417914e Processing reference: RecordSourceFieldCfg.customFieldExpr
2026-03-13 17:09:06.416 DEBUG recordType 8 4319b3e4-ca07-43be-8557-19466417914e Processing reference: RecordSourceFieldCfg.recordFieldSecurityMembershipFilter
2026-03-13 17:09:06.416 DEBUG recordType 8 4319b3e4-ca07-43be-8557-19466417914e Processing reference: RecordSourceFieldCfg.customFieldExpr
2026-03-13 17:09:06.416 DEBUG recordType 8 4319b3e4-ca07-43be-8557-19466417914e Processing reference: RecordSourceFieldCfg.recordFieldSecurityMembershipFilter
2026-03-13 17:09:06.416 DEBUG recordType 8 4319b3e4-ca07-43be-8557-19466417914e Processing reference: RecordSourceFieldCfg.customFieldExpr
2026-03-13 17:09:06.416 DEBUG recordType 8 4319b3e4-ca07-43be-8557-19466417914e Processing reference: RecordSourceFieldCfg.recordFieldSecurityMembershipFilter
2026-03-13 17:09:06.416 DEBUG recordType 8 4319b3e4-ca07-43be-8557-19466417914e Processing reference: RecordSourceFieldCfg.customFieldExpr
2026-03-13 17:09:06.416 DEBUG recordType 8 4319b3e4-ca07-43be-8557-19466417914e Processing reference: RecordSourceFieldCfg.recordFieldSecurityMembershipFilter
2026-03-13 17:09:06.416 DEBUG recordType 8 4319b3e4-ca07-43be-8557-19466417914e Processing reference: RecordSourceFieldCfg.customFieldExpr
2026-03-13 17:09:06.416 DEBUG recordType 8 4319b3e4-ca07-43be-8557-19466417914e Processing reference: RecordSourceFieldCfg.recordFieldSecurityMembershipFilter
2026-03-13 17:09:06.416 DEBUG recordType 8 4319b3e4-ca07-43be-8557-19466417914e Processing reference: RecordSourceFieldCfg.customFieldExpr
2026-03-13 17:09:06.416 DEBUG recordType 8 4319b3e4-ca07-43be-8557-19466417914e Processing reference: RecordSourceFieldCfg.recordFieldSecurityMembershipFilter
2026-03-13 17:09:06.417 DEBUG recordType 8 4319b3e4-ca07-43be-8557-19466417914e Processing reference: RecordSourceFieldCfg.customFieldExpr
2026-03-13 17:09:06.417 DEBUG recordType 8 4319b3e4-ca07-43be-8557-19466417914e Processing reference: RecordSourceFieldCfg.recordFieldSecurityMembershipFilter
2026-03-13 17:09:06.417 DEBUG recordType 8 4319b3e4-ca07-43be-8557-19466417914e Processing reference: RecordSourceCfg.sourceContextExpr
2026-03-13 17:09:06.417 DEBUG recordType 8 4319b3e4-ca07-43be-8557-19466417914e Processing reference: RecordSourceCfg.sourceFilterExpr
2026-03-13 17:09:06.417 DEBUG recordType 8 4319b3e4-ca07-43be-8557-19466417914e Processing reference: RecordTypeListActionSecurityCfg.dataFilter
2026-03-13 17:09:06.417 DEBUG recordType 8 4319b3e4-ca07-43be-8557-19466417914e Processing reference: RecordTypeListActionSecurityCfg.membershipFilter
2026-03-13 17:09:06.417 DEBUG recordType 8 4319b3e4-ca07-43be-8557-19466417914e Processing reference: RecordListActionCfg.target
2026-03-13 17:09:06.419 DEBUG processModel 151 0002ef48-3425-8000-221f-7f0000014e7a Begin transport.
2026-03-13 17:09:06.419 DEBUG processModel 151 0002ef48-3425-8000-221f-7f0000014e7a Retrieving object data.
2026-03-13 17:09:06.55 DEBUG processModel 151 0002ef48-3425-8000-221f-7f0000014e7a Setting uuids of object references.
2026-03-13 17:09:06.55 DEBUG processModel 151 0002ef48-3425-8000-221f-7f0000014e7a Processing reference: ProcessModelHaul.folderId
2026-03-13 17:09:06.551 DEBUG processModel 151 0002ef48-3425-8000-221f-7f0000014e7a Processing reference: ProcessModelHaul.modelDashboardPageId
2026-03-13 17:09:06.551 DEBUG processModel 151 0002ef48-3425-8000-221f-7f0000014e7a Processing reference: ProcessModelHaul.processDashboardPageId
2026-03-13 17:09:06.551 DEBUG processModel 151 0002ef48-3425-8000-221f-7f0000014e7a Processing reference: ProcessModel.emailAttachmentFolderId
2026-03-13 17:09:06.552 DEBUG processModel 151 0002ef48-3425-8000-221f-7f0000014e7a Processing reference: 4096 42
2026-03-13 17:09:06.554 DEBUG processModel 151 0002ef48-3425-8000-221f-7f0000014e7a Processing reference: ActivityClass.localId
2026-03-13 17:09:06.554 DEBUG processModel 151 0002ef48-3425-8000-221f-7f0000014e7a Processing reference: ActivityClass.localId
2026-03-13 17:09:06.554 DEBUG processModel 151 0002ef48-3425-8000-221f-7f0000014e7a Processing reference: ActivityClassParameter[name=pmID,it=23,v=<null>]
2026-03-13 17:09:06.554 DEBUG processModel 151 0002ef48-3425-8000-221f-7f0000014e7a Processing reference: ActivityClassParameter[name=inMap,it=111,v={}]
2026-03-13 17:09:06.554 DEBUG processModel 151 0002ef48-3425-8000-221f-7f0000014e7a Processing reference: ActivityClassParameter[name=procInheritsPriority,it=1,v=1]
2026-03-13 17:09:06.554 DEBUG processModel 151 0002ef48-3425-8000-221f-7f0000014e7a Processing reference: ActivityClassParameter[name=pmUUID,it=3,v=]
2026-03-13 17:09:06.554 DEBUG processModel 151 0002ef48-3425-8000-221f-7f0000014e7a Processing reference: ActivityClassParameter[name=isAsynchronous,it=26,v=1]
2026-03-13 17:09:06.554 DEBUG processModel 151 0002ef48-3425-8000-221f-7f0000014e7a Processing reference: ActivityClassParameter[name=isTransparent,it=26,v=1]
2026-03-13 17:09:06.554 DEBUG processModel 151 0002ef48-3425-8000-221f-7f0000014e7a Processing reference: ActivityClassParameter[name=inheritSecurity,it=26,v=0]
2026-03-13 17:09:06.554 DEBUG processModel 151 0002ef48-3425-8000-221f-7f0000014e7a Processing reference: ActivityClass.localId
2026-03-13 17:09:06.554 DEBUG processModel 151 0002ef48-3425-8000-221f-7f0000014e7a Processing reference: ActivityClassParameter[name=defaultNode,it=1,v=3]
2026-03-13 17:09:06.554 DEBUG processModel 151 0002ef48-3425-8000-221f-7f0000014e7a Processing reference: ActivityClassParameter[name=rules,it=111,v={ActivityClassParameter[name=rule,it=11,v={ActivityClassParameter[name=expression,it=26,v=<null>],ActivityClassParameter[name=node,it=1,v=1],ActivityClassParameter[name=label,it=3,v=Yes]}]}]
2026-03-13 17:09:06.555 DEBUG processModel 151 0002ef48-3425-8000-221f-7f0000014e7a Processing reference: ActivityClassParameter[name=fired,it=1,v=0]
2026-03-13 17:09:06.555 DEBUG processModel 151 0002ef48-3425-8000-221f-7f0000014e7a Processing reference: ActivityClassParameter[name=arrivedNodes,it=101,v=<null>]
2026-03-13 17:09:06.555 DEBUG processModel 151 0002ef48-3425-8000-221f-7f0000014e7a Processing reference: ActivityClass.localId
2026-03-13 17:09:06.555 DEBUG processModel 151 0002ef48-3425-8000-221f-7f0000014e7a Processing reference: ActivityClassParameter[name=RecordType,it=272,v=]
2026-03-13 17:09:06.555 DEBUG processModel 151 0002ef48-3425-8000-221f-7f0000014e7a Processing reference: ActivityClassParameter[name=Identifiers,it=97,v=TypedValue[it=97,v=<null>]]
2026-03-13 17:09:06.555 DEBUG processModel 151 0002ef48-3425-8000-221f-7f0000014e7a Processing reference: ActivityClassParameter[name=RecordsUpdated,it=97,v=TypedValue[it=97,v=<null>]]
2026-03-13 17:09:06.555 DEBUG processModel 151 0002ef48-3425-8000-221f-7f0000014e7a Processing reference: ActivityClassParameter[name=QueryError,it=3,v=]
2026-03-13 17:09:06.555 DEBUG processModel 151 0002ef48-3425-8000-221f-7f0000014e7a Processing reference: ActivityClassParameter[name=make,it=3,v=]
2026-03-13 17:09:06.555 DEBUG processModel 151 0002ef48-3425-8000-221f-7f0000014e7a Processing reference: ActivityClassParameter[name=model,it=3,v=]
2026-03-13 17:09:06.555 DEBUG processModel 151 0002ef48-3425-8000-221f-7f0000014e7a Processing reference: ActivityClassParameter[name=year,it=1,v=<null>]
2026-03-13 17:09:06.555 DEBUG processModel 151 0002ef48-3425-8000-221f-7f0000014e7a Processing reference: ActivityClassParameter[name=vin,it=3,v=]
2026-03-13 17:09:06.555 DEBUG processModel 151 0002ef48-3425-8000-221f-7f0000014e7a Processing reference: ActivityClassParameter[name=color,it=3,v=]
2026-03-13 17:09:06.555 DEBUG processModel 151 0002ef48-3425-8000-221f-7f0000014e7a Processing reference: ActivityClass.localId
2026-03-13 17:09:06.555 DEBUG processModel 151 0002ef48-3425-8000-221f-7f0000014e7a Processing reference: ActivityClassParameter[name=Integration,it=250,v=1699]
2026-03-13 17:09:06.558 DEBUG content 1699 b6d63673-f0a2-42d9-bcf3-0918794b1def Begin transport.
2026-03-13 17:09:06.558 DEBUG content 1699 b6d63673-f0a2-42d9-bcf3-0918794b1def Retrieving object data.
2026-03-13 17:09:06.569 DEBUG content 1699 b6d63673-f0a2-42d9-bcf3-0918794b1def Setting uuids of object references.
2026-03-13 17:09:06.569 DEBUG content 1699 b6d63673-f0a2-42d9-bcf3-0918794b1def Processing reference: [Content:id=1699,versionId=-1,name=TDFD_AddVehicle,type=32,subtype=5,uuid=b6d63673-f0a2-42d9-bcf3-0918794b1def,parent=1674]
2026-03-13 17:09:06.581 DEBUG content 1699 b6d63673-f0a2-42d9-bcf3-0918794b1def Processing reference: OutboundIntegration.forum
2026-03-13 17:09:06.584 DEBUG content 1699 b6d63673-f0a2-42d9-bcf3-0918794b1def Processing reference: OutboundIntegration.integrationOutputsAsTypedValue
2026-03-13 17:09:06.584 DEBUG content 1699 b6d63673-f0a2-42d9-bcf3-0918794b1def Processing reference: TypedVariable[name=make,it=3,v=]
2026-03-13 17:09:06.584 DEBUG content 1699 b6d63673-f0a2-42d9-bcf3-0918794b1def Processing reference: TypedVariable[name=model,it=3,v=]
2026-03-13 17:09:06.585 DEBUG content 1699 b6d63673-f0a2-42d9-bcf3-0918794b1def Processing reference: TypedVariable[name=year,it=1,v=<null>]
2026-03-13 17:09:06.585 DEBUG content 1699 b6d63673-f0a2-42d9-bcf3-0918794b1def Processing reference: TypedVariable[name=vin,it=3,v=]
2026-03-13 17:09:06.585 DEBUG content 1699 b6d63673-f0a2-42d9-bcf3-0918794b1def Processing reference: TypedVariable[name=color,it=3,v=]
2026-03-13 17:09:06.585 DEBUG content 1699 b6d63673-f0a2-42d9-bcf3-0918794b1def Processing reference: TypedVariable[name=onSuccess,it=97,v=<null>]
2026-03-13 17:09:06.585 DEBUG content 1699 b6d63673-f0a2-42d9-bcf3-0918794b1def Processing reference: TypedVariable[name=onError,it=97,v=<null>]
2026-03-13 17:09:06.585 DEBUG content 1699 b6d63673-f0a2-42d9-bcf3-0918794b1def Processing reference: OutboundIntegration.parent
2026-03-13 17:09:06.595 DEBUG content 1699 b6d63673-f0a2-42d9-bcf3-0918794b1def Processing reference: com.appiancorp.suiteapi.content.ContentRoleMap@5bf44b11[
  ContentRole[name=readers,inherit=true,allowForAll=false]
  ContentRole[name=authors,inherit=true,allowForAll=false]
  ContentRole[name=administrators,inherit=true,allowForAll=false]
  ContentRole[name=denyReaders,inherit=false,allowForAll=false]
  ContentRole[name=denyAuthors,inherit=false,allowForAll=false]
  ContentRole[name=denyAdministrators,inherit=false,allowForAll=false]
  securityVector=15:SEC_PUBLIC=true,SEC_CREATOR_ADMIN=false,SEC_INH_ADMIN=true,SEC_INH_EDITOR=true,SEC_INH_VIEWER=true,SEC_ALL_ADMIN=false,SEC_ALL_EDITOR=false,SEC_ALL_VIEWER=false
]
2026-03-13 17:09:06.596 DEBUG content 1699 b6d63673-f0a2-42d9-bcf3-0918794b1def Processing reference: ContentRole[name=readers,inherit=true,allowForAll=false]
2026-03-13 17:09:06.596 DEBUG content 1699 b6d63673-f0a2-42d9-bcf3-0918794b1def Processing reference: ContentRole[name=authors,inherit=true,allowForAll=false]
2026-03-13 17:09:06.596 DEBUG content 1699 b6d63673-f0a2-42d9-bcf3-0918794b1def Processing reference: ContentRole[name=administrators,inherit=true,allowForAll=false]
2026-03-13 17:09:06.596 DEBUG content 1699 b6d63673-f0a2-42d9-bcf3-0918794b1def Processing reference: ContentRole[name=denyReaders,inherit=false,allowForAll=false]
2026-03-13 17:09:06.596 DEBUG content 1699 b6d63673-f0a2-42d9-bcf3-0918794b1def Processing reference: ContentRole[name=denyAuthors,inherit=false,allowForAll=false]
2026-03-13 17:09:06.596 DEBUG content 1699 b6d63673-f0a2-42d9-bcf3-0918794b1def Processing reference: ContentRole[name=denyAdministrators,inherit=false,allowForAll=false]
2026-03-13 17:09:06.602 DEBUG content 1699 b6d63673-f0a2-42d9-bcf3-0918794b1def Exporting binary resources.
2026-03-13 17:09:06.602 DEBUG content 1699 b6d63673-f0a2-42d9-bcf3-0918794b1def Serializing object to XML.
2026-03-13 17:09:06.631 DEBUG content 1699 b6d63673-f0a2-42d9-bcf3-0918794b1def Object transported.
2026-03-13 17:09:06.635 DEBUG processModel 151 0002ef48-3425-8000-221f-7f0000014e7a Processing reference: ActivityClassParameter[name=Success,it=26,v=<null>]
2026-03-13 17:09:06.635 DEBUG processModel 151 0002ef48-3425-8000-221f-7f0000014e7a Processing reference: ActivityClassParameter[name=Result,it=2888,v=<null>]
2026-03-13 17:09:06.635 DEBUG processModel 151 0002ef48-3425-8000-221f-7f0000014e7a Processing reference: ActivityClassParameter[name=Error,it=2936,v=<null>]
2026-03-13 17:09:06.635 DEBUG processModel 151 0002ef48-3425-8000-221f-7f0000014e7a Processing reference: ActivityClassParameter[name=ConnectedSystem,it=256,v=<null>]
2026-03-13 17:09:06.635 DEBUG processModel 151 0002ef48-3425-8000-221f-7f0000014e7a Processing reference: ProcessVariable[name=cancel,it=26,v=<null>]
2026-03-13 17:09:06.635 DEBUG processModel 151 0002ef48-3425-8000-221f-7f0000014e7a Processing reference: ProcessVariable[name=color,it=3,v=]
2026-03-13 17:09:06.635 DEBUG processModel 151 0002ef48-3425-8000-221f-7f0000014e7a Processing reference: ProcessVariable[name=make,it=3,v=]
2026-03-13 17:09:06.635 DEBUG processModel 151 0002ef48-3425-8000-221f-7f0000014e7a Processing reference: ProcessVariable[name=model,it=3,v=]
2026-03-13 17:09:06.635 DEBUG processModel 151 0002ef48-3425-8000-221f-7f0000014e7a Processing reference: ProcessVariable[name=newVehicleId,it=1,v=0]
2026-03-13 17:09:06.635 DEBUG processModel 151 0002ef48-3425-8000-221f-7f0000014e7a Processing reference: ProcessVariable[name=test,it=3,v=]
2026-03-13 17:09:06.635 DEBUG processModel 151 0002ef48-3425-8000-221f-7f0000014e7a Processing reference: ProcessVariable[name=vin,it=3,v=]
2026-03-13 17:09:06.635 DEBUG processModel 151 0002ef48-3425-8000-221f-7f0000014e7a Processing reference: ProcessVariable[name=year,it=1,v=0]
2026-03-13 17:09:06.635 DEBUG processModel 151 0002ef48-3425-8000-221f-7f0000014e7a Processing reference: com.appiancorp.suiteapi.process.ProcessRoleMap@4c393158[
  Role[name=ADMIN_OWNER,groupIds=[42]]
  Role[name=EDITOR]
  Role[name=EXPLICIT_NONMEMBER]
  Role[name=VIEWER,groupIds=[43]]
  Role[name=MANAGER]
  Role[name=INITIATOR]
]
2026-03-13 17:09:06.635 DEBUG processModel 151 0002ef48-3425-8000-221f-7f0000014e7a Processing reference: Role[name=ADMIN_OWNER,groupIds=[42]]
2026-03-13 17:09:06.638 DEBUG processModel 151 0002ef48-3425-8000-221f-7f0000014e7a Processing reference: Role[name=EDITOR]
2026-03-13 17:09:06.638 DEBUG processModel 151 0002ef48-3425-8000-221f-7f0000014e7a Processing reference: Role[name=EXPLICIT_NONMEMBER]
2026-03-13 17:09:06.638 DEBUG processModel 151 0002ef48-3425-8000-221f-7f0000014e7a Processing reference: Role[name=VIEWER,groupIds=[43]]
2026-03-13 17:09:06.639 DEBUG processModel 151 0002ef48-3425-8000-221f-7f0000014e7a Processing reference: Role[name=MANAGER]
2026-03-13 17:09:06.639 DEBUG processModel 151 0002ef48-3425-8000-221f-7f0000014e7a Processing reference: Role[name=INITIATOR]
2026-03-13 17:09:06.644 DEBUG content 1700 _a-0000ef40-8303-8000-9be5-011c48011c48_811849 Begin transport.
2026-03-13 17:09:06.644 DEBUG content 1700 _a-0000ef40-8303-8000-9be5-011c48011c48_811849 Retrieving object data.
2026-03-13 17:09:06.729 DEBUG content 1700 _a-0000ef40-8303-8000-9be5-011c48011c48_811849 Setting uuids of object references.
2026-03-13 17:09:06.729 DEBUG content 1700 _a-0000ef40-8303-8000-9be5-011c48011c48_811849 Processing reference: [Content:id=1700,versionId=-1,name=TDFD_FORM_addVehicle,type=32,subtype=6,uuid=_a-0000ef40-8303-8000-9be5-011c48011c48_811849,parent=1674]
2026-03-13 17:09:06.742 DEBUG content 1700 _a-0000ef40-8303-8000-9be5-011c48011c48_811849 Processing reference: Interface.forum
2026-03-13 17:09:06.742 DEBUG content 1700 _a-0000ef40-8303-8000-9be5-011c48011c48_811849 Processing reference: TypedVariable[name=cancel,it=26,v=<null>]
2026-03-13 17:09:06.742 DEBUG content 1700 _a-0000ef40-8303-8000-9be5-011c48011c48_811849 Processing reference: TypedVariable[name=make,it=3,v=]
2026-03-13 17:09:06.742 DEBUG content 1700 _a-0000ef40-8303-8000-9be5-011c48011c48_811849 Processing reference: TypedVariable[name=model,it=3,v=]
2026-03-13 17:09:06.742 DEBUG content 1700 _a-0000ef40-8303-8000-9be5-011c48011c48_811849 Processing reference: TypedVariable[name=year,it=1,v=<null>]
2026-03-13 17:09:06.742 DEBUG content 1700 _a-0000ef40-8303-8000-9be5-011c48011c48_811849 Processing reference: TypedVariable[name=vin,it=3,v=]
2026-03-13 17:09:06.742 DEBUG content 1700 _a-0000ef40-8303-8000-9be5-011c48011c48_811849 Processing reference: TypedVariable[name=color,it=3,v=]
2026-03-13 17:09:06.742 DEBUG content 1700 _a-0000ef40-8303-8000-9be5-011c48011c48_811849 Processing reference: Interface.parent
2026-03-13 17:09:06.745 DEBUG content 1700 _a-0000ef40-8303-8000-9be5-011c48011c48_811849 Processing reference: com.appiancorp.suiteapi.content.ContentRoleMap@57839068[
  ContentRole[name=readers,inherit=true,allowForAll=false]
  ContentRole[name=authors,inherit=true,allowForAll=false]
  ContentRole[name=administrators,inherit=true,allowForAll=false]
  ContentRole[name=denyReaders,inherit=false,allowForAll=false]
  ContentRole[name=denyAuthors,inherit=false,allowForAll=false]
  ContentRole[name=denyAdministrators,inherit=false,allowForAll=false]
  securityVector=15:SEC_PUBLIC=true,SEC_CREATOR_ADMIN=false,SEC_INH_ADMIN=true,SEC_INH_EDITOR=true,SEC_INH_VIEWER=true,SEC_ALL_ADMIN=false,SEC_ALL_EDITOR=false,SEC_ALL_VIEWER=false
]
2026-03-13 17:09:06.745 DEBUG content 1700 _a-0000ef40-8303-8000-9be5-011c48011c48_811849 Processing reference: ContentRole[name=readers,inherit=true,allowForAll=false]
2026-03-13 17:09:06.745 DEBUG content 1700 _a-0000ef40-8303-8000-9be5-011c48011c48_811849 Processing reference: ContentRole[name=authors,inherit=true,allowForAll=false]
2026-03-13 17:09:06.745 DEBUG content 1700 _a-0000ef40-8303-8000-9be5-011c48011c48_811849 Processing reference: ContentRole[name=administrators,inherit=true,allowForAll=false]
2026-03-13 17:09:06.745 DEBUG content 1700 _a-0000ef40-8303-8000-9be5-011c48011c48_811849 Processing reference: ContentRole[name=denyReaders,inherit=false,allowForAll=false]
2026-03-13 17:09:06.745 DEBUG content 1700 _a-0000ef40-8303-8000-9be5-011c48011c48_811849 Processing reference: ContentRole[name=denyAuthors,inherit=false,allowForAll=false]
2026-03-13 17:09:06.745 DEBUG content 1700 _a-0000ef40-8303-8000-9be5-011c48011c48_811849 Processing reference: ContentRole[name=denyAdministrators,inherit=false,allowForAll=false]
2026-03-13 17:09:06.745 DEBUG content 1700 _a-0000ef40-8303-8000-9be5-011c48011c48_811849 Exporting binary resources.
2026-03-13 17:09:06.745 DEBUG content 1700 _a-0000ef40-8303-8000-9be5-011c48011c48_811849 Serializing object to XML.
2026-03-13 17:09:06.763 DEBUG content 1700 _a-0000ef40-8303-8000-9be5-011c48011c48_811849 Object transported.
2026-03-13 17:09:06.766 DEBUG recordType 8 4319b3e4-ca07-43be-8557-19466417914e Begin transport.
2026-03-13 17:09:06.766 DEBUG recordType 8 4319b3e4-ca07-43be-8557-19466417914e Loop detected: [recordType:8, processModel:151]
2026-03-13 17:09:06.766 DEBUG recordType 8 Breaking loop [recordType:8, processModel:151]. processModel:151 will be transported with its reference to 8 nulled out and will require a second pass.
2026-03-13 17:09:06.779 DEBUG processModel 151 0002ef48-3425-8000-221f-7f0000014e7a Object transported with these references nulled out: [recordType:8]
2026-03-13 17:09:06.779 DEBUG recordType 8 4319b3e4-ca07-43be-8557-19466417914e Processing reference: RecordListActionCfg.visibilityExpr
2026-03-13 17:09:06.779 DEBUG recordType 8 4319b3e4-ca07-43be-8557-19466417914e Processing reference: RecordRelationshipCfg.relationshipData
2026-03-13 17:09:06.78 DEBUG recordType 8 4319b3e4-ca07-43be-8557-19466417914e Processing reference: RecordRelationshipCfg.sourceRecordTypeFieldUuid
2026-03-13 17:09:06.781 DEBUG recordType 8 4319b3e4-ca07-43be-8557-19466417914e Processing reference: RecordRelationshipCfg.targetJoinFieldStoredForm
2026-03-13 17:09:06.781 DEBUG recordType 8 4319b3e4-ca07-43be-8557-19466417914e Processing reference: RecordRelationshipCfg.targetRecordTypeRef
2026-03-13 17:09:06.784 DEBUG recordType 8 4319b3e4-ca07-43be-8557-19466417914e Processing reference: RecordTypeSearchCfg.placeholder
2026-03-13 17:09:06.784 DEBUG recordType 8 4319b3e4-ca07-43be-8557-19466417914e Processing reference: RecordTypeSearchCfg.searchFieldQueryInfos
2026-03-13 17:09:06.784 DEBUG recordType 8 4319b3e4-ca07-43be-8557-19466417914e Processing reference: RecordTypeDefinition.recordViewSrcExpr
2026-03-13 17:09:06.784 DEBUG recordType 8 4319b3e4-ca07-43be-8557-19466417914e Processing reference: RelatedActionCfg.contextExpr
2026-03-13 17:09:06.785 DEBUG recordType 8 4319b3e4-ca07-43be-8557-19466417914e Processing reference: RecordTypeRelatedActionSecurityCfg.dataFilter
2026-03-13 17:09:06.786 DEBUG recordType 8 4319b3e4-ca07-43be-8557-19466417914e Processing reference: RecordTypeRelatedActionSecurityCfg.membershipFilter
2026-03-13 17:09:06.786 DEBUG recordType 8 4319b3e4-ca07-43be-8557-19466417914e Processing reference: RelatedActionCfg.target
2026-03-13 17:09:06.79 DEBUG processModel 152 0002ef49-6190-8000-225e-7f0000014e7a Begin transport.
2026-03-13 17:09:06.79 DEBUG processModel 152 0002ef49-6190-8000-225e-7f0000014e7a Retrieving object data.
2026-03-13 17:09:06.975 DEBUG processModel 152 0002ef49-6190-8000-225e-7f0000014e7a Setting uuids of object references.
2026-03-13 17:09:06.975 DEBUG processModel 152 0002ef49-6190-8000-225e-7f0000014e7a Processing reference: ProcessModelHaul.folderId
2026-03-13 17:09:06.977 DEBUG processModel 152 0002ef49-6190-8000-225e-7f0000014e7a Processing reference: ProcessModelHaul.modelDashboardPageId
2026-03-13 17:09:06.977 DEBUG processModel 152 0002ef49-6190-8000-225e-7f0000014e7a Processing reference: ProcessModelHaul.processDashboardPageId
2026-03-13 17:09:06.978 DEBUG processModel 152 0002ef49-6190-8000-225e-7f0000014e7a Processing reference: ProcessModel.emailAttachmentFolderId
2026-03-13 17:09:06.978 DEBUG processModel 152 0002ef49-6190-8000-225e-7f0000014e7a Processing reference: 4096 42
2026-03-13 17:09:06.981 DEBUG processModel 152 0002ef49-6190-8000-225e-7f0000014e7a Processing reference: ActivityClass.localId
2026-03-13 17:09:06.981 DEBUG processModel 152 0002ef49-6190-8000-225e-7f0000014e7a Processing reference: ActivityClass.localId
2026-03-13 17:09:06.981 DEBUG processModel 152 0002ef49-6190-8000-225e-7f0000014e7a Processing reference: ActivityClassParameter[name=defaultNode,it=1,v=3]
2026-03-13 17:09:06.981 DEBUG processModel 152 0002ef49-6190-8000-225e-7f0000014e7a Processing reference: ActivityClassParameter[name=rules,it=111,v={ActivityClassParameter[name=rule,it=11,v={ActivityClassParameter[name=expression,it=26,v=<null>],ActivityClassParameter[name=node,it=1,v=1],ActivityClassParameter[name=label,it=3,v=]}]}]
2026-03-13 17:09:06.981 DEBUG processModel 152 0002ef49-6190-8000-225e-7f0000014e7a Processing reference: ActivityClassParameter[name=fired,it=1,v=0]
2026-03-13 17:09:06.981 DEBUG processModel 152 0002ef49-6190-8000-225e-7f0000014e7a Processing reference: ActivityClassParameter[name=arrivedNodes,it=101,v=<null>]
2026-03-13 17:09:06.982 DEBUG processModel 152 0002ef49-6190-8000-225e-7f0000014e7a Processing reference: ActivityClassParameter[name=vehicleId,it=1,v=<null>]
2026-03-13 17:09:06.982 DEBUG processModel 152 0002ef49-6190-8000-225e-7f0000014e7a Processing reference: ActivityClass.localId
2026-03-13 17:09:06.982 DEBUG processModel 152 0002ef49-6190-8000-225e-7f0000014e7a Processing reference: ActivityClassParameter[name=Integration,it=250,v=1701]
2026-03-13 17:09:06.985 DEBUG content 1701 2f202db3-9ec2-4c87-8fa2-4d7bf018fdcc Begin transport.
2026-03-13 17:09:06.985 DEBUG content 1701 2f202db3-9ec2-4c87-8fa2-4d7bf018fdcc Retrieving object data.
2026-03-13 17:09:06.997 DEBUG content 1701 2f202db3-9ec2-4c87-8fa2-4d7bf018fdcc Setting uuids of object references.
2026-03-13 17:09:06.997 DEBUG content 1701 2f202db3-9ec2-4c87-8fa2-4d7bf018fdcc Processing reference: [Content:id=1701,versionId=-1,name=TDFD_RetireVehicle,type=32,subtype=5,uuid=2f202db3-9ec2-4c87-8fa2-4d7bf018fdcc,parent=1674]
2026-03-13 17:09:07.003 DEBUG content 1701 2f202db3-9ec2-4c87-8fa2-4d7bf018fdcc Processing reference: OutboundIntegration.forum
2026-03-13 17:09:07.003 DEBUG content 1701 2f202db3-9ec2-4c87-8fa2-4d7bf018fdcc Processing reference: OutboundIntegration.integrationOutputsAsTypedValue
2026-03-13 17:09:07.003 DEBUG content 1701 2f202db3-9ec2-4c87-8fa2-4d7bf018fdcc Processing reference: TypedVariable[name=vehicleId,it=1,v=<null>]
2026-03-13 17:09:07.003 DEBUG content 1701 2f202db3-9ec2-4c87-8fa2-4d7bf018fdcc Processing reference: TypedVariable[name=onSuccess,it=97,v=<null>]
2026-03-13 17:09:07.003 DEBUG content 1701 2f202db3-9ec2-4c87-8fa2-4d7bf018fdcc Processing reference: TypedVariable[name=onError,it=97,v=<null>]
2026-03-13 17:09:07.003 DEBUG content 1701 2f202db3-9ec2-4c87-8fa2-4d7bf018fdcc Processing reference: OutboundIntegration.parent
2026-03-13 17:09:07.006 DEBUG content 1701 2f202db3-9ec2-4c87-8fa2-4d7bf018fdcc Processing reference: com.appiancorp.suiteapi.content.ContentRoleMap@f13fdba[
  ContentRole[name=readers,inherit=true,allowForAll=false]
  ContentRole[name=authors,inherit=true,allowForAll=false]
  ContentRole[name=administrators,inherit=true,allowForAll=false]
  ContentRole[name=denyReaders,inherit=false,allowForAll=false]
  ContentRole[name=denyAuthors,inherit=false,allowForAll=false]
  ContentRole[name=denyAdministrators,inherit=false,allowForAll=false]
  securityVector=15:SEC_PUBLIC=true,SEC_CREATOR_ADMIN=false,SEC_INH_ADMIN=true,SEC_INH_EDITOR=true,SEC_INH_VIEWER=true,SEC_ALL_ADMIN=false,SEC_ALL_EDITOR=false,SEC_ALL_VIEWER=false
]
2026-03-13 17:09:07.006 DEBUG content 1701 2f202db3-9ec2-4c87-8fa2-4d7bf018fdcc Processing reference: ContentRole[name=readers,inherit=true,allowForAll=false]
2026-03-13 17:09:07.006 DEBUG content 1701 2f202db3-9ec2-4c87-8fa2-4d7bf018fdcc Processing reference: ContentRole[name=authors,inherit=true,allowForAll=false]
2026-03-13 17:09:07.006 DEBUG content 1701 2f202db3-9ec2-4c87-8fa2-4d7bf018fdcc Processing reference: ContentRole[name=administrators,inherit=true,allowForAll=false]
2026-03-13 17:09:07.006 DEBUG content 1701 2f202db3-9ec2-4c87-8fa2-4d7bf018fdcc Processing reference: ContentRole[name=denyReaders,inherit=false,allowForAll=false]
2026-03-13 17:09:07.006 DEBUG content 1701 2f202db3-9ec2-4c87-8fa2-4d7bf018fdcc Processing reference: ContentRole[name=denyAuthors,inherit=false,allowForAll=false]
2026-03-13 17:09:07.006 DEBUG content 1701 2f202db3-9ec2-4c87-8fa2-4d7bf018fdcc Processing reference: ContentRole[name=denyAdministrators,inherit=false,allowForAll=false]
2026-03-13 17:09:07.007 DEBUG content 1701 2f202db3-9ec2-4c87-8fa2-4d7bf018fdcc Exporting binary resources.
2026-03-13 17:09:07.007 DEBUG content 1701 2f202db3-9ec2-4c87-8fa2-4d7bf018fdcc Serializing object to XML.
2026-03-13 17:09:07.021 DEBUG content 1701 2f202db3-9ec2-4c87-8fa2-4d7bf018fdcc Object transported.
2026-03-13 17:09:07.021 DEBUG processModel 152 0002ef49-6190-8000-225e-7f0000014e7a Processing reference: ActivityClassParameter[name=Success,it=26,v=<null>]
2026-03-13 17:09:07.023 DEBUG processModel 152 0002ef49-6190-8000-225e-7f0000014e7a Processing reference: ActivityClassParameter[name=Result,it=2888,v=<null>]
2026-03-13 17:09:07.023 DEBUG processModel 152 0002ef49-6190-8000-225e-7f0000014e7a Processing reference: ActivityClassParameter[name=Error,it=2936,v=<null>]
2026-03-13 17:09:07.023 DEBUG processModel 152 0002ef49-6190-8000-225e-7f0000014e7a Processing reference: ActivityClassParameter[name=ConnectedSystem,it=256,v=<null>]
2026-03-13 17:09:07.023 DEBUG processModel 152 0002ef49-6190-8000-225e-7f0000014e7a Processing reference: ActivityClass.localId
2026-03-13 17:09:07.024 DEBUG processModel 152 0002ef49-6190-8000-225e-7f0000014e7a Processing reference: ActivityClassParameter[name=RecordType,it=272,v=]
2026-03-13 17:09:07.024 DEBUG processModel 152 0002ef49-6190-8000-225e-7f0000014e7a Processing reference: ActivityClassParameter[name=Identifiers,it=97,v=TypedValue[it=97,v=<null>]]
2026-03-13 17:09:07.024 DEBUG processModel 152 0002ef49-6190-8000-225e-7f0000014e7a Processing reference: ActivityClassParameter[name=RecordsUpdated,it=97,v=TypedValue[it=97,v=<null>]]
2026-03-13 17:09:07.024 DEBUG processModel 152 0002ef49-6190-8000-225e-7f0000014e7a Processing reference: ActivityClassParameter[name=QueryError,it=3,v=]
2026-03-13 17:09:07.024 DEBUG processModel 152 0002ef49-6190-8000-225e-7f0000014e7a Processing reference: ActivityClass.localId
2026-03-13 17:09:07.024 DEBUG processModel 152 0002ef49-6190-8000-225e-7f0000014e7a Processing reference: ActivityClassParameter[name=pmID,it=23,v=<null>]
2026-03-13 17:09:07.024 DEBUG processModel 152 0002ef49-6190-8000-225e-7f0000014e7a Processing reference: ActivityClassParameter[name=inMap,it=111,v={}]
2026-03-13 17:09:07.024 DEBUG processModel 152 0002ef49-6190-8000-225e-7f0000014e7a Processing reference: ActivityClassParameter[name=procInheritsPriority,it=1,v=1]
2026-03-13 17:09:07.024 DEBUG processModel 152 0002ef49-6190-8000-225e-7f0000014e7a Processing reference: ActivityClassParameter[name=pmUUID,it=3,v=]
2026-03-13 17:09:07.024 DEBUG processModel 152 0002ef49-6190-8000-225e-7f0000014e7a Processing reference: ActivityClassParameter[name=isAsynchronous,it=26,v=1]
2026-03-13 17:09:07.025 DEBUG processModel 152 0002ef49-6190-8000-225e-7f0000014e7a Processing reference: ActivityClassParameter[name=isTransparent,it=26,v=1]
2026-03-13 17:09:07.025 DEBUG processModel 152 0002ef49-6190-8000-225e-7f0000014e7a Processing reference: ActivityClassParameter[name=inheritSecurity,it=26,v=0]
2026-03-13 17:09:07.025 DEBUG processModel 152 0002ef49-6190-8000-225e-7f0000014e7a Processing reference: ProcessVariable[name=cancel,it=26,v=<null>]
2026-03-13 17:09:07.025 DEBUG processModel 152 0002ef49-6190-8000-225e-7f0000014e7a Processing reference: ProcessVariable[name=vehicle,it=4554,v=<null>]
2026-03-13 17:09:07.032 DEBUG recordType 8 4319b3e4-ca07-43be-8557-19466417914e Begin transport.
2026-03-13 17:09:07.032 DEBUG recordType 8 4319b3e4-ca07-43be-8557-19466417914e Loop detected: [recordType:8, processModel:152]
2026-03-13 17:09:07.032 DEBUG recordType 8 Breaking loop [recordType:8, processModel:152]. processModel:152 will be transported with its reference to 8 nulled out and will require a second pass.
2026-03-13 17:09:07.032 DEBUG processModel 152 0002ef49-6190-8000-225e-7f0000014e7a Processing reference: com.appiancorp.suiteapi.process.ProcessRoleMap@3bf4ffb6[
  Role[name=ADMIN_OWNER,groupIds=[42]]
  Role[name=EDITOR]
  Role[name=EXPLICIT_NONMEMBER]
  Role[name=VIEWER,groupIds=[43]]
  Role[name=MANAGER]
  Role[name=INITIATOR]
]
2026-03-13 17:09:07.032 DEBUG processModel 152 0002ef49-6190-8000-225e-7f0000014e7a Processing reference: Role[name=ADMIN_OWNER,groupIds=[42]]
2026-03-13 17:09:07.034 DEBUG processModel 152 0002ef49-6190-8000-225e-7f0000014e7a Processing reference: Role[name=EDITOR]
2026-03-13 17:09:07.034 DEBUG processModel 152 0002ef49-6190-8000-225e-7f0000014e7a Processing reference: Role[name=EXPLICIT_NONMEMBER]
2026-03-13 17:09:07.034 DEBUG processModel 152 0002ef49-6190-8000-225e-7f0000014e7a Processing reference: Role[name=VIEWER,groupIds=[43]]
2026-03-13 17:09:07.036 DEBUG processModel 152 0002ef49-6190-8000-225e-7f0000014e7a Processing reference: Role[name=MANAGER]
2026-03-13 17:09:07.036 DEBUG processModel 152 0002ef49-6190-8000-225e-7f0000014e7a Processing reference: Role[name=INITIATOR]
2026-03-13 17:09:07.039 DEBUG content 1703 _a-0000ef40-8303-8000-9be5-011c48011c48_813215 Begin transport.
2026-03-13 17:09:07.039 DEBUG content 1703 _a-0000ef40-8303-8000-9be5-011c48011c48_813215 Retrieving object data.
2026-03-13 17:09:07.051 DEBUG content 1703 _a-0000ef40-8303-8000-9be5-011c48011c48_813215 Setting uuids of object references.
2026-03-13 17:09:07.051 DEBUG content 1703 _a-0000ef40-8303-8000-9be5-011c48011c48_813215 Processing reference: [Content:id=1703,versionId=-1,name=TDFD_FORM_retireVehicleConfirmation,type=32,subtype=6,uuid=_a-0000ef40-8303-8000-9be5-011c48011c48_813215,parent=1674]
2026-03-13 17:09:07.058 DEBUG recordType 8 4319b3e4-ca07-43be-8557-19466417914e Begin transport.
2026-03-13 17:09:07.059 DEBUG recordType 8 4319b3e4-ca07-43be-8557-19466417914e Loop detected: [recordType:8, processModel:152, content:1703]
2026-03-13 17:09:07.059 DEBUG recordType 8 Breaking loop [recordType:8, processModel:152, content:1703]. content:1703 will be transported with its reference to 8 nulled out and will require a second pass.
2026-03-13 17:09:07.059 DEBUG content 1703 _a-0000ef40-8303-8000-9be5-011c48011c48_813215 Processing reference: Interface.forum
2026-03-13 17:09:07.06 DEBUG content 1703 _a-0000ef40-8303-8000-9be5-011c48011c48_813215 Processing reference: TypedVariable[name=cancel,it=26,v=<null>]
2026-03-13 17:09:07.06 DEBUG content 1703 _a-0000ef40-8303-8000-9be5-011c48011c48_813215 Processing reference: TypedVariable[name=vehicle,it=4554,v=<null>]
2026-03-13 17:09:07.063 DEBUG recordType 8 4319b3e4-ca07-43be-8557-19466417914e Begin transport.
2026-03-13 17:09:07.064 DEBUG recordType 8 4319b3e4-ca07-43be-8557-19466417914e Loop detected: [recordType:8, processModel:152, content:1703]
2026-03-13 17:09:07.064 DEBUG recordType 8 Breaking loop [recordType:8, processModel:152, content:1703]. content:1703 will be transported with its reference to 8 nulled out and will require a second pass.
2026-03-13 17:09:07.064 DEBUG content 1703 _a-0000ef40-8303-8000-9be5-011c48011c48_813215 Processing reference: Interface.parent
2026-03-13 17:09:07.066 DEBUG content 1703 _a-0000ef40-8303-8000-9be5-011c48011c48_813215 Processing reference: com.appiancorp.suiteapi.content.ContentRoleMap@26f92b5e[
  ContentRole[name=readers,inherit=true,allowForAll=false]
  ContentRole[name=authors,inherit=true,allowForAll=false]
  ContentRole[name=administrators,inherit=true,allowForAll=false]
  ContentRole[name=denyReaders,inherit=false,allowForAll=false]
  ContentRole[name=denyAuthors,inherit=false,allowForAll=false]
  ContentRole[name=denyAdministrators,inherit=false,allowForAll=false]
  securityVector=15:SEC_PUBLIC=true,SEC_CREATOR_ADMIN=false,SEC_INH_ADMIN=true,SEC_INH_EDITOR=true,SEC_INH_VIEWER=true,SEC_ALL_ADMIN=false,SEC_ALL_EDITOR=false,SEC_ALL_VIEWER=false
]
2026-03-13 17:09:07.066 DEBUG content 1703 _a-0000ef40-8303-8000-9be5-011c48011c48_813215 Processing reference: ContentRole[name=readers,inherit=true,allowForAll=false]
2026-03-13 17:09:07.066 DEBUG content 1703 _a-0000ef40-8303-8000-9be5-011c48011c48_813215 Processing reference: ContentRole[name=authors,inherit=true,allowForAll=false]
2026-03-13 17:09:07.067 DEBUG content 1703 _a-0000ef40-8303-8000-9be5-011c48011c48_813215 Processing reference: ContentRole[name=administrators,inherit=true,allowForAll=false]
2026-03-13 17:09:07.067 DEBUG content 1703 _a-0000ef40-8303-8000-9be5-011c48011c48_813215 Processing reference: ContentRole[name=denyReaders,inherit=false,allowForAll=false]
2026-03-13 17:09:07.067 DEBUG content 1703 _a-0000ef40-8303-8000-9be5-011c48011c48_813215 Processing reference: ContentRole[name=denyAuthors,inherit=false,allowForAll=false]
2026-03-13 17:09:07.067 DEBUG content 1703 _a-0000ef40-8303-8000-9be5-011c48011c48_813215 Processing reference: ContentRole[name=denyAdministrators,inherit=false,allowForAll=false]
2026-03-13 17:09:07.068 DEBUG content 1703 _a-0000ef40-8303-8000-9be5-011c48011c48_813215 Object transported with these references nulled out: [recordType:8]
2026-03-13 17:09:07.078 DEBUG recordType 8 4319b3e4-ca07-43be-8557-19466417914e Begin transport.
2026-03-13 17:09:07.078 DEBUG recordType 8 4319b3e4-ca07-43be-8557-19466417914e Loop detected: [recordType:8, processModel:152]
2026-03-13 17:09:07.078 DEBUG recordType 8 Breaking loop [recordType:8, processModel:152]. processModel:152 will be transported with its reference to 8 nulled out and will require a second pass.
2026-03-13 17:09:07.087 DEBUG recordType 8 4319b3e4-ca07-43be-8557-19466417914e Begin transport.
2026-03-13 17:09:07.087 DEBUG recordType 8 4319b3e4-ca07-43be-8557-19466417914e Loop detected: [recordType:8, processModel:152]
2026-03-13 17:09:07.087 DEBUG recordType 8 Breaking loop [recordType:8, processModel:152]. processModel:152 will be transported with its reference to 8 nulled out and will require a second pass.
2026-03-13 17:09:07.093 DEBUG recordType 8 4319b3e4-ca07-43be-8557-19466417914e Begin transport.
2026-03-13 17:09:07.093 DEBUG recordType 8 4319b3e4-ca07-43be-8557-19466417914e Loop detected: [recordType:8, processModel:152]
2026-03-13 17:09:07.093 DEBUG recordType 8 Breaking loop [recordType:8, processModel:152]. processModel:152 will be transported with its reference to 8 nulled out and will require a second pass.
2026-03-13 17:09:07.1 DEBUG recordType 8 4319b3e4-ca07-43be-8557-19466417914e Begin transport.
2026-03-13 17:09:07.1 DEBUG recordType 8 4319b3e4-ca07-43be-8557-19466417914e Loop detected: [recordType:8, processModel:152]
2026-03-13 17:09:07.1 DEBUG recordType 8 Breaking loop [recordType:8, processModel:152]. processModel:152 will be transported with its reference to 8 nulled out and will require a second pass.
2026-03-13 17:09:07.107 DEBUG recordType 8 4319b3e4-ca07-43be-8557-19466417914e Begin transport.
2026-03-13 17:09:07.108 DEBUG recordType 8 4319b3e4-ca07-43be-8557-19466417914e Loop detected: [recordType:8, processModel:152]
2026-03-13 17:09:07.108 DEBUG recordType 8 Breaking loop [recordType:8, processModel:152]. processModel:152 will be transported with its reference to 8 nulled out and will require a second pass.
2026-03-13 17:09:07.11 DEBUG processModel 152 0002ef49-6190-8000-225e-7f0000014e7a Object transported with these references nulled out: [recordType:8]
2026-03-13 17:09:07.11 DEBUG recordType 8 4319b3e4-ca07-43be-8557-19466417914e Processing reference: RelatedActionCfg.visibilityExpr
2026-03-13 17:09:07.11 DEBUG recordType 8 4319b3e4-ca07-43be-8557-19466417914e Processing reference: RelatedActionCfg.contextExpr
2026-03-13 17:09:07.111 DEBUG recordType 8 4319b3e4-ca07-43be-8557-19466417914e Processing reference: RecordTypeRelatedActionSecurityCfg.dataFilter
2026-03-13 17:09:07.117 DEBUG recordType 8 4319b3e4-ca07-43be-8557-19466417914e Processing reference: RecordTypeRelatedActionSecurityCfg.membershipFilter
2026-03-13 17:09:07.117 DEBUG recordType 8 4319b3e4-ca07-43be-8557-19466417914e Processing reference: RelatedActionCfg.target
2026-03-13 17:09:07.131 DEBUG recordType 8 4319b3e4-ca07-43be-8557-19466417914e Processing reference: RelatedActionCfg.visibilityExpr
2026-03-13 17:09:07.131 DEBUG recordType 8 4319b3e4-ca07-43be-8557-19466417914e Processing reference: RecordTypeDefinition.source
2026-03-13 17:09:07.131 DEBUG recordType 8 4319b3e4-ca07-43be-8557-19466417914e Processing reference: RecordTypeDefinition.titleExpr
2026-03-13 17:09:07.132 DEBUG recordType 8 4319b3e4-ca07-43be-8557-19466417914e Processing reference: Role[name=record_type_administrator,groupIds=[42]]
2026-03-13 17:09:07.144 DEBUG recordType 8 4319b3e4-ca07-43be-8557-19466417914e Processing reference: Role[name=record_type_viewer,groupIds=[43]]
2026-03-13 17:09:07.152 DEBUG recordType 8 4319b3e4-ca07-43be-8557-19466417914e Exporting binary resources.
2026-03-13 17:09:07.152 DEBUG recordType 8 4319b3e4-ca07-43be-8557-19466417914e Serializing object to XML.
2026-03-13 17:09:07.194 DEBUG recordType 8 4319b3e4-ca07-43be-8557-19466417914e Object transported.
2026-03-13 17:09:07.194 DEBUG recordType 8 4319b3e4-ca07-43be-8557-19466417914e Binding pending incomplete: content:1702
2026-03-13 17:09:07.216 DEBUG content 1702 336ee23f-6bd9-48a2-80d7-effc46ff90e2 Begin transport.
2026-03-13 17:09:07.216 DEBUG content 1702 336ee23f-6bd9-48a2-80d7-effc46ff90e2 Retrieving object data.
2026-03-13 17:09:07.259 DEBUG content 1702 336ee23f-6bd9-48a2-80d7-effc46ff90e2 Setting uuids of object references.
2026-03-13 17:09:07.259 DEBUG content 1702 336ee23f-6bd9-48a2-80d7-effc46ff90e2 Processing reference: [Content:id=1702,versionId=-1,name=TDFD_VehicleSummary,type=32,subtype=6,uuid=336ee23f-6bd9-48a2-80d7-effc46ff90e2,parent=1674]
2026-03-13 17:09:07.532 DEBUG content 1702 336ee23f-6bd9-48a2-80d7-effc46ff90e2 Processing reference: Interface.forum
2026-03-13 17:09:07.532 DEBUG content 1702 336ee23f-6bd9-48a2-80d7-effc46ff90e2 Processing reference: TypedVariable[name=vehicle,it=4554,v=<null>]
2026-03-13 17:09:07.536 DEBUG content 1702 336ee23f-6bd9-48a2-80d7-effc46ff90e2 Processing reference: Interface.parent
2026-03-13 17:09:07.541 DEBUG content 1702 336ee23f-6bd9-48a2-80d7-effc46ff90e2 Processing reference: com.appiancorp.suiteapi.content.ContentRoleMap@436f69ff[
  ContentRole[name=readers,inherit=true,allowForAll=false]
  ContentRole[name=authors,inherit=true,allowForAll=false]
  ContentRole[name=administrators,inherit=true,allowForAll=false]
  ContentRole[name=denyReaders,inherit=false,allowForAll=false]
  ContentRole[name=denyAuthors,inherit=false,allowForAll=false]
  ContentRole[name=denyAdministrators,inherit=false,allowForAll=false]
  securityVector=15:SEC_PUBLIC=true,SEC_CREATOR_ADMIN=false,SEC_INH_ADMIN=true,SEC_INH_EDITOR=true,SEC_INH_VIEWER=true,SEC_ALL_ADMIN=false,SEC_ALL_EDITOR=false,SEC_ALL_VIEWER=false
]
2026-03-13 17:09:07.541 DEBUG content 1702 336ee23f-6bd9-48a2-80d7-effc46ff90e2 Processing reference: ContentRole[name=readers,inherit=true,allowForAll=false]
2026-03-13 17:09:07.541 DEBUG content 1702 336ee23f-6bd9-48a2-80d7-effc46ff90e2 Processing reference: ContentRole[name=authors,inherit=true,allowForAll=false]
2026-03-13 17:09:07.541 DEBUG content 1702 336ee23f-6bd9-48a2-80d7-effc46ff90e2 Processing reference: ContentRole[name=administrators,inherit=true,allowForAll=false]
2026-03-13 17:09:07.541 DEBUG content 1702 336ee23f-6bd9-48a2-80d7-effc46ff90e2 Processing reference: ContentRole[name=denyReaders,inherit=false,allowForAll=false]
2026-03-13 17:09:07.542 DEBUG content 1702 336ee23f-6bd9-48a2-80d7-effc46ff90e2 Processing reference: ContentRole[name=denyAuthors,inherit=false,allowForAll=false]
2026-03-13 17:09:07.542 DEBUG content 1702 336ee23f-6bd9-48a2-80d7-effc46ff90e2 Processing reference: ContentRole[name=denyAdministrators,inherit=false,allowForAll=false]
2026-03-13 17:09:07.558 DEBUG content 1702 336ee23f-6bd9-48a2-80d7-effc46ff90e2 Exporting binary resources.
2026-03-13 17:09:07.558 DEBUG content 1702 336ee23f-6bd9-48a2-80d7-effc46ff90e2 Serializing object to XML.
2026-03-13 17:09:07.567 DEBUG content 1702 336ee23f-6bd9-48a2-80d7-effc46ff90e2 Removed object from incomplete list.
2026-03-13 17:09:07.567 DEBUG content 1702 336ee23f-6bd9-48a2-80d7-effc46ff90e2 Object transported.
2026-03-13 17:09:07.567 DEBUG recordType 8 4319b3e4-ca07-43be-8557-19466417914e Binding pending incomplete: recordType:7
2026-03-13 17:09:07.569 DEBUG recordType 7 56e24fa4-b6b0-49e6-a8c4-99845ebcfe9d Begin transport.
2026-03-13 17:09:07.569 DEBUG recordType 7 56e24fa4-b6b0-49e6-a8c4-99845ebcfe9d Retrieving object data.
2026-03-13 17:09:07.634 DEBUG recordType 7 56e24fa4-b6b0-49e6-a8c4-99845ebcfe9d Setting uuids of object references.
2026-03-13 17:09:07.634 DEBUG recordType 7 56e24fa4-b6b0-49e6-a8c4-99845ebcfe9d Processing reference: RecordTypeDefinition.dataSrcExpr
2026-03-13 17:09:07.634 DEBUG recordType 7 56e24fa4-b6b0-49e6-a8c4-99845ebcfe9d Processing reference: RecordTypeDefinition.defaultFilters
2026-03-13 17:09:07.634 DEBUG recordType 7 56e24fa4-b6b0-49e6-a8c4-99845ebcfe9d Processing reference: RecordTypeDefinition.defaultFiltersExpr
2026-03-13 17:09:07.634 DEBUG recordType 7 56e24fa4-b6b0-49e6-a8c4-99845ebcfe9d Processing reference: RecordTypeDefinition.defaultSortInfoAsQueryInfos
2026-03-13 17:09:07.634 DEBUG recordType 7 56e24fa4-b6b0-49e6-a8c4-99845ebcfe9d Processing reference: DetailViewCfg.headerExpr
2026-03-13 17:09:07.634 DEBUG recordType 7 56e24fa4-b6b0-49e6-a8c4-99845ebcfe9d Processing reference: DetailViewCfg.nameExpr
2026-03-13 17:09:07.634 DEBUG recordType 7 56e24fa4-b6b0-49e6-a8c4-99845ebcfe9d Processing reference: DetailViewCfg.uiExpr
2026-03-13 17:09:07.635 DEBUG recordType 7 56e24fa4-b6b0-49e6-a8c4-99845ebcfe9d Processing reference: DetailViewCfg.visibilityExpr
2026-03-13 17:09:07.635 DEBUG recordType 7 56e24fa4-b6b0-49e6-a8c4-99845ebcfe9d Processing reference: RecordTypeDefinition.facetsListExpr
2026-03-13 17:09:07.635 DEBUG recordType 7 56e24fa4-b6b0-49e6-a8c4-99845ebcfe9d Processing reference: FieldCfg.defaultOptionExpr
2026-03-13 17:09:07.635 DEBUG recordType 7 56e24fa4-b6b0-49e6-a8c4-99845ebcfe9d Processing reference: FieldCfg.facetLabelExpr
2026-03-13 17:09:07.635 DEBUG recordType 7 56e24fa4-b6b0-49e6-a8c4-99845ebcfe9d Processing reference: FieldCfg.relatedRecordFieldUuid
2026-03-13 17:09:07.637 DEBUG recordType 7 56e24fa4-b6b0-49e6-a8c4-99845ebcfe9d Processing reference: FieldCfg.sourceRef
2026-03-13 17:09:07.639 DEBUG recordType 7 56e24fa4-b6b0-49e6-a8c4-99845ebcfe9d Processing reference: FieldCfg.visibilityExpr
2026-03-13 17:09:07.639 DEBUG recordType 7 56e24fa4-b6b0-49e6-a8c4-99845ebcfe9d Processing reference: FieldCfg.defaultOptionExpr
2026-03-13 17:09:07.64 DEBUG recordType 7 56e24fa4-b6b0-49e6-a8c4-99845ebcfe9d Processing reference: FieldCfg.facetLabelExpr
2026-03-13 17:09:07.64 DEBUG recordType 7 56e24fa4-b6b0-49e6-a8c4-99845ebcfe9d Processing reference: FieldCfg.relatedRecordFieldUuid
2026-03-13 17:09:07.642 DEBUG recordType 7 56e24fa4-b6b0-49e6-a8c4-99845ebcfe9d Processing reference: FieldCfg.sourceRef
2026-03-13 17:09:07.644 DEBUG recordType 7 56e24fa4-b6b0-49e6-a8c4-99845ebcfe9d Processing reference: FieldCfg.visibilityExpr
2026-03-13 17:09:07.644 DEBUG recordType 7 56e24fa4-b6b0-49e6-a8c4-99845ebcfe9d Processing reference: FieldCfg.defaultOptionExpr
2026-03-13 17:09:07.644 DEBUG recordType 7 56e24fa4-b6b0-49e6-a8c4-99845ebcfe9d Processing reference: FieldCfg.facetLabelExpr
2026-03-13 17:09:07.644 DEBUG recordType 7 56e24fa4-b6b0-49e6-a8c4-99845ebcfe9d Processing reference: FieldCfg.relatedRecordFieldUuid
2026-03-13 17:09:07.646 DEBUG recordType 7 56e24fa4-b6b0-49e6-a8c4-99845ebcfe9d Processing reference: FieldCfg.sourceRef
2026-03-13 17:09:07.648 DEBUG recordType 7 56e24fa4-b6b0-49e6-a8c4-99845ebcfe9d Processing reference: FieldCfg.visibilityExpr
2026-03-13 17:09:07.648 DEBUG recordType 7 56e24fa4-b6b0-49e6-a8c4-99845ebcfe9d Processing reference: RecordTypeDefinition.listViewSrcExpr
2026-03-13 17:09:07.648 DEBUG recordType 7 56e24fa4-b6b0-49e6-a8c4-99845ebcfe9d Processing reference: RecordTypeDefinition.listViewTemplateExpr
2026-03-13 17:09:07.668 DEBUG recordType 7 56e24fa4-b6b0-49e6-a8c4-99845ebcfe9d Processing reference: com.appiancorp.record.entities.RecordSourceCfg@d9b4c3c6
2026-03-13 17:09:07.677 DEBUG recordType 7 56e24fa4-b6b0-49e6-a8c4-99845ebcfe9d Processing reference: RecordSourceFieldCfg.customFieldExpr
2026-03-13 17:09:07.677 DEBUG recordType 7 56e24fa4-b6b0-49e6-a8c4-99845ebcfe9d Processing reference: RecordSourceFieldCfg.recordFieldSecurityMembershipFilter
2026-03-13 17:09:07.677 DEBUG recordType 7 56e24fa4-b6b0-49e6-a8c4-99845ebcfe9d Processing reference: RecordSourceFieldCfg.customFieldExpr
2026-03-13 17:09:07.677 DEBUG recordType 7 56e24fa4-b6b0-49e6-a8c4-99845ebcfe9d Processing reference: RecordSourceFieldCfg.recordFieldSecurityMembershipFilter
2026-03-13 17:09:07.677 DEBUG recordType 7 56e24fa4-b6b0-49e6-a8c4-99845ebcfe9d Processing reference: RecordSourceFieldCfg.customFieldExpr
2026-03-13 17:09:07.677 DEBUG recordType 7 56e24fa4-b6b0-49e6-a8c4-99845ebcfe9d Processing reference: RecordSourceFieldCfg.recordFieldSecurityMembershipFilter
2026-03-13 17:09:07.677 DEBUG recordType 7 56e24fa4-b6b0-49e6-a8c4-99845ebcfe9d Processing reference: RecordSourceFieldCfg.customFieldExpr
2026-03-13 17:09:07.678 DEBUG recordType 7 56e24fa4-b6b0-49e6-a8c4-99845ebcfe9d Processing reference: RecordSourceFieldCfg.recordFieldSecurityMembershipFilter
2026-03-13 17:09:07.678 DEBUG recordType 7 56e24fa4-b6b0-49e6-a8c4-99845ebcfe9d Processing reference: RecordSourceFieldCfg.customFieldExpr
2026-03-13 17:09:07.678 DEBUG recordType 7 56e24fa4-b6b0-49e6-a8c4-99845ebcfe9d Processing reference: RecordSourceFieldCfg.recordFieldSecurityMembershipFilter
2026-03-13 17:09:07.678 DEBUG recordType 7 56e24fa4-b6b0-49e6-a8c4-99845ebcfe9d Processing reference: RecordSourceFieldCfg.customFieldExpr
2026-03-13 17:09:07.678 DEBUG recordType 7 56e24fa4-b6b0-49e6-a8c4-99845ebcfe9d Processing reference: RecordSourceFieldCfg.recordFieldSecurityMembershipFilter
2026-03-13 17:09:07.678 DEBUG recordType 7 56e24fa4-b6b0-49e6-a8c4-99845ebcfe9d Processing reference: RecordSourceFieldCfg.customFieldExpr
2026-03-13 17:09:07.678 DEBUG recordType 7 56e24fa4-b6b0-49e6-a8c4-99845ebcfe9d Processing reference: RecordSourceFieldCfg.recordFieldSecurityMembershipFilter
2026-03-13 17:09:07.678 DEBUG recordType 7 56e24fa4-b6b0-49e6-a8c4-99845ebcfe9d Processing reference: RecordSourceFieldCfg.customFieldExpr
2026-03-13 17:09:07.678 DEBUG recordType 7 56e24fa4-b6b0-49e6-a8c4-99845ebcfe9d Processing reference: RecordSourceFieldCfg.recordFieldSecurityMembershipFilter
2026-03-13 17:09:07.678 DEBUG recordType 7 56e24fa4-b6b0-49e6-a8c4-99845ebcfe9d Processing reference: RecordSourceFieldCfg.customFieldExpr
2026-03-13 17:09:07.678 DEBUG recordType 7 56e24fa4-b6b0-49e6-a8c4-99845ebcfe9d Processing reference: RecordSourceFieldCfg.recordFieldSecurityMembershipFilter
2026-03-13 17:09:07.678 DEBUG recordType 7 56e24fa4-b6b0-49e6-a8c4-99845ebcfe9d Processing reference: RecordSourceCfg.sourceContextExpr
2026-03-13 17:09:07.678 DEBUG recordType 7 56e24fa4-b6b0-49e6-a8c4-99845ebcfe9d Processing reference: RecordSourceCfg.sourceFilterExpr
2026-03-13 17:09:07.678 DEBUG recordType 7 56e24fa4-b6b0-49e6-a8c4-99845ebcfe9d Processing reference: RecordTypeListActionSecurityCfg.dataFilter
2026-03-13 17:09:07.678 DEBUG recordType 7 56e24fa4-b6b0-49e6-a8c4-99845ebcfe9d Processing reference: RecordTypeListActionSecurityCfg.membershipFilter
2026-03-13 17:09:07.678 DEBUG recordType 7 56e24fa4-b6b0-49e6-a8c4-99845ebcfe9d Processing reference: RecordListActionCfg.target
2026-03-13 17:09:07.681 DEBUG recordType 7 56e24fa4-b6b0-49e6-a8c4-99845ebcfe9d Processing reference: RecordListActionCfg.visibilityExpr
2026-03-13 17:09:07.682 DEBUG recordType 7 56e24fa4-b6b0-49e6-a8c4-99845ebcfe9d Processing reference: RecordRelationshipCfg.relationshipData
2026-03-13 17:09:07.682 DEBUG recordType 7 56e24fa4-b6b0-49e6-a8c4-99845ebcfe9d Processing reference: RecordRelationshipCfg.sourceRecordTypeFieldUuid
2026-03-13 17:09:07.682 DEBUG recordType 7 56e24fa4-b6b0-49e6-a8c4-99845ebcfe9d Processing reference: RecordRelationshipCfg.targetJoinFieldStoredForm
2026-03-13 17:09:07.682 DEBUG recordType 7 56e24fa4-b6b0-49e6-a8c4-99845ebcfe9d Processing reference: RecordRelationshipCfg.targetRecordTypeRef
2026-03-13 17:09:07.685 DEBUG recordType 7 56e24fa4-b6b0-49e6-a8c4-99845ebcfe9d Processing reference: RecordRelationshipCfg.relationshipData
2026-03-13 17:09:07.685 DEBUG recordType 7 56e24fa4-b6b0-49e6-a8c4-99845ebcfe9d Processing reference: RecordRelationshipCfg.sourceRecordTypeFieldUuid
2026-03-13 17:09:07.685 DEBUG recordType 7 56e24fa4-b6b0-49e6-a8c4-99845ebcfe9d Processing reference: RecordRelationshipCfg.targetJoinFieldStoredForm
2026-03-13 17:09:07.685 DEBUG recordType 7 56e24fa4-b6b0-49e6-a8c4-99845ebcfe9d Processing reference: RecordRelationshipCfg.targetRecordTypeRef
2026-03-13 17:09:07.687 DEBUG recordType 7 56e24fa4-b6b0-49e6-a8c4-99845ebcfe9d Processing reference: RecordRelationshipCfg.relationshipData
2026-03-13 17:09:07.688 DEBUG recordType 7 56e24fa4-b6b0-49e6-a8c4-99845ebcfe9d Processing reference: RecordRelationshipCfg.sourceRecordTypeFieldUuid
2026-03-13 17:09:07.688 DEBUG recordType 7 56e24fa4-b6b0-49e6-a8c4-99845ebcfe9d Processing reference: RecordRelationshipCfg.targetJoinFieldStoredForm
2026-03-13 17:09:07.688 DEBUG recordType 7 56e24fa4-b6b0-49e6-a8c4-99845ebcfe9d Processing reference: RecordRelationshipCfg.targetRecordTypeRef
2026-03-13 17:09:07.689 DEBUG recordType 7 56e24fa4-b6b0-49e6-a8c4-99845ebcfe9d Processing reference: RecordRelationshipCfg.relationshipData
2026-03-13 17:09:07.689 DEBUG recordType 7 56e24fa4-b6b0-49e6-a8c4-99845ebcfe9d Processing reference: RecordRelationshipCfg.sourceRecordTypeFieldUuid
2026-03-13 17:09:07.689 DEBUG recordType 7 56e24fa4-b6b0-49e6-a8c4-99845ebcfe9d Processing reference: RecordRelationshipCfg.targetJoinFieldStoredForm
2026-03-13 17:09:07.689 DEBUG recordType 7 56e24fa4-b6b0-49e6-a8c4-99845ebcfe9d Processing reference: RecordRelationshipCfg.targetRecordTypeRef
2026-03-13 17:09:07.691 DEBUG recordType 7 56e24fa4-b6b0-49e6-a8c4-99845ebcfe9d Processing reference: RecordTypeSearchCfg.placeholder
2026-03-13 17:09:07.692 DEBUG recordType 7 56e24fa4-b6b0-49e6-a8c4-99845ebcfe9d Processing reference: RecordTypeSearchCfg.searchFieldQueryInfos
2026-03-13 17:09:07.692 DEBUG recordType 7 56e24fa4-b6b0-49e6-a8c4-99845ebcfe9d Processing reference: RecordTypeDefinition.recordViewSrcExpr
2026-03-13 17:09:07.692 DEBUG recordType 7 56e24fa4-b6b0-49e6-a8c4-99845ebcfe9d Processing reference: RelatedActionCfg.contextExpr
2026-03-13 17:09:07.699 DEBUG recordType 7 56e24fa4-b6b0-49e6-a8c4-99845ebcfe9d Processing reference: RecordTypeRelatedActionSecurityCfg.dataFilter
2026-03-13 17:09:07.704 DEBUG recordType 7 56e24fa4-b6b0-49e6-a8c4-99845ebcfe9d Processing reference: RecordTypeRelatedActionSecurityCfg.membershipFilter
2026-03-13 17:09:07.704 DEBUG recordType 7 56e24fa4-b6b0-49e6-a8c4-99845ebcfe9d Processing reference: RelatedActionCfg.target
2026-03-13 17:09:07.707 DEBUG recordType 7 56e24fa4-b6b0-49e6-a8c4-99845ebcfe9d Processing reference: RelatedActionCfg.visibilityExpr
2026-03-13 17:09:07.707 DEBUG recordType 7 56e24fa4-b6b0-49e6-a8c4-99845ebcfe9d Processing reference: RelatedActionCfg.contextExpr
2026-03-13 17:09:07.715 DEBUG recordType 7 56e24fa4-b6b0-49e6-a8c4-99845ebcfe9d Processing reference: RecordTypeRelatedActionSecurityCfg.dataFilter
2026-03-13 17:09:07.72 DEBUG recordType 7 56e24fa4-b6b0-49e6-a8c4-99845ebcfe9d Processing reference: RecordTypeRelatedActionSecurityCfg.membershipFilter
2026-03-13 17:09:07.72 DEBUG recordType 7 56e24fa4-b6b0-49e6-a8c4-99845ebcfe9d Processing reference: RelatedActionCfg.target
2026-03-13 17:09:07.723 DEBUG recordType 7 56e24fa4-b6b0-49e6-a8c4-99845ebcfe9d Processing reference: RelatedActionCfg.visibilityExpr
2026-03-13 17:09:07.723 DEBUG recordType 7 56e24fa4-b6b0-49e6-a8c4-99845ebcfe9d Processing reference: RecordTypeDefinition.source
2026-03-13 17:09:07.723 DEBUG recordType 7 56e24fa4-b6b0-49e6-a8c4-99845ebcfe9d Processing reference: RecordTypeDefinition.titleExpr
2026-03-13 17:09:07.724 DEBUG recordType 7 56e24fa4-b6b0-49e6-a8c4-99845ebcfe9d Processing reference: Role[name=record_type_administrator,groupIds=[42]]
2026-03-13 17:09:07.726 DEBUG recordType 7 56e24fa4-b6b0-49e6-a8c4-99845ebcfe9d Processing reference: Role[name=record_type_viewer,groupIds=[43]]
2026-03-13 17:09:07.727 DEBUG recordType 7 56e24fa4-b6b0-49e6-a8c4-99845ebcfe9d Exporting binary resources.
2026-03-13 17:09:07.727 DEBUG recordType 7 56e24fa4-b6b0-49e6-a8c4-99845ebcfe9d Serializing object to XML.
2026-03-13 17:09:07.753 DEBUG recordType 7 56e24fa4-b6b0-49e6-a8c4-99845ebcfe9d Removed object from incomplete list.
2026-03-13 17:09:07.753 DEBUG recordType 7 56e24fa4-b6b0-49e6-a8c4-99845ebcfe9d Object transported.
2026-03-13 17:09:07.753 DEBUG recordType 8 4319b3e4-ca07-43be-8557-19466417914e Binding pending incomplete: processModel:150
2026-03-13 17:09:07.755 DEBUG processModel 150 0002ef48-89c2-8000-224e-7f0000014e7a Begin transport.
2026-03-13 17:09:07.755 DEBUG processModel 150 0002ef48-89c2-8000-224e-7f0000014e7a Retrieving object data.
2026-03-13 17:09:07.832 DEBUG processModel 150 0002ef48-89c2-8000-224e-7f0000014e7a Setting uuids of object references.
2026-03-13 17:09:07.832 DEBUG processModel 150 0002ef48-89c2-8000-224e-7f0000014e7a Processing reference: ProcessModelHaul.folderId
2026-03-13 17:09:07.833 DEBUG processModel 150 0002ef48-89c2-8000-224e-7f0000014e7a Processing reference: ProcessModelHaul.modelDashboardPageId
2026-03-13 17:09:07.833 DEBUG processModel 150 0002ef48-89c2-8000-224e-7f0000014e7a Processing reference: ProcessModelHaul.processDashboardPageId
2026-03-13 17:09:07.833 DEBUG processModel 150 0002ef48-89c2-8000-224e-7f0000014e7a Processing reference: ProcessModel.emailAttachmentFolderId
2026-03-13 17:09:07.834 DEBUG processModel 150 0002ef48-89c2-8000-224e-7f0000014e7a Processing reference: 4096 42
2026-03-13 17:09:07.836 DEBUG processModel 150 0002ef48-89c2-8000-224e-7f0000014e7a Processing reference: ActivityClass.localId
2026-03-13 17:09:07.836 DEBUG processModel 150 0002ef48-89c2-8000-224e-7f0000014e7a Processing reference: ActivityClass.localId
2026-03-13 17:09:07.836 DEBUG processModel 150 0002ef48-89c2-8000-224e-7f0000014e7a Processing reference: ActivityClassParameter[name=defaultNode,it=1,v=3]
2026-03-13 17:09:07.836 DEBUG processModel 150 0002ef48-89c2-8000-224e-7f0000014e7a Processing reference: ActivityClassParameter[name=rules,it=111,v={ActivityClassParameter[name=rule,it=11,v={ActivityClassParameter[name=expression,it=26,v=<null>],ActivityClassParameter[name=node,it=1,v=1],ActivityClassParameter[name=label,it=3,v=Yes]}]}]
2026-03-13 17:09:07.836 DEBUG processModel 150 0002ef48-89c2-8000-224e-7f0000014e7a Processing reference: ActivityClassParameter[name=fired,it=1,v=0]
2026-03-13 17:09:07.836 DEBUG processModel 150 0002ef48-89c2-8000-224e-7f0000014e7a Processing reference: ActivityClassParameter[name=arrivedNodes,it=101,v=<null>]
2026-03-13 17:09:07.837 DEBUG processModel 150 0002ef48-89c2-8000-224e-7f0000014e7a Processing reference: ActivityClassParameter[name=vehicleId,it=1,v=<null>]
2026-03-13 17:09:07.837 DEBUG processModel 150 0002ef48-89c2-8000-224e-7f0000014e7a Processing reference: ActivityClassParameter[name=technician,it=3,v=]
2026-03-13 17:09:07.837 DEBUG processModel 150 0002ef48-89c2-8000-224e-7f0000014e7a Processing reference: ActivityClassParameter[name=maintenanceTypeId,it=1,v=<null>]
2026-03-13 17:09:07.837 DEBUG processModel 150 0002ef48-89c2-8000-224e-7f0000014e7a Processing reference: ActivityClass.localId
2026-03-13 17:09:07.837 DEBUG processModel 150 0002ef48-89c2-8000-224e-7f0000014e7a Processing reference: ActivityClassParameter[name=Integration,it=250,v=1686]
2026-03-13 17:09:07.839 DEBUG processModel 150 0002ef48-89c2-8000-224e-7f0000014e7a Processing reference: ActivityClassParameter[name=Success,it=26,v=<null>]
2026-03-13 17:09:07.84 DEBUG processModel 150 0002ef48-89c2-8000-224e-7f0000014e7a Processing reference: ActivityClassParameter[name=Result,it=2888,v=<null>]
2026-03-13 17:09:07.84 DEBUG processModel 150 0002ef48-89c2-8000-224e-7f0000014e7a Processing reference: ActivityClassParameter[name=Error,it=2936,v=<null>]
2026-03-13 17:09:07.84 DEBUG processModel 150 0002ef48-89c2-8000-224e-7f0000014e7a Processing reference: ActivityClassParameter[name=ConnectedSystem,it=256,v=<null>]
2026-03-13 17:09:07.84 DEBUG processModel 150 0002ef48-89c2-8000-224e-7f0000014e7a Processing reference: ActivityClass.localId
2026-03-13 17:09:07.84 DEBUG processModel 150 0002ef48-89c2-8000-224e-7f0000014e7a Processing reference: ActivityClassParameter[name=pmID,it=23,v=<null>]
2026-03-13 17:09:07.84 DEBUG processModel 150 0002ef48-89c2-8000-224e-7f0000014e7a Processing reference: ActivityClassParameter[name=inMap,it=111,v={}]
2026-03-13 17:09:07.84 DEBUG processModel 150 0002ef48-89c2-8000-224e-7f0000014e7a Processing reference: ActivityClassParameter[name=procInheritsPriority,it=1,v=1]
2026-03-13 17:09:07.84 DEBUG processModel 150 0002ef48-89c2-8000-224e-7f0000014e7a Processing reference: ActivityClassParameter[name=pmUUID,it=3,v=]
2026-03-13 17:09:07.84 DEBUG processModel 150 0002ef48-89c2-8000-224e-7f0000014e7a Processing reference: ActivityClassParameter[name=isAsynchronous,it=26,v=1]
2026-03-13 17:09:07.84 DEBUG processModel 150 0002ef48-89c2-8000-224e-7f0000014e7a Processing reference: ActivityClassParameter[name=isTransparent,it=26,v=1]
2026-03-13 17:09:07.84 DEBUG processModel 150 0002ef48-89c2-8000-224e-7f0000014e7a Processing reference: ActivityClassParameter[name=inheritSecurity,it=26,v=0]
2026-03-13 17:09:07.841 DEBUG processModel 150 0002ef48-89c2-8000-224e-7f0000014e7a Processing reference: ActivityClass.localId
2026-03-13 17:09:07.841 DEBUG processModel 150 0002ef48-89c2-8000-224e-7f0000014e7a Processing reference: ActivityClassParameter[name=RecordType,it=272,v=]
2026-03-13 17:09:07.841 DEBUG processModel 150 0002ef48-89c2-8000-224e-7f0000014e7a Processing reference: ActivityClassParameter[name=Identifiers,it=97,v=TypedValue[it=97,v=<null>]]
2026-03-13 17:09:07.841 DEBUG processModel 150 0002ef48-89c2-8000-224e-7f0000014e7a Processing reference: ActivityClassParameter[name=RecordsUpdated,it=97,v=TypedValue[it=97,v=<null>]]
2026-03-13 17:09:07.841 DEBUG processModel 150 0002ef48-89c2-8000-224e-7f0000014e7a Processing reference: ActivityClassParameter[name=QueryError,it=3,v=]
2026-03-13 17:09:07.841 DEBUG processModel 150 0002ef48-89c2-8000-224e-7f0000014e7a Processing reference: ActivityClass.localId
2026-03-13 17:09:07.841 DEBUG processModel 150 0002ef48-89c2-8000-224e-7f0000014e7a Processing reference: ActivityClassParameter[name=RecordType,it=272,v=]
2026-03-13 17:09:07.841 DEBUG processModel 150 0002ef48-89c2-8000-224e-7f0000014e7a Processing reference: ActivityClassParameter[name=Identifiers,it=97,v=TypedValue[it=97,v=<null>]]
2026-03-13 17:09:07.841 DEBUG processModel 150 0002ef48-89c2-8000-224e-7f0000014e7a Processing reference: ActivityClassParameter[name=RecordsUpdated,it=97,v=TypedValue[it=97,v=<null>]]
2026-03-13 17:09:07.841 DEBUG processModel 150 0002ef48-89c2-8000-224e-7f0000014e7a Processing reference: ActivityClassParameter[name=QueryError,it=3,v=]
2026-03-13 17:09:07.841 DEBUG processModel 150 0002ef48-89c2-8000-224e-7f0000014e7a Processing reference: ProcessVariable[name=cancel,it=26,v=<null>]
2026-03-13 17:09:07.841 DEBUG processModel 150 0002ef48-89c2-8000-224e-7f0000014e7a Processing reference: ProcessVariable[name=maintenanceId,it=1,v=0]
2026-03-13 17:09:07.842 DEBUG processModel 150 0002ef48-89c2-8000-224e-7f0000014e7a Processing reference: ProcessVariable[name=maintenanceTypeId,it=1,v=0]
2026-03-13 17:09:07.842 DEBUG processModel 150 0002ef48-89c2-8000-224e-7f0000014e7a Processing reference: ProcessVariable[name=technican,it=4,v=]
2026-03-13 17:09:07.842 DEBUG processModel 150 0002ef48-89c2-8000-224e-7f0000014e7a Processing reference: ProcessVariable[name=vehicleId,it=1,v=0]
2026-03-13 17:09:07.842 DEBUG processModel 150 0002ef48-89c2-8000-224e-7f0000014e7a Processing reference: com.appiancorp.suiteapi.process.ProcessRoleMap@1c2256f9[
  Role[name=ADMIN_OWNER,groupIds=[42]]
  Role[name=EDITOR]
  Role[name=EXPLICIT_NONMEMBER]
  Role[name=VIEWER,groupIds=[43]]
  Role[name=MANAGER]
  Role[name=INITIATOR]
]
2026-03-13 17:09:07.842 DEBUG processModel 150 0002ef48-89c2-8000-224e-7f0000014e7a Processing reference: Role[name=ADMIN_OWNER,groupIds=[42]]
2026-03-13 17:09:07.851 DEBUG processModel 150 0002ef48-89c2-8000-224e-7f0000014e7a Processing reference: Role[name=EDITOR]
2026-03-13 17:09:07.851 DEBUG processModel 150 0002ef48-89c2-8000-224e-7f0000014e7a Processing reference: Role[name=EXPLICIT_NONMEMBER]
2026-03-13 17:09:07.851 DEBUG processModel 150 0002ef48-89c2-8000-224e-7f0000014e7a Processing reference: Role[name=VIEWER,groupIds=[43]]
2026-03-13 17:09:07.854 DEBUG processModel 150 0002ef48-89c2-8000-224e-7f0000014e7a Processing reference: Role[name=MANAGER]
2026-03-13 17:09:07.854 DEBUG processModel 150 0002ef48-89c2-8000-224e-7f0000014e7a Processing reference: Role[name=INITIATOR]
2026-03-13 17:09:07.881 DEBUG processModel 150 0002ef48-89c2-8000-224e-7f0000014e7a Exporting binary resources.
2026-03-13 17:09:07.881 DEBUG processModel 150 0002ef48-89c2-8000-224e-7f0000014e7a Serializing object to XML.
2026-03-13 17:09:07.971 DEBUG processModel 150 0002ef48-89c2-8000-224e-7f0000014e7a Removed object from incomplete list.
2026-03-13 17:09:07.971 DEBUG processModel 150 0002ef48-89c2-8000-224e-7f0000014e7a Object transported.
2026-03-13 17:09:07.971 DEBUG recordType 8 4319b3e4-ca07-43be-8557-19466417914e Binding pending incomplete: processModel:154
2026-03-13 17:09:08.001 DEBUG processModel 154 0002ef48-c6d7-8000-2259-7f0000014e7a Begin transport.
2026-03-13 17:09:08.001 DEBUG processModel 154 0002ef48-c6d7-8000-2259-7f0000014e7a Retrieving object data.
2026-03-13 17:09:08.081 DEBUG processModel 154 0002ef48-c6d7-8000-2259-7f0000014e7a Setting uuids of object references.
2026-03-13 17:09:08.081 DEBUG processModel 154 0002ef48-c6d7-8000-2259-7f0000014e7a Processing reference: ProcessModelHaul.folderId
2026-03-13 17:09:08.083 DEBUG processModel 154 0002ef48-c6d7-8000-2259-7f0000014e7a Processing reference: ProcessModelHaul.modelDashboardPageId
2026-03-13 17:09:08.083 DEBUG processModel 154 0002ef48-c6d7-8000-2259-7f0000014e7a Processing reference: ProcessModelHaul.processDashboardPageId
2026-03-13 17:09:08.083 DEBUG processModel 154 0002ef48-c6d7-8000-2259-7f0000014e7a Processing reference: ProcessModel.emailAttachmentFolderId
2026-03-13 17:09:08.083 DEBUG processModel 154 0002ef48-c6d7-8000-2259-7f0000014e7a Processing reference: 4096 42
2026-03-13 17:09:08.085 DEBUG processModel 154 0002ef48-c6d7-8000-2259-7f0000014e7a Processing reference: ActivityClass.localId
2026-03-13 17:09:08.085 DEBUG processModel 154 0002ef48-c6d7-8000-2259-7f0000014e7a Processing reference: ActivityClass.localId
2026-03-13 17:09:08.085 DEBUG processModel 154 0002ef48-c6d7-8000-2259-7f0000014e7a Processing reference: ActivityClassParameter[name=pmID,it=23,v=<null>]
2026-03-13 17:09:08.085 DEBUG processModel 154 0002ef48-c6d7-8000-2259-7f0000014e7a Processing reference: ActivityClassParameter[name=inMap,it=111,v={}]
2026-03-13 17:09:08.085 DEBUG processModel 154 0002ef48-c6d7-8000-2259-7f0000014e7a Processing reference: ActivityClassParameter[name=procInheritsPriority,it=1,v=1]
2026-03-13 17:09:08.085 DEBUG processModel 154 0002ef48-c6d7-8000-2259-7f0000014e7a Processing reference: ActivityClassParameter[name=pmUUID,it=3,v=]
2026-03-13 17:09:08.085 DEBUG processModel 154 0002ef48-c6d7-8000-2259-7f0000014e7a Processing reference: ActivityClassParameter[name=isAsynchronous,it=26,v=1]
2026-03-13 17:09:08.085 DEBUG processModel 154 0002ef48-c6d7-8000-2259-7f0000014e7a Processing reference: ActivityClassParameter[name=isTransparent,it=26,v=1]
2026-03-13 17:09:08.085 DEBUG processModel 154 0002ef48-c6d7-8000-2259-7f0000014e7a Processing reference: ActivityClassParameter[name=inheritSecurity,it=26,v=0]
2026-03-13 17:09:08.086 DEBUG processModel 154 0002ef48-c6d7-8000-2259-7f0000014e7a Processing reference: ActivityClassParameter[name=maintenanceId,it=1,v=<null>]
2026-03-13 17:09:08.086 DEBUG processModel 154 0002ef48-c6d7-8000-2259-7f0000014e7a Processing reference: ActivityClass.localId
2026-03-13 17:09:08.086 DEBUG processModel 154 0002ef48-c6d7-8000-2259-7f0000014e7a Processing reference: ActivityClassParameter[name=Integration,it=250,v=1692]
2026-03-13 17:09:08.089 DEBUG processModel 154 0002ef48-c6d7-8000-2259-7f0000014e7a Processing reference: ActivityClassParameter[name=Success,it=26,v=<null>]
2026-03-13 17:09:08.089 DEBUG processModel 154 0002ef48-c6d7-8000-2259-7f0000014e7a Processing reference: ActivityClassParameter[name=Result,it=2888,v=<null>]
2026-03-13 17:09:08.089 DEBUG processModel 154 0002ef48-c6d7-8000-2259-7f0000014e7a Processing reference: ActivityClassParameter[name=Error,it=2936,v=<null>]
2026-03-13 17:09:08.089 DEBUG processModel 154 0002ef48-c6d7-8000-2259-7f0000014e7a Processing reference: ActivityClassParameter[name=ConnectedSystem,it=256,v=<null>]
2026-03-13 17:09:08.089 DEBUG processModel 154 0002ef48-c6d7-8000-2259-7f0000014e7a Processing reference: ActivityClass.localId
2026-03-13 17:09:08.089 DEBUG processModel 154 0002ef48-c6d7-8000-2259-7f0000014e7a Processing reference: ActivityClassParameter[name=RecordType,it=272,v=]
2026-03-13 17:09:08.089 DEBUG processModel 154 0002ef48-c6d7-8000-2259-7f0000014e7a Processing reference: ActivityClassParameter[name=Identifiers,it=97,v=TypedValue[it=97,v=<null>]]
2026-03-13 17:09:08.089 DEBUG processModel 154 0002ef48-c6d7-8000-2259-7f0000014e7a Processing reference: ActivityClassParameter[name=RecordsUpdated,it=97,v=TypedValue[it=97,v=<null>]]
2026-03-13 17:09:08.089 DEBUG processModel 154 0002ef48-c6d7-8000-2259-7f0000014e7a Processing reference: ActivityClassParameter[name=QueryError,it=3,v=]
2026-03-13 17:09:08.089 DEBUG processModel 154 0002ef48-c6d7-8000-2259-7f0000014e7a Processing reference: ActivityClass.localId
2026-03-13 17:09:08.089 DEBUG processModel 154 0002ef48-c6d7-8000-2259-7f0000014e7a Processing reference: ActivityClassParameter[name=defaultNode,it=1,v=3]
2026-03-13 17:09:08.09 DEBUG processModel 154 0002ef48-c6d7-8000-2259-7f0000014e7a Processing reference: ActivityClassParameter[name=rules,it=111,v={ActivityClassParameter[name=rule,it=11,v={ActivityClassParameter[name=expression,it=26,v=<null>],ActivityClassParameter[name=node,it=1,v=1],ActivityClassParameter[name=label,it=3,v=Yes]}]}]
2026-03-13 17:09:08.09 DEBUG processModel 154 0002ef48-c6d7-8000-2259-7f0000014e7a Processing reference: ActivityClassParameter[name=fired,it=1,v=0]
2026-03-13 17:09:08.09 DEBUG processModel 154 0002ef48-c6d7-8000-2259-7f0000014e7a Processing reference: ActivityClassParameter[name=arrivedNodes,it=101,v=<null>]
2026-03-13 17:09:08.09 DEBUG processModel 154 0002ef48-c6d7-8000-2259-7f0000014e7a Processing reference: ActivityClass.localId
2026-03-13 17:09:08.09 DEBUG processModel 154 0002ef48-c6d7-8000-2259-7f0000014e7a Processing reference: ActivityClassParameter[name=RecordType,it=272,v=]
2026-03-13 17:09:08.09 DEBUG processModel 154 0002ef48-c6d7-8000-2259-7f0000014e7a Processing reference: ActivityClassParameter[name=Identifiers,it=97,v=TypedValue[it=97,v=<null>]]
2026-03-13 17:09:08.09 DEBUG processModel 154 0002ef48-c6d7-8000-2259-7f0000014e7a Processing reference: ActivityClassParameter[name=RecordsUpdated,it=97,v=TypedValue[it=97,v=<null>]]
2026-03-13 17:09:08.09 DEBUG processModel 154 0002ef48-c6d7-8000-2259-7f0000014e7a Processing reference: ActivityClassParameter[name=QueryError,it=3,v=]
2026-03-13 17:09:08.09 DEBUG processModel 154 0002ef48-c6d7-8000-2259-7f0000014e7a Processing reference: ProcessVariable[name=cancel,it=26,v=<null>]
2026-03-13 17:09:08.092 DEBUG processModel 154 0002ef48-c6d7-8000-2259-7f0000014e7a Processing reference: ProcessVariable[name=maintenance,it=4552,v=<null>]
2026-03-13 17:09:08.096 DEBUG processModel 154 0002ef48-c6d7-8000-2259-7f0000014e7a Processing reference: com.appiancorp.suiteapi.process.ProcessRoleMap@44ec064a[
  Role[name=ADMIN_OWNER,groupIds=[42]]
  Role[name=EDITOR]
  Role[name=EXPLICIT_NONMEMBER]
  Role[name=VIEWER,groupIds=[43]]
  Role[name=MANAGER]
  Role[name=INITIATOR]
]
2026-03-13 17:09:08.096 DEBUG processModel 154 0002ef48-c6d7-8000-2259-7f0000014e7a Processing reference: Role[name=ADMIN_OWNER,groupIds=[42]]
2026-03-13 17:09:08.099 DEBUG processModel 154 0002ef48-c6d7-8000-2259-7f0000014e7a Processing reference: Role[name=EDITOR]
2026-03-13 17:09:08.099 DEBUG processModel 154 0002ef48-c6d7-8000-2259-7f0000014e7a Processing reference: Role[name=EXPLICIT_NONMEMBER]
2026-03-13 17:09:08.099 DEBUG processModel 154 0002ef48-c6d7-8000-2259-7f0000014e7a Processing reference: Role[name=VIEWER,groupIds=[43]]
2026-03-13 17:09:08.102 DEBUG processModel 154 0002ef48-c6d7-8000-2259-7f0000014e7a Processing reference: Role[name=MANAGER]
2026-03-13 17:09:08.102 DEBUG processModel 154 0002ef48-c6d7-8000-2259-7f0000014e7a Processing reference: Role[name=INITIATOR]
2026-03-13 17:09:08.122 DEBUG processModel 154 0002ef48-c6d7-8000-2259-7f0000014e7a Exporting binary resources.
2026-03-13 17:09:08.122 DEBUG processModel 154 0002ef48-c6d7-8000-2259-7f0000014e7a Serializing object to XML.
2026-03-13 17:09:08.137 DEBUG processModel 154 0002ef48-c6d7-8000-2259-7f0000014e7a Removed object from incomplete list.
2026-03-13 17:09:08.137 DEBUG processModel 154 0002ef48-c6d7-8000-2259-7f0000014e7a Object transported.
2026-03-13 17:09:08.137 DEBUG recordType 8 4319b3e4-ca07-43be-8557-19466417914e Binding pending incomplete: content:1704
2026-03-13 17:09:08.14 DEBUG content 1704 _a-0000ef40-8303-8000-9be5-011c48011c48_813133 Begin transport.
2026-03-13 17:09:08.14 DEBUG content 1704 _a-0000ef40-8303-8000-9be5-011c48011c48_813133 Retrieving object data.
2026-03-13 17:09:08.156 DEBUG content 1704 _a-0000ef40-8303-8000-9be5-011c48011c48_813133 Setting uuids of object references.
2026-03-13 17:09:08.156 DEBUG content 1704 _a-0000ef40-8303-8000-9be5-011c48011c48_813133 Processing reference: [Content:id=1704,versionId=-1,name=TDFD_FORM_orderParts,type=32,subtype=6,uuid=_a-0000ef40-8303-8000-9be5-011c48011c48_813133,parent=1674]
2026-03-13 17:09:08.157 DEBUG content 1704 _a-0000ef40-8303-8000-9be5-011c48011c48_813133 Processing reference: Interface.forum
2026-03-13 17:09:08.157 DEBUG content 1704 _a-0000ef40-8303-8000-9be5-011c48011c48_813133 Processing reference: TypedVariable[name=cancel,it=26,v=<null>]
2026-03-13 17:09:08.157 DEBUG content 1704 _a-0000ef40-8303-8000-9be5-011c48011c48_813133 Processing reference: TypedVariable[name=maintenance,it=4552,v=<null>]
2026-03-13 17:09:08.16 DEBUG content 1704 _a-0000ef40-8303-8000-9be5-011c48011c48_813133 Processing reference: TypedVariable[name=purchaseCard,it=3,v=]
2026-03-13 17:09:08.16 DEBUG content 1704 _a-0000ef40-8303-8000-9be5-011c48011c48_813133 Processing reference: TypedVariable[name=totalPurchase,it=2,v=<null>]
2026-03-13 17:09:08.16 DEBUG content 1704 _a-0000ef40-8303-8000-9be5-011c48011c48_813133 Processing reference: Interface.parent
2026-03-13 17:09:08.163 DEBUG content 1704 _a-0000ef40-8303-8000-9be5-011c48011c48_813133 Processing reference: com.appiancorp.suiteapi.content.ContentRoleMap@17f6cf24[
  ContentRole[name=readers,inherit=true,allowForAll=false]
  ContentRole[name=authors,inherit=true,allowForAll=false]
  ContentRole[name=administrators,inherit=true,allowForAll=false]
  ContentRole[name=denyReaders,inherit=false,allowForAll=false]
  ContentRole[name=denyAuthors,inherit=false,allowForAll=false]
  ContentRole[name=denyAdministrators,inherit=false,allowForAll=false]
  securityVector=15:SEC_PUBLIC=true,SEC_CREATOR_ADMIN=false,SEC_INH_ADMIN=true,SEC_INH_EDITOR=true,SEC_INH_VIEWER=true,SEC_ALL_ADMIN=false,SEC_ALL_EDITOR=false,SEC_ALL_VIEWER=false
]
2026-03-13 17:09:08.163 DEBUG content 1704 _a-0000ef40-8303-8000-9be5-011c48011c48_813133 Processing reference: ContentRole[name=readers,inherit=true,allowForAll=false]
2026-03-13 17:09:08.163 DEBUG content 1704 _a-0000ef40-8303-8000-9be5-011c48011c48_813133 Processing reference: ContentRole[name=authors,inherit=true,allowForAll=false]
2026-03-13 17:09:08.163 DEBUG content 1704 _a-0000ef40-8303-8000-9be5-011c48011c48_813133 Processing reference: ContentRole[name=administrators,inherit=true,allowForAll=false]
2026-03-13 17:09:08.163 DEBUG content 1704 _a-0000ef40-8303-8000-9be5-011c48011c48_813133 Processing reference: ContentRole[name=denyReaders,inherit=false,allowForAll=false]
2026-03-13 17:09:08.163 DEBUG content 1704 _a-0000ef40-8303-8000-9be5-011c48011c48_813133 Processing reference: ContentRole[name=denyAuthors,inherit=false,allowForAll=false]
2026-03-13 17:09:08.163 DEBUG content 1704 _a-0000ef40-8303-8000-9be5-011c48011c48_813133 Processing reference: ContentRole[name=denyAdministrators,inherit=false,allowForAll=false]
2026-03-13 17:09:08.171 DEBUG content 1704 _a-0000ef40-8303-8000-9be5-011c48011c48_813133 Exporting binary resources.
2026-03-13 17:09:08.171 DEBUG content 1704 _a-0000ef40-8303-8000-9be5-011c48011c48_813133 Serializing object to XML.
2026-03-13 17:09:08.184 DEBUG content 1704 _a-0000ef40-8303-8000-9be5-011c48011c48_813133 Removed object from incomplete list.
2026-03-13 17:09:08.184 DEBUG content 1704 _a-0000ef40-8303-8000-9be5-011c48011c48_813133 Object transported.
2026-03-13 17:09:08.184 DEBUG recordType 8 4319b3e4-ca07-43be-8557-19466417914e Binding pending incomplete: content:1705
2026-03-13 17:09:08.194 DEBUG content 1705 _a-0000ef40-8303-8000-9be5-011c48011c48_813158 Begin transport.
2026-03-13 17:09:08.194 DEBUG content 1705 _a-0000ef40-8303-8000-9be5-011c48011c48_813158 Retrieving object data.
2026-03-13 17:09:08.212 DEBUG content 1705 _a-0000ef40-8303-8000-9be5-011c48011c48_813158 Setting uuids of object references.
2026-03-13 17:09:08.212 DEBUG content 1705 _a-0000ef40-8303-8000-9be5-011c48011c48_813158 Processing reference: [Content:id=1705,versionId=-1,name=TDFD_FORM_completeMaintenance,type=32,subtype=6,uuid=_a-0000ef40-8303-8000-9be5-011c48011c48_813158,parent=1674]
2026-03-13 17:09:08.223 DEBUG content 1705 _a-0000ef40-8303-8000-9be5-011c48011c48_813158 Processing reference: Interface.forum
2026-03-13 17:09:08.223 DEBUG content 1705 _a-0000ef40-8303-8000-9be5-011c48011c48_813158 Processing reference: TypedVariable[name=cancel,it=26,v=<null>]
2026-03-13 17:09:08.223 DEBUG content 1705 _a-0000ef40-8303-8000-9be5-011c48011c48_813158 Processing reference: TypedVariable[name=maintenance,it=4552,v=<null>]
2026-03-13 17:09:08.225 DEBUG content 1705 _a-0000ef40-8303-8000-9be5-011c48011c48_813158 Processing reference: Interface.parent
2026-03-13 17:09:08.228 DEBUG content 1705 _a-0000ef40-8303-8000-9be5-011c48011c48_813158 Processing reference: com.appiancorp.suiteapi.content.ContentRoleMap@3a5fa0e7[
  ContentRole[name=readers,inherit=true,allowForAll=false]
  ContentRole[name=authors,inherit=true,allowForAll=false]
  ContentRole[name=administrators,inherit=true,allowForAll=false]
  ContentRole[name=denyReaders,inherit=false,allowForAll=false]
  ContentRole[name=denyAuthors,inherit=false,allowForAll=false]
  ContentRole[name=denyAdministrators,inherit=false,allowForAll=false]
  securityVector=15:SEC_PUBLIC=true,SEC_CREATOR_ADMIN=false,SEC_INH_ADMIN=true,SEC_INH_EDITOR=true,SEC_INH_VIEWER=true,SEC_ALL_ADMIN=false,SEC_ALL_EDITOR=false,SEC_ALL_VIEWER=false
]
2026-03-13 17:09:08.228 DEBUG content 1705 _a-0000ef40-8303-8000-9be5-011c48011c48_813158 Processing reference: ContentRole[name=readers,inherit=true,allowForAll=false]
2026-03-13 17:09:08.228 DEBUG content 1705 _a-0000ef40-8303-8000-9be5-011c48011c48_813158 Processing reference: ContentRole[name=authors,inherit=true,allowForAll=false]
2026-03-13 17:09:08.228 DEBUG content 1705 _a-0000ef40-8303-8000-9be5-011c48011c48_813158 Processing reference: ContentRole[name=administrators,inherit=true,allowForAll=false]
2026-03-13 17:09:08.228 DEBUG content 1705 _a-0000ef40-8303-8000-9be5-011c48011c48_813158 Processing reference: ContentRole[name=denyReaders,inherit=false,allowForAll=false]
2026-03-13 17:09:08.228 DEBUG content 1705 _a-0000ef40-8303-8000-9be5-011c48011c48_813158 Processing reference: ContentRole[name=denyAuthors,inherit=false,allowForAll=false]
2026-03-13 17:09:08.228 DEBUG content 1705 _a-0000ef40-8303-8000-9be5-011c48011c48_813158 Processing reference: ContentRole[name=denyAdministrators,inherit=false,allowForAll=false]
2026-03-13 17:09:08.257 DEBUG content 1705 _a-0000ef40-8303-8000-9be5-011c48011c48_813158 Exporting binary resources.
2026-03-13 17:09:08.257 DEBUG content 1705 _a-0000ef40-8303-8000-9be5-011c48011c48_813158 Serializing object to XML.
2026-03-13 17:09:08.262 DEBUG content 1705 _a-0000ef40-8303-8000-9be5-011c48011c48_813158 Removed object from incomplete list.
2026-03-13 17:09:08.262 DEBUG content 1705 _a-0000ef40-8303-8000-9be5-011c48011c48_813158 Object transported.
2026-03-13 17:09:08.262 DEBUG recordType 8 4319b3e4-ca07-43be-8557-19466417914e Binding pending incomplete: processModel:151
2026-03-13 17:09:08.265 DEBUG processModel 151 0002ef48-3425-8000-221f-7f0000014e7a Begin transport.
2026-03-13 17:09:08.265 DEBUG processModel 151 0002ef48-3425-8000-221f-7f0000014e7a Retrieving object data.
2026-03-13 17:09:08.296 DEBUG processModel 151 0002ef48-3425-8000-221f-7f0000014e7a Setting uuids of object references.
2026-03-13 17:09:08.296 DEBUG processModel 151 0002ef48-3425-8000-221f-7f0000014e7a Processing reference: ProcessModelHaul.folderId
2026-03-13 17:09:08.298 DEBUG processModel 151 0002ef48-3425-8000-221f-7f0000014e7a Processing reference: ProcessModelHaul.modelDashboardPageId
2026-03-13 17:09:08.298 DEBUG processModel 151 0002ef48-3425-8000-221f-7f0000014e7a Processing reference: ProcessModelHaul.processDashboardPageId
2026-03-13 17:09:08.298 DEBUG processModel 151 0002ef48-3425-8000-221f-7f0000014e7a Processing reference: ProcessModel.emailAttachmentFolderId
2026-03-13 17:09:08.299 DEBUG processModel 151 0002ef48-3425-8000-221f-7f0000014e7a Processing reference: 4096 42
2026-03-13 17:09:08.302 DEBUG processModel 151 0002ef48-3425-8000-221f-7f0000014e7a Processing reference: ActivityClass.localId
2026-03-13 17:09:08.302 DEBUG processModel 151 0002ef48-3425-8000-221f-7f0000014e7a Processing reference: ActivityClass.localId
2026-03-13 17:09:08.302 DEBUG processModel 151 0002ef48-3425-8000-221f-7f0000014e7a Processing reference: ActivityClassParameter[name=pmID,it=23,v=<null>]
2026-03-13 17:09:08.302 DEBUG processModel 151 0002ef48-3425-8000-221f-7f0000014e7a Processing reference: ActivityClassParameter[name=inMap,it=111,v={}]
2026-03-13 17:09:08.302 DEBUG processModel 151 0002ef48-3425-8000-221f-7f0000014e7a Processing reference: ActivityClassParameter[name=procInheritsPriority,it=1,v=1]
2026-03-13 17:09:08.302 DEBUG processModel 151 0002ef48-3425-8000-221f-7f0000014e7a Processing reference: ActivityClassParameter[name=pmUUID,it=3,v=]
2026-03-13 17:09:08.302 DEBUG processModel 151 0002ef48-3425-8000-221f-7f0000014e7a Processing reference: ActivityClassParameter[name=isAsynchronous,it=26,v=1]
2026-03-13 17:09:08.302 DEBUG processModel 151 0002ef48-3425-8000-221f-7f0000014e7a Processing reference: ActivityClassParameter[name=isTransparent,it=26,v=1]
2026-03-13 17:09:08.302 DEBUG processModel 151 0002ef48-3425-8000-221f-7f0000014e7a Processing reference: ActivityClassParameter[name=inheritSecurity,it=26,v=0]
2026-03-13 17:09:08.302 DEBUG processModel 151 0002ef48-3425-8000-221f-7f0000014e7a Processing reference: ActivityClass.localId
2026-03-13 17:09:08.302 DEBUG processModel 151 0002ef48-3425-8000-221f-7f0000014e7a Processing reference: ActivityClassParameter[name=defaultNode,it=1,v=3]
2026-03-13 17:09:08.303 DEBUG processModel 151 0002ef48-3425-8000-221f-7f0000014e7a Processing reference: ActivityClassParameter[name=rules,it=111,v={ActivityClassParameter[name=rule,it=11,v={ActivityClassParameter[name=expression,it=26,v=<null>],ActivityClassParameter[name=node,it=1,v=1],ActivityClassParameter[name=label,it=3,v=Yes]}]}]
2026-03-13 17:09:08.303 DEBUG processModel 151 0002ef48-3425-8000-221f-7f0000014e7a Processing reference: ActivityClassParameter[name=fired,it=1,v=0]
2026-03-13 17:09:08.303 DEBUG processModel 151 0002ef48-3425-8000-221f-7f0000014e7a Processing reference: ActivityClassParameter[name=arrivedNodes,it=101,v=<null>]
2026-03-13 17:09:08.303 DEBUG processModel 151 0002ef48-3425-8000-221f-7f0000014e7a Processing reference: ActivityClass.localId
2026-03-13 17:09:08.303 DEBUG processModel 151 0002ef48-3425-8000-221f-7f0000014e7a Processing reference: ActivityClassParameter[name=RecordType,it=272,v=]
2026-03-13 17:09:08.303 DEBUG processModel 151 0002ef48-3425-8000-221f-7f0000014e7a Processing reference: ActivityClassParameter[name=Identifiers,it=97,v=TypedValue[it=97,v=<null>]]
2026-03-13 17:09:08.303 DEBUG processModel 151 0002ef48-3425-8000-221f-7f0000014e7a Processing reference: ActivityClassParameter[name=RecordsUpdated,it=97,v=TypedValue[it=97,v=<null>]]
2026-03-13 17:09:08.303 DEBUG processModel 151 0002ef48-3425-8000-221f-7f0000014e7a Processing reference: ActivityClassParameter[name=QueryError,it=3,v=]
2026-03-13 17:09:08.304 DEBUG processModel 151 0002ef48-3425-8000-221f-7f0000014e7a Processing reference: ActivityClassParameter[name=make,it=3,v=]
2026-03-13 17:09:08.304 DEBUG processModel 151 0002ef48-3425-8000-221f-7f0000014e7a Processing reference: ActivityClassParameter[name=model,it=3,v=]
2026-03-13 17:09:08.304 DEBUG processModel 151 0002ef48-3425-8000-221f-7f0000014e7a Processing reference: ActivityClassParameter[name=year,it=1,v=<null>]
2026-03-13 17:09:08.304 DEBUG processModel 151 0002ef48-3425-8000-221f-7f0000014e7a Processing reference: ActivityClassParameter[name=vin,it=3,v=]
2026-03-13 17:09:08.304 DEBUG processModel 151 0002ef48-3425-8000-221f-7f0000014e7a Processing reference: ActivityClassParameter[name=color,it=3,v=]
2026-03-13 17:09:08.304 DEBUG processModel 151 0002ef48-3425-8000-221f-7f0000014e7a Processing reference: ActivityClass.localId
2026-03-13 17:09:08.304 DEBUG processModel 151 0002ef48-3425-8000-221f-7f0000014e7a Processing reference: ActivityClassParameter[name=Integration,it=250,v=1699]
2026-03-13 17:09:08.308 DEBUG processModel 151 0002ef48-3425-8000-221f-7f0000014e7a Processing reference: ActivityClassParameter[name=Success,it=26,v=<null>]
2026-03-13 17:09:08.308 DEBUG processModel 151 0002ef48-3425-8000-221f-7f0000014e7a Processing reference: ActivityClassParameter[name=Result,it=2888,v=<null>]
2026-03-13 17:09:08.308 DEBUG processModel 151 0002ef48-3425-8000-221f-7f0000014e7a Processing reference: ActivityClassParameter[name=Error,it=2936,v=<null>]
2026-03-13 17:09:08.308 DEBUG processModel 151 0002ef48-3425-8000-221f-7f0000014e7a Processing reference: ActivityClassParameter[name=ConnectedSystem,it=256,v=<null>]
2026-03-13 17:09:08.308 DEBUG processModel 151 0002ef48-3425-8000-221f-7f0000014e7a Processing reference: ProcessVariable[name=cancel,it=26,v=<null>]
2026-03-13 17:09:08.308 DEBUG processModel 151 0002ef48-3425-8000-221f-7f0000014e7a Processing reference: ProcessVariable[name=color,it=3,v=]
2026-03-13 17:09:08.308 DEBUG processModel 151 0002ef48-3425-8000-221f-7f0000014e7a Processing reference: ProcessVariable[name=make,it=3,v=]
2026-03-13 17:09:08.308 DEBUG processModel 151 0002ef48-3425-8000-221f-7f0000014e7a Processing reference: ProcessVariable[name=model,it=3,v=]
2026-03-13 17:09:08.308 DEBUG processModel 151 0002ef48-3425-8000-221f-7f0000014e7a Processing reference: ProcessVariable[name=newVehicleId,it=1,v=0]
2026-03-13 17:09:08.308 DEBUG processModel 151 0002ef48-3425-8000-221f-7f0000014e7a Processing reference: ProcessVariable[name=test,it=3,v=]
2026-03-13 17:09:08.308 DEBUG processModel 151 0002ef48-3425-8000-221f-7f0000014e7a Processing reference: ProcessVariable[name=vin,it=3,v=]
2026-03-13 17:09:08.308 DEBUG processModel 151 0002ef48-3425-8000-221f-7f0000014e7a Processing reference: ProcessVariable[name=year,it=1,v=0]
2026-03-13 17:09:08.308 DEBUG processModel 151 0002ef48-3425-8000-221f-7f0000014e7a Processing reference: com.appiancorp.suiteapi.process.ProcessRoleMap@210dd79b[
  Role[name=ADMIN_OWNER,groupIds=[42]]
  Role[name=EDITOR]
  Role[name=EXPLICIT_NONMEMBER]
  Role[name=VIEWER,groupIds=[43]]
  Role[name=MANAGER]
  Role[name=INITIATOR]
]
2026-03-13 17:09:08.308 DEBUG processModel 151 0002ef48-3425-8000-221f-7f0000014e7a Processing reference: Role[name=ADMIN_OWNER,groupIds=[42]]
2026-03-13 17:09:08.31 DEBUG processModel 151 0002ef48-3425-8000-221f-7f0000014e7a Processing reference: Role[name=EDITOR]
2026-03-13 17:09:08.31 DEBUG processModel 151 0002ef48-3425-8000-221f-7f0000014e7a Processing reference: Role[name=EXPLICIT_NONMEMBER]
2026-03-13 17:09:08.31 DEBUG processModel 151 0002ef48-3425-8000-221f-7f0000014e7a Processing reference: Role[name=VIEWER,groupIds=[43]]
2026-03-13 17:09:08.311 DEBUG processModel 151 0002ef48-3425-8000-221f-7f0000014e7a Processing reference: Role[name=MANAGER]
2026-03-13 17:09:08.311 DEBUG processModel 151 0002ef48-3425-8000-221f-7f0000014e7a Processing reference: Role[name=INITIATOR]
2026-03-13 17:09:08.318 DEBUG processModel 151 0002ef48-3425-8000-221f-7f0000014e7a Exporting binary resources.
2026-03-13 17:09:08.318 DEBUG processModel 151 0002ef48-3425-8000-221f-7f0000014e7a Serializing object to XML.
2026-03-13 17:09:08.339 DEBUG processModel 151 0002ef48-3425-8000-221f-7f0000014e7a Removed object from incomplete list.
2026-03-13 17:09:08.339 DEBUG processModel 151 0002ef48-3425-8000-221f-7f0000014e7a Object transported.
2026-03-13 17:09:08.339 DEBUG recordType 8 4319b3e4-ca07-43be-8557-19466417914e Binding pending incomplete: processModel:152
2026-03-13 17:09:08.341 DEBUG processModel 152 0002ef49-6190-8000-225e-7f0000014e7a Begin transport.
2026-03-13 17:09:08.341 DEBUG processModel 152 0002ef49-6190-8000-225e-7f0000014e7a Retrieving object data.
2026-03-13 17:09:08.429 DEBUG processModel 152 0002ef49-6190-8000-225e-7f0000014e7a Setting uuids of object references.
2026-03-13 17:09:08.429 DEBUG processModel 152 0002ef49-6190-8000-225e-7f0000014e7a Processing reference: ProcessModelHaul.folderId
2026-03-13 17:09:08.431 DEBUG processModel 152 0002ef49-6190-8000-225e-7f0000014e7a Processing reference: ProcessModelHaul.modelDashboardPageId
2026-03-13 17:09:08.431 DEBUG processModel 152 0002ef49-6190-8000-225e-7f0000014e7a Processing reference: ProcessModelHaul.processDashboardPageId
2026-03-13 17:09:08.431 DEBUG processModel 152 0002ef49-6190-8000-225e-7f0000014e7a Processing reference: ProcessModel.emailAttachmentFolderId
2026-03-13 17:09:08.431 DEBUG processModel 152 0002ef49-6190-8000-225e-7f0000014e7a Processing reference: 4096 42
2026-03-13 17:09:08.433 DEBUG processModel 152 0002ef49-6190-8000-225e-7f0000014e7a Processing reference: ActivityClass.localId
2026-03-13 17:09:08.433 DEBUG processModel 152 0002ef49-6190-8000-225e-7f0000014e7a Processing reference: ActivityClass.localId
2026-03-13 17:09:08.433 DEBUG processModel 152 0002ef49-6190-8000-225e-7f0000014e7a Processing reference: ActivityClassParameter[name=defaultNode,it=1,v=3]
2026-03-13 17:09:08.433 DEBUG processModel 152 0002ef49-6190-8000-225e-7f0000014e7a Processing reference: ActivityClassParameter[name=rules,it=111,v={ActivityClassParameter[name=rule,it=11,v={ActivityClassParameter[name=expression,it=26,v=<null>],ActivityClassParameter[name=node,it=1,v=1],ActivityClassParameter[name=label,it=3,v=]}]}]
2026-03-13 17:09:08.433 DEBUG processModel 152 0002ef49-6190-8000-225e-7f0000014e7a Processing reference: ActivityClassParameter[name=fired,it=1,v=0]
2026-03-13 17:09:08.433 DEBUG processModel 152 0002ef49-6190-8000-225e-7f0000014e7a Processing reference: ActivityClassParameter[name=arrivedNodes,it=101,v=<null>]
2026-03-13 17:09:08.434 DEBUG processModel 152 0002ef49-6190-8000-225e-7f0000014e7a Processing reference: ActivityClassParameter[name=vehicleId,it=1,v=<null>]
2026-03-13 17:09:08.434 DEBUG processModel 152 0002ef49-6190-8000-225e-7f0000014e7a Processing reference: ActivityClass.localId
2026-03-13 17:09:08.434 DEBUG processModel 152 0002ef49-6190-8000-225e-7f0000014e7a Processing reference: ActivityClassParameter[name=Integration,it=250,v=1701]
2026-03-13 17:09:08.439 DEBUG processModel 152 0002ef49-6190-8000-225e-7f0000014e7a Processing reference: ActivityClassParameter[name=Success,it=26,v=<null>]
2026-03-13 17:09:08.439 DEBUG processModel 152 0002ef49-6190-8000-225e-7f0000014e7a Processing reference: ActivityClassParameter[name=Result,it=2888,v=<null>]
2026-03-13 17:09:08.439 DEBUG processModel 152 0002ef49-6190-8000-225e-7f0000014e7a Processing reference: ActivityClassParameter[name=Error,it=2936,v=<null>]
2026-03-13 17:09:08.439 DEBUG processModel 152 0002ef49-6190-8000-225e-7f0000014e7a Processing reference: ActivityClassParameter[name=ConnectedSystem,it=256,v=<null>]
2026-03-13 17:09:08.439 DEBUG processModel 152 0002ef49-6190-8000-225e-7f0000014e7a Processing reference: ActivityClass.localId
2026-03-13 17:09:08.439 DEBUG processModel 152 0002ef49-6190-8000-225e-7f0000014e7a Processing reference: ActivityClassParameter[name=RecordType,it=272,v=]
2026-03-13 17:09:08.439 DEBUG processModel 152 0002ef49-6190-8000-225e-7f0000014e7a Processing reference: ActivityClassParameter[name=Identifiers,it=97,v=TypedValue[it=97,v=<null>]]
2026-03-13 17:09:08.439 DEBUG processModel 152 0002ef49-6190-8000-225e-7f0000014e7a Processing reference: ActivityClassParameter[name=RecordsUpdated,it=97,v=TypedValue[it=97,v=<null>]]
2026-03-13 17:09:08.439 DEBUG processModel 152 0002ef49-6190-8000-225e-7f0000014e7a Processing reference: ActivityClassParameter[name=QueryError,it=3,v=]
2026-03-13 17:09:08.439 DEBUG processModel 152 0002ef49-6190-8000-225e-7f0000014e7a Processing reference: ActivityClass.localId
2026-03-13 17:09:08.439 DEBUG processModel 152 0002ef49-6190-8000-225e-7f0000014e7a Processing reference: ActivityClassParameter[name=pmID,it=23,v=<null>]
2026-03-13 17:09:08.439 DEBUG processModel 152 0002ef49-6190-8000-225e-7f0000014e7a Processing reference: ActivityClassParameter[name=inMap,it=111,v={}]
2026-03-13 17:09:08.439 DEBUG processModel 152 0002ef49-6190-8000-225e-7f0000014e7a Processing reference: ActivityClassParameter[name=procInheritsPriority,it=1,v=1]
2026-03-13 17:09:08.44 DEBUG processModel 152 0002ef49-6190-8000-225e-7f0000014e7a Processing reference: ActivityClassParameter[name=pmUUID,it=3,v=]
2026-03-13 17:09:08.44 DEBUG processModel 152 0002ef49-6190-8000-225e-7f0000014e7a Processing reference: ActivityClassParameter[name=isAsynchronous,it=26,v=1]
2026-03-13 17:09:08.44 DEBUG processModel 152 0002ef49-6190-8000-225e-7f0000014e7a Processing reference: ActivityClassParameter[name=isTransparent,it=26,v=1]
2026-03-13 17:09:08.44 DEBUG processModel 152 0002ef49-6190-8000-225e-7f0000014e7a Processing reference: ActivityClassParameter[name=inheritSecurity,it=26,v=0]
2026-03-13 17:09:08.44 DEBUG processModel 152 0002ef49-6190-8000-225e-7f0000014e7a Processing reference: ProcessVariable[name=cancel,it=26,v=<null>]
2026-03-13 17:09:08.44 DEBUG processModel 152 0002ef49-6190-8000-225e-7f0000014e7a Processing reference: ProcessVariable[name=vehicle,it=4554,v=<null>]
2026-03-13 17:09:08.442 DEBUG processModel 152 0002ef49-6190-8000-225e-7f0000014e7a Processing reference: com.appiancorp.suiteapi.process.ProcessRoleMap@112ee7d2[
  Role[name=ADMIN_OWNER,groupIds=[42]]
  Role[name=EDITOR]
  Role[name=EXPLICIT_NONMEMBER]
  Role[name=VIEWER,groupIds=[43]]
  Role[name=MANAGER]
  Role[name=INITIATOR]
]
2026-03-13 17:09:08.442 DEBUG processModel 152 0002ef49-6190-8000-225e-7f0000014e7a Processing reference: Role[name=ADMIN_OWNER,groupIds=[42]]
2026-03-13 17:09:08.443 DEBUG processModel 152 0002ef49-6190-8000-225e-7f0000014e7a Processing reference: Role[name=EDITOR]
2026-03-13 17:09:08.443 DEBUG processModel 152 0002ef49-6190-8000-225e-7f0000014e7a Processing reference: Role[name=EXPLICIT_NONMEMBER]
2026-03-13 17:09:08.443 DEBUG processModel 152 0002ef49-6190-8000-225e-7f0000014e7a Processing reference: Role[name=VIEWER,groupIds=[43]]
2026-03-13 17:09:08.445 DEBUG processModel 152 0002ef49-6190-8000-225e-7f0000014e7a Processing reference: Role[name=MANAGER]
2026-03-13 17:09:08.445 DEBUG processModel 152 0002ef49-6190-8000-225e-7f0000014e7a Processing reference: Role[name=INITIATOR]
2026-03-13 17:09:08.459 DEBUG processModel 152 0002ef49-6190-8000-225e-7f0000014e7a Exporting binary resources.
2026-03-13 17:09:08.459 DEBUG processModel 152 0002ef49-6190-8000-225e-7f0000014e7a Serializing object to XML.
2026-03-13 17:09:08.48 DEBUG processModel 152 0002ef49-6190-8000-225e-7f0000014e7a Removed object from incomplete list.
2026-03-13 17:09:08.481 DEBUG processModel 152 0002ef49-6190-8000-225e-7f0000014e7a Object transported.
2026-03-13 17:09:08.481 DEBUG recordType 8 4319b3e4-ca07-43be-8557-19466417914e Binding pending incomplete: content:1703
2026-03-13 17:09:08.486 DEBUG content 1703 _a-0000ef40-8303-8000-9be5-011c48011c48_813215 Begin transport.
2026-03-13 17:09:08.486 DEBUG content 1703 _a-0000ef40-8303-8000-9be5-011c48011c48_813215 Retrieving object data.
2026-03-13 17:09:08.496 DEBUG content 1703 _a-0000ef40-8303-8000-9be5-011c48011c48_813215 Setting uuids of object references.
2026-03-13 17:09:08.496 DEBUG content 1703 _a-0000ef40-8303-8000-9be5-011c48011c48_813215 Processing reference: [Content:id=1703,versionId=-1,name=TDFD_FORM_retireVehicleConfirmation,type=32,subtype=6,uuid=_a-0000ef40-8303-8000-9be5-011c48011c48_813215,parent=1674]
2026-03-13 17:09:08.506 DEBUG content 1703 _a-0000ef40-8303-8000-9be5-011c48011c48_813215 Processing reference: Interface.forum
2026-03-13 17:09:08.506 DEBUG content 1703 _a-0000ef40-8303-8000-9be5-011c48011c48_813215 Processing reference: TypedVariable[name=cancel,it=26,v=<null>]
2026-03-13 17:09:08.506 DEBUG content 1703 _a-0000ef40-8303-8000-9be5-011c48011c48_813215 Processing reference: TypedVariable[name=vehicle,it=4554,v=<null>]
2026-03-13 17:09:08.509 DEBUG content 1703 _a-0000ef40-8303-8000-9be5-011c48011c48_813215 Processing reference: Interface.parent
2026-03-13 17:09:08.511 DEBUG content 1703 _a-0000ef40-8303-8000-9be5-011c48011c48_813215 Processing reference: com.appiancorp.suiteapi.content.ContentRoleMap@39cf436[
  ContentRole[name=readers,inherit=true,allowForAll=false]
  ContentRole[name=authors,inherit=true,allowForAll=false]
  ContentRole[name=administrators,inherit=true,allowForAll=false]
  ContentRole[name=denyReaders,inherit=false,allowForAll=false]
  ContentRole[name=denyAuthors,inherit=false,allowForAll=false]
  ContentRole[name=denyAdministrators,inherit=false,allowForAll=false]
  securityVector=15:SEC_PUBLIC=true,SEC_CREATOR_ADMIN=false,SEC_INH_ADMIN=true,SEC_INH_EDITOR=true,SEC_INH_VIEWER=true,SEC_ALL_ADMIN=false,SEC_ALL_EDITOR=false,SEC_ALL_VIEWER=false
]
2026-03-13 17:09:08.511 DEBUG content 1703 _a-0000ef40-8303-8000-9be5-011c48011c48_813215 Processing reference: ContentRole[name=readers,inherit=true,allowForAll=false]
2026-03-13 17:09:08.511 DEBUG content 1703 _a-0000ef40-8303-8000-9be5-011c48011c48_813215 Processing reference: ContentRole[name=authors,inherit=true,allowForAll=false]
2026-03-13 17:09:08.511 DEBUG content 1703 _a-0000ef40-8303-8000-9be5-011c48011c48_813215 Processing reference: ContentRole[name=administrators,inherit=true,allowForAll=false]
2026-03-13 17:09:08.511 DEBUG content 1703 _a-0000ef40-8303-8000-9be5-011c48011c48_813215 Processing reference: ContentRole[name=denyReaders,inherit=false,allowForAll=false]
2026-03-13 17:09:08.511 DEBUG content 1703 _a-0000ef40-8303-8000-9be5-011c48011c48_813215 Processing reference: ContentRole[name=denyAuthors,inherit=false,allowForAll=false]
2026-03-13 17:09:08.511 DEBUG content 1703 _a-0000ef40-8303-8000-9be5-011c48011c48_813215 Processing reference: ContentRole[name=denyAdministrators,inherit=false,allowForAll=false]
2026-03-13 17:09:08.512 DEBUG content 1703 _a-0000ef40-8303-8000-9be5-011c48011c48_813215 Exporting binary resources.
2026-03-13 17:09:08.512 DEBUG content 1703 _a-0000ef40-8303-8000-9be5-011c48011c48_813215 Serializing object to XML.
2026-03-13 17:09:08.516 DEBUG content 1703 _a-0000ef40-8303-8000-9be5-011c48011c48_813215 Removed object from incomplete list.
2026-03-13 17:09:08.516 DEBUG content 1703 _a-0000ef40-8303-8000-9be5-011c48011c48_813215 Object transported.
2026-03-13 17:09:08.556 DEBUG content 1684 _a-0000ef40-8303-8000-9be5-011c48011c48_813861 Begin transport.
2026-03-13 17:09:08.556 DEBUG content 1684 _a-0000ef40-8303-8000-9be5-011c48011c48_813861 Retrieving object data.
2026-03-13 17:09:08.562 DEBUG content 1684 _a-0000ef40-8303-8000-9be5-011c48011c48_813861 Setting uuids of object references.
2026-03-13 17:09:08.562 DEBUG content 1684 _a-0000ef40-8303-8000-9be5-011c48011c48_813861 Processing reference: [Content:id=1684,versionId=-1,name=TDFD_HEXCODE_MIDNIGHT_NAVY,type=32,subtype=0,uuid=_a-0000ef40-8303-8000-9be5-011c48011c48_813861,parent=1674]
2026-03-13 17:09:08.562 DEBUG content 1684 _a-0000ef40-8303-8000-9be5-011c48011c48_813861 Processing reference: Constant.forum
2026-03-13 17:09:08.562 DEBUG content 1684 _a-0000ef40-8303-8000-9be5-011c48011c48_813861 Processing reference: Constant.parent
2026-03-13 17:09:08.564 DEBUG content 1684 _a-0000ef40-8303-8000-9be5-011c48011c48_813861 Processing reference: com.appiancorp.suiteapi.content.ContentRoleMap@42f9296f[
  ContentRole[name=readers,inherit=true,allowForAll=false]
  ContentRole[name=authors,inherit=true,allowForAll=false]
  ContentRole[name=administrators,inherit=true,allowForAll=false]
  ContentRole[name=denyReaders,inherit=false,allowForAll=false]
  ContentRole[name=denyAuthors,inherit=false,allowForAll=false]
  ContentRole[name=denyAdministrators,inherit=false,allowForAll=false]
  securityVector=15:SEC_PUBLIC=true,SEC_CREATOR_ADMIN=false,SEC_INH_ADMIN=true,SEC_INH_EDITOR=true,SEC_INH_VIEWER=true,SEC_ALL_ADMIN=false,SEC_ALL_EDITOR=false,SEC_ALL_VIEWER=false
]
2026-03-13 17:09:08.564 DEBUG content 1684 _a-0000ef40-8303-8000-9be5-011c48011c48_813861 Processing reference: ContentRole[name=readers,inherit=true,allowForAll=false]
2026-03-13 17:09:08.564 DEBUG content 1684 _a-0000ef40-8303-8000-9be5-011c48011c48_813861 Processing reference: ContentRole[name=authors,inherit=true,allowForAll=false]
2026-03-13 17:09:08.564 DEBUG content 1684 _a-0000ef40-8303-8000-9be5-011c48011c48_813861 Processing reference: ContentRole[name=administrators,inherit=true,allowForAll=false]
2026-03-13 17:09:08.564 DEBUG content 1684 _a-0000ef40-8303-8000-9be5-011c48011c48_813861 Processing reference: ContentRole[name=denyReaders,inherit=false,allowForAll=false]
2026-03-13 17:09:08.564 DEBUG content 1684 _a-0000ef40-8303-8000-9be5-011c48011c48_813861 Processing reference: ContentRole[name=denyAuthors,inherit=false,allowForAll=false]
2026-03-13 17:09:08.564 DEBUG content 1684 _a-0000ef40-8303-8000-9be5-011c48011c48_813861 Processing reference: ContentRole[name=denyAdministrators,inherit=false,allowForAll=false]
2026-03-13 17:09:08.565 DEBUG content 1684 _a-0000ef40-8303-8000-9be5-011c48011c48_813861 Exporting binary resources.
2026-03-13 17:09:08.565 DEBUG content 1684 _a-0000ef40-8303-8000-9be5-011c48011c48_813861 Serializing object to XML.
2026-03-13 17:09:08.567 DEBUG content 1684 _a-0000ef40-8303-8000-9be5-011c48011c48_813861 Object transported.
2026-03-13 17:09:08.567 DEBUG content 1735 _a-0000ef6f-de90-8000-9bf3-011c48011c48_885074 Begin transport.
2026-03-13 17:09:08.567 DEBUG content 1735 _a-0000ef6f-de90-8000-9bf3-011c48011c48_885074 Retrieving object data.
2026-03-13 17:09:08.575 DEBUG content 1735 _a-0000ef6f-de90-8000-9bf3-011c48011c48_885074 Setting uuids of object references.
2026-03-13 17:09:08.575 DEBUG content 1735 _a-0000ef6f-de90-8000-9bf3-011c48011c48_885074 Processing reference: [Content:id=1735,versionId=-1,name=TDFD_enhancedCardWrapper,type=32,subtype=6,uuid=_a-0000ef6f-de90-8000-9bf3-011c48011c48_885074,parent=1674]
2026-03-13 17:09:08.579 DEBUG content 1735 _a-0000ef6f-de90-8000-9bf3-011c48011c48_885074 Processing reference: Interface.forum
2026-03-13 17:09:08.579 DEBUG content 1735 _a-0000ef6f-de90-8000-9bf3-011c48011c48_885074 Processing reference: TypedVariable[name=contents,it=97,v=<null>]
2026-03-13 17:09:08.579 DEBUG content 1735 _a-0000ef6f-de90-8000-9bf3-011c48011c48_885074 Processing reference: TypedVariable[name=showWhen,it=26,v=<null>]
2026-03-13 17:09:08.579 DEBUG content 1735 _a-0000ef6f-de90-8000-9bf3-011c48011c48_885074 Processing reference: TypedVariable[name=label,it=3,v=]
2026-03-13 17:09:08.579 DEBUG content 1735 _a-0000ef6f-de90-8000-9bf3-011c48011c48_885074 Processing reference: TypedVariable[name=helpToolTip,it=3,v=]
2026-03-13 17:09:08.579 DEBUG content 1735 _a-0000ef6f-de90-8000-9bf3-011c48011c48_885074 Processing reference: TypedVariable[name=height,it=3,v=]
2026-03-13 17:09:08.579 DEBUG content 1735 _a-0000ef6f-de90-8000-9bf3-011c48011c48_885074 Processing reference: TypedVariable[name=marginBelow,it=3,v=]
2026-03-13 17:09:08.579 DEBUG content 1735 _a-0000ef6f-de90-8000-9bf3-011c48011c48_885074 Processing reference: TypedVariable[name=isCollapsible,it=26,v=<null>]
2026-03-13 17:09:08.579 DEBUG content 1735 _a-0000ef6f-de90-8000-9bf3-011c48011c48_885074 Processing reference: TypedVariable[name=isInitiallyCollapsed,it=26,v=<null>]
2026-03-13 17:09:08.579 DEBUG content 1735 _a-0000ef6f-de90-8000-9bf3-011c48011c48_885074 Processing reference: TypedVariable[name=showBorder,it=26,v=<null>]
2026-03-13 17:09:08.579 DEBUG content 1735 _a-0000ef6f-de90-8000-9bf3-011c48011c48_885074 Processing reference: TypedVariable[name=padding,it=3,v=]
2026-03-13 17:09:08.579 DEBUG content 1735 _a-0000ef6f-de90-8000-9bf3-011c48011c48_885074 Processing reference: TypedVariable[name=style,it=3,v=]
2026-03-13 17:09:08.579 DEBUG content 1735 _a-0000ef6f-de90-8000-9bf3-011c48011c48_885074 Processing reference: TypedVariable[name=decorativeBarColor,it=3,v=]
2026-03-13 17:09:08.579 DEBUG content 1735 _a-0000ef6f-de90-8000-9bf3-011c48011c48_885074 Processing reference: TypedVariable[name=decorativeBarPosition,it=3,v=]
2026-03-13 17:09:08.579 DEBUG content 1735 _a-0000ef6f-de90-8000-9bf3-011c48011c48_885074 Processing reference: TypedVariable[name=link,it=97,v=<null>]
2026-03-13 17:09:08.579 DEBUG content 1735 _a-0000ef6f-de90-8000-9bf3-011c48011c48_885074 Processing reference: TypedVariable[name=secondaryAction,it=97,v=<null>]
2026-03-13 17:09:08.579 DEBUG content 1735 _a-0000ef6f-de90-8000-9bf3-011c48011c48_885074 Processing reference: TypedVariable[name=labelColor,it=3,v=]
2026-03-13 17:09:08.579 DEBUG content 1735 _a-0000ef6f-de90-8000-9bf3-011c48011c48_885074 Processing reference: TypedVariable[name=showShadow,it=26,v=<null>]
2026-03-13 17:09:08.579 DEBUG content 1735 _a-0000ef6f-de90-8000-9bf3-011c48011c48_885074 Processing reference: Interface.parent
2026-03-13 17:09:08.582 DEBUG content 1735 _a-0000ef6f-de90-8000-9bf3-011c48011c48_885074 Processing reference: com.appiancorp.suiteapi.content.ContentRoleMap@119323b3[
  ContentRole[name=readers,inherit=true,allowForAll=false]
  ContentRole[name=authors,inherit=true,allowForAll=false]
  ContentRole[name=administrators,inherit=true,allowForAll=false]
  ContentRole[name=denyReaders,inherit=false,allowForAll=false]
  ContentRole[name=denyAuthors,inherit=false,allowForAll=false]
  ContentRole[name=denyAdministrators,inherit=false,allowForAll=false]
  securityVector=15:SEC_PUBLIC=true,SEC_CREATOR_ADMIN=false,SEC_INH_ADMIN=true,SEC_INH_EDITOR=true,SEC_INH_VIEWER=true,SEC_ALL_ADMIN=false,SEC_ALL_EDITOR=false,SEC_ALL_VIEWER=false
]
2026-03-13 17:09:08.582 DEBUG content 1735 _a-0000ef6f-de90-8000-9bf3-011c48011c48_885074 Processing reference: ContentRole[name=readers,inherit=true,allowForAll=false]
2026-03-13 17:09:08.582 DEBUG content 1735 _a-0000ef6f-de90-8000-9bf3-011c48011c48_885074 Processing reference: ContentRole[name=authors,inherit=true,allowForAll=false]
2026-03-13 17:09:08.582 DEBUG content 1735 _a-0000ef6f-de90-8000-9bf3-011c48011c48_885074 Processing reference: ContentRole[name=administrators,inherit=true,allowForAll=false]
2026-03-13 17:09:08.582 DEBUG content 1735 _a-0000ef6f-de90-8000-9bf3-011c48011c48_885074 Processing reference: ContentRole[name=denyReaders,inherit=false,allowForAll=false]
2026-03-13 17:09:08.582 DEBUG content 1735 _a-0000ef6f-de90-8000-9bf3-011c48011c48_885074 Processing reference: ContentRole[name=denyAuthors,inherit=false,allowForAll=false]
2026-03-13 17:09:08.582 DEBUG content 1735 _a-0000ef6f-de90-8000-9bf3-011c48011c48_885074 Processing reference: ContentRole[name=denyAdministrators,inherit=false,allowForAll=false]
2026-03-13 17:09:08.583 DEBUG content 1735 _a-0000ef6f-de90-8000-9bf3-011c48011c48_885074 Exporting binary resources.
2026-03-13 17:09:08.583 DEBUG content 1735 _a-0000ef6f-de90-8000-9bf3-011c48011c48_885074 Serializing object to XML.
2026-03-13 17:09:08.599 DEBUG content 1735 _a-0000ef6f-de90-8000-9bf3-011c48011c48_885074 Object transported.
2026-03-13 17:09:08.609 DEBUG content 1736 _a-0000ef40-8303-8000-9be5-011c48011c48_811762 Processing reference: Interface.forum
2026-03-13 17:09:08.609 DEBUG content 1736 _a-0000ef40-8303-8000-9be5-011c48011c48_811762 Processing reference: Interface.parent
2026-03-13 17:09:08.611 DEBUG content 1736 _a-0000ef40-8303-8000-9be5-011c48011c48_811762 Processing reference: com.appiancorp.suiteapi.content.ContentRoleMap@12b2509b[
  ContentRole[name=readers,inherit=true,allowForAll=false]
  ContentRole[name=authors,inherit=true,allowForAll=false]
  ContentRole[name=administrators,inherit=true,allowForAll=false]
  ContentRole[name=denyReaders,inherit=false,allowForAll=false]
  ContentRole[name=denyAuthors,inherit=false,allowForAll=false]
  ContentRole[name=denyAdministrators,inherit=false,allowForAll=false]
  securityVector=15:SEC_PUBLIC=true,SEC_CREATOR_ADMIN=false,SEC_INH_ADMIN=true,SEC_INH_EDITOR=true,SEC_INH_VIEWER=true,SEC_ALL_ADMIN=false,SEC_ALL_EDITOR=false,SEC_ALL_VIEWER=false
]
2026-03-13 17:09:08.611 DEBUG content 1736 _a-0000ef40-8303-8000-9be5-011c48011c48_811762 Processing reference: ContentRole[name=readers,inherit=true,allowForAll=false]
2026-03-13 17:09:08.611 DEBUG content 1736 _a-0000ef40-8303-8000-9be5-011c48011c48_811762 Processing reference: ContentRole[name=authors,inherit=true,allowForAll=false]
2026-03-13 17:09:08.611 DEBUG content 1736 _a-0000ef40-8303-8000-9be5-011c48011c48_811762 Processing reference: ContentRole[name=administrators,inherit=true,allowForAll=false]
2026-03-13 17:09:08.611 DEBUG content 1736 _a-0000ef40-8303-8000-9be5-011c48011c48_811762 Processing reference: ContentRole[name=denyReaders,inherit=false,allowForAll=false]
2026-03-13 17:09:08.611 DEBUG content 1736 _a-0000ef40-8303-8000-9be5-011c48011c48_811762 Processing reference: ContentRole[name=denyAuthors,inherit=false,allowForAll=false]
2026-03-13 17:09:08.611 DEBUG content 1736 _a-0000ef40-8303-8000-9be5-011c48011c48_811762 Processing reference: ContentRole[name=denyAdministrators,inherit=false,allowForAll=false]
2026-03-13 17:09:08.611 DEBUG content 1736 _a-0000ef40-8303-8000-9be5-011c48011c48_811762 Exporting binary resources.
2026-03-13 17:09:08.611 DEBUG content 1736 _a-0000ef40-8303-8000-9be5-011c48011c48_811762 Serializing object to XML.
2026-03-13 17:09:08.612 DEBUG content 1736 _a-0000ef40-8303-8000-9be5-011c48011c48_811762 Object transported.
2026-03-13 17:09:08.612 DEBUG content 1706 _a-0000ef40-8303-8000-9be5-011c48011c48_812851 Begin transport.
2026-03-13 17:09:08.612 DEBUG content 1706 _a-0000ef40-8303-8000-9be5-011c48011c48_812851 Retrieving object data.
2026-03-13 17:09:08.621 DEBUG content 1706 _a-0000ef40-8303-8000-9be5-011c48011c48_812851 Setting uuids of object references.
2026-03-13 17:09:08.621 DEBUG content 1706 _a-0000ef40-8303-8000-9be5-011c48011c48_812851 Processing reference: [Content:id=1706,versionId=-1,name=TDFD_PM_SYNC_RECORDS_WEBHOOK,type=32,subtype=0,uuid=_a-0000ef40-8303-8000-9be5-011c48011c48_812851,parent=1674]
2026-03-13 17:09:08.624 DEBUG processModel 155 0002ef48-6aed-8000-2247-7f0000014e7a Begin transport.
2026-03-13 17:09:08.624 DEBUG processModel 155 0002ef48-6aed-8000-2247-7f0000014e7a Retrieving object data.
2026-03-13 17:09:08.739 DEBUG processModel 155 0002ef48-6aed-8000-2247-7f0000014e7a Setting uuids of object references.
2026-03-13 17:09:08.739 DEBUG processModel 155 0002ef48-6aed-8000-2247-7f0000014e7a Processing reference: ProcessModelHaul.folderId
2026-03-13 17:09:08.74 DEBUG processModel 155 0002ef48-6aed-8000-2247-7f0000014e7a Processing reference: ProcessModelHaul.modelDashboardPageId
2026-03-13 17:09:08.74 DEBUG processModel 155 0002ef48-6aed-8000-2247-7f0000014e7a Processing reference: ProcessModelHaul.processDashboardPageId
2026-03-13 17:09:08.74 DEBUG processModel 155 0002ef48-6aed-8000-2247-7f0000014e7a Processing reference: ProcessModel.emailAttachmentFolderId
2026-03-13 17:09:08.741 DEBUG processModel 155 0002ef48-6aed-8000-2247-7f0000014e7a Processing reference: 4096 42
2026-03-13 17:09:08.742 DEBUG processModel 155 0002ef48-6aed-8000-2247-7f0000014e7a Processing reference: ActivityClass.localId
2026-03-13 17:09:08.742 DEBUG processModel 155 0002ef48-6aed-8000-2247-7f0000014e7a Processing reference: ActivityClass.localId
2026-03-13 17:09:08.742 DEBUG processModel 155 0002ef48-6aed-8000-2247-7f0000014e7a Processing reference: ActivityClassParameter[name=pmID,it=23,v=<null>]
2026-03-13 17:09:08.743 DEBUG processModel 155 0002ef48-6aed-8000-2247-7f0000014e7a Processing reference: ActivityClassParameter[name=inMap,it=111,v={}]
2026-03-13 17:09:08.743 DEBUG processModel 155 0002ef48-6aed-8000-2247-7f0000014e7a Processing reference: ActivityClassParameter[name=procInheritsPriority,it=1,v=1]
2026-03-13 17:09:08.743 DEBUG processModel 155 0002ef48-6aed-8000-2247-7f0000014e7a Processing reference: ActivityClassParameter[name=pmUUID,it=3,v=]
2026-03-13 17:09:08.743 DEBUG processModel 155 0002ef48-6aed-8000-2247-7f0000014e7a Processing reference: ActivityClassParameter[name=isAsynchronous,it=26,v=1]
2026-03-13 17:09:08.743 DEBUG processModel 155 0002ef48-6aed-8000-2247-7f0000014e7a Processing reference: ActivityClassParameter[name=isTransparent,it=26,v=1]
2026-03-13 17:09:08.743 DEBUG processModel 155 0002ef48-6aed-8000-2247-7f0000014e7a Processing reference: ActivityClassParameter[name=inheritSecurity,it=26,v=0]
2026-03-13 17:09:08.743 DEBUG processModel 155 0002ef48-6aed-8000-2247-7f0000014e7a Processing reference: ActivityClass.localId
2026-03-13 17:09:08.743 DEBUG processModel 155 0002ef48-6aed-8000-2247-7f0000014e7a Processing reference: ActivityClassParameter[name=RecordType,it=272,v=]
2026-03-13 17:09:08.743 DEBUG processModel 155 0002ef48-6aed-8000-2247-7f0000014e7a Processing reference: ActivityClassParameter[name=Identifiers,it=97,v=TypedValue[it=97,v=<null>]]
2026-03-13 17:09:08.743 DEBUG processModel 155 0002ef48-6aed-8000-2247-7f0000014e7a Processing reference: ActivityClassParameter[name=RecordsUpdated,it=97,v=TypedValue[it=97,v=<null>]]
2026-03-13 17:09:08.743 DEBUG processModel 155 0002ef48-6aed-8000-2247-7f0000014e7a Processing reference: ActivityClassParameter[name=QueryError,it=3,v=]
2026-03-13 17:09:08.743 DEBUG processModel 155 0002ef48-6aed-8000-2247-7f0000014e7a Processing reference: ActivityClass.localId
2026-03-13 17:09:08.743 DEBUG processModel 155 0002ef48-6aed-8000-2247-7f0000014e7a Processing reference: ActivityClassParameter[name=RecordType,it=272,v=]
2026-03-13 17:09:08.744 DEBUG processModel 155 0002ef48-6aed-8000-2247-7f0000014e7a Processing reference: ActivityClassParameter[name=Identifiers,it=97,v=TypedValue[it=97,v=<null>]]
2026-03-13 17:09:08.744 DEBUG processModel 155 0002ef48-6aed-8000-2247-7f0000014e7a Processing reference: ActivityClassParameter[name=RecordsUpdated,it=97,v=TypedValue[it=97,v=<null>]]
2026-03-13 17:09:08.744 DEBUG processModel 155 0002ef48-6aed-8000-2247-7f0000014e7a Processing reference: ActivityClassParameter[name=QueryError,it=3,v=]
2026-03-13 17:09:08.744 DEBUG processModel 155 0002ef48-6aed-8000-2247-7f0000014e7a Processing reference: ActivityClass.localId
2026-03-13 17:09:08.744 DEBUG processModel 155 0002ef48-6aed-8000-2247-7f0000014e7a Processing reference: ActivityClassParameter[name=RecordType,it=272,v=]
2026-03-13 17:09:08.744 DEBUG processModel 155 0002ef48-6aed-8000-2247-7f0000014e7a Processing reference: ActivityClassParameter[name=Identifiers,it=97,v=TypedValue[it=97,v=<null>]]
2026-03-13 17:09:08.744 DEBUG processModel 155 0002ef48-6aed-8000-2247-7f0000014e7a Processing reference: ActivityClassParameter[name=RecordsUpdated,it=97,v=TypedValue[it=97,v=<null>]]
2026-03-13 17:09:08.744 DEBUG processModel 155 0002ef48-6aed-8000-2247-7f0000014e7a Processing reference: ActivityClassParameter[name=QueryError,it=3,v=]
2026-03-13 17:09:08.744 DEBUG processModel 155 0002ef48-6aed-8000-2247-7f0000014e7a Processing reference: ActivityClass.localId
2026-03-13 17:09:08.744 DEBUG processModel 155 0002ef48-6aed-8000-2247-7f0000014e7a Processing reference: ActivityClassParameter[name=RecordType,it=272,v=]
2026-03-13 17:09:08.744 DEBUG processModel 155 0002ef48-6aed-8000-2247-7f0000014e7a Processing reference: ActivityClassParameter[name=Identifiers,it=97,v=TypedValue[it=97,v=<null>]]
2026-03-13 17:09:08.744 DEBUG processModel 155 0002ef48-6aed-8000-2247-7f0000014e7a Processing reference: ActivityClassParameter[name=RecordsUpdated,it=97,v=TypedValue[it=97,v=<null>]]
2026-03-13 17:09:08.744 DEBUG processModel 155 0002ef48-6aed-8000-2247-7f0000014e7a Processing reference: ActivityClassParameter[name=QueryError,it=3,v=]
2026-03-13 17:09:08.744 DEBUG processModel 155 0002ef48-6aed-8000-2247-7f0000014e7a Processing reference: ActivityClass.localId
2026-03-13 17:09:08.744 DEBUG processModel 155 0002ef48-6aed-8000-2247-7f0000014e7a Processing reference: ActivityClassParameter[name=RecordType,it=272,v=]
2026-03-13 17:09:08.744 DEBUG processModel 155 0002ef48-6aed-8000-2247-7f0000014e7a Processing reference: ActivityClassParameter[name=Identifiers,it=97,v=TypedValue[it=97,v=<null>]]
2026-03-13 17:09:08.744 DEBUG processModel 155 0002ef48-6aed-8000-2247-7f0000014e7a Processing reference: ActivityClassParameter[name=RecordsUpdated,it=97,v=TypedValue[it=97,v=<null>]]
2026-03-13 17:09:08.744 DEBUG processModel 155 0002ef48-6aed-8000-2247-7f0000014e7a Processing reference: ActivityClassParameter[name=QueryError,it=3,v=]
2026-03-13 17:09:08.745 DEBUG processModel 155 0002ef48-6aed-8000-2247-7f0000014e7a Processing reference: ActivityClass.localId
2026-03-13 17:09:08.745 DEBUG processModel 155 0002ef48-6aed-8000-2247-7f0000014e7a Processing reference: ActivityClassParameter[name=defaultNode,it=1,v=2]
2026-03-13 17:09:08.745 DEBUG processModel 155 0002ef48-6aed-8000-2247-7f0000014e7a Processing reference: ActivityClassParameter[name=rules,it=111,v={ActivityClassParameter[name=rule,it=11,v={ActivityClassParameter[name=expression,it=26,v=<null>],ActivityClassParameter[name=node,it=1,v=11],ActivityClassParameter[name=label,it=3,v=]}],ActivityClassParameter[name=rule,it=11,v={ActivityClassParameter[name=expression,it=26,v=<null>],ActivityClassParameter[name=node,it=1,v=6],ActivityClassParameter[name=label,it=3,v=]}]}]
2026-03-13 17:09:08.745 DEBUG processModel 155 0002ef48-6aed-8000-2247-7f0000014e7a Processing reference: ActivityClassParameter[name=fired,it=1,v=0]
2026-03-13 17:09:08.745 DEBUG processModel 155 0002ef48-6aed-8000-2247-7f0000014e7a Processing reference: ActivityClassParameter[name=arrivedNodes,it=101,v=<null>]
2026-03-13 17:09:08.745 DEBUG processModel 155 0002ef48-6aed-8000-2247-7f0000014e7a Processing reference: ProcessVariable[name=maintenanceIdentifiers,it=101,v={}]
2026-03-13 17:09:08.745 DEBUG processModel 155 0002ef48-6aed-8000-2247-7f0000014e7a Processing reference: ProcessVariable[name=partOrderIdentifiers,it=101,v={}]
2026-03-13 17:09:08.745 DEBUG processModel 155 0002ef48-6aed-8000-2247-7f0000014e7a Processing reference: ProcessVariable[name=vehicleIdentifiers,it=101,v={}]
2026-03-13 17:09:08.745 DEBUG processModel 155 0002ef48-6aed-8000-2247-7f0000014e7a Processing reference: com.appiancorp.suiteapi.process.ProcessRoleMap@3b799164[
  Role[name=ADMIN_OWNER,groupIds=[42]]
  Role[name=EDITOR]
  Role[name=EXPLICIT_NONMEMBER]
  Role[name=VIEWER,groupIds=[43]]
  Role[name=MANAGER]
  Role[name=INITIATOR]
]
2026-03-13 17:09:08.745 DEBUG processModel 155 0002ef48-6aed-8000-2247-7f0000014e7a Processing reference: Role[name=ADMIN_OWNER,groupIds=[42]]
2026-03-13 17:09:08.747 DEBUG processModel 155 0002ef48-6aed-8000-2247-7f0000014e7a Processing reference: Role[name=EDITOR]
2026-03-13 17:09:08.747 DEBUG processModel 155 0002ef48-6aed-8000-2247-7f0000014e7a Processing reference: Role[name=EXPLICIT_NONMEMBER]
2026-03-13 17:09:08.747 DEBUG processModel 155 0002ef48-6aed-8000-2247-7f0000014e7a Processing reference: Role[name=VIEWER,groupIds=[43]]
2026-03-13 17:09:08.748 DEBUG processModel 155 0002ef48-6aed-8000-2247-7f0000014e7a Processing reference: Role[name=MANAGER]
2026-03-13 17:09:08.748 DEBUG processModel 155 0002ef48-6aed-8000-2247-7f0000014e7a Processing reference: Role[name=INITIATOR]
2026-03-13 17:09:08.757 DEBUG processModel 155 0002ef48-6aed-8000-2247-7f0000014e7a Exporting binary resources.
2026-03-13 17:09:08.757 DEBUG processModel 155 0002ef48-6aed-8000-2247-7f0000014e7a Serializing object to XML.
2026-03-13 17:09:08.777 DEBUG processModel 155 0002ef48-6aed-8000-2247-7f0000014e7a Object transported.
2026-03-13 17:09:08.777 DEBUG content 1706 _a-0000ef40-8303-8000-9be5-011c48011c48_812851 Processing reference: Constant.forum
2026-03-13 17:09:08.778 DEBUG content 1706 _a-0000ef40-8303-8000-9be5-011c48011c48_812851 Processing reference: Constant.parent
2026-03-13 17:09:08.783 DEBUG content 1706 _a-0000ef40-8303-8000-9be5-011c48011c48_812851 Processing reference: com.appiancorp.suiteapi.content.ContentRoleMap@4a1f841e[
  ContentRole[name=readers,inherit=true,allowForAll=false]
  ContentRole[name=authors,inherit=true,allowForAll=false]
  ContentRole[name=administrators,inherit=true,allowForAll=false]
  ContentRole[name=denyReaders,inherit=false,allowForAll=false]
  ContentRole[name=denyAuthors,inherit=false,allowForAll=false]
  ContentRole[name=denyAdministrators,inherit=false,allowForAll=false]
  securityVector=15:SEC_PUBLIC=true,SEC_CREATOR_ADMIN=false,SEC_INH_ADMIN=true,SEC_INH_EDITOR=true,SEC_INH_VIEWER=true,SEC_ALL_ADMIN=false,SEC_ALL_EDITOR=false,SEC_ALL_VIEWER=false
]
2026-03-13 17:09:08.783 DEBUG content 1706 _a-0000ef40-8303-8000-9be5-011c48011c48_812851 Processing reference: ContentRole[name=readers,inherit=true,allowForAll=false]
2026-03-13 17:09:08.783 DEBUG content 1706 _a-0000ef40-8303-8000-9be5-011c48011c48_812851 Processing reference: ContentRole[name=authors,inherit=true,allowForAll=false]
2026-03-13 17:09:08.783 DEBUG content 1706 _a-0000ef40-8303-8000-9be5-011c48011c48_812851 Processing reference: ContentRole[name=administrators,inherit=true,allowForAll=false]
2026-03-13 17:09:08.783 DEBUG content 1706 _a-0000ef40-8303-8000-9be5-011c48011c48_812851 Processing reference: ContentRole[name=denyReaders,inherit=false,allowForAll=false]
2026-03-13 17:09:08.783 DEBUG content 1706 _a-0000ef40-8303-8000-9be5-011c48011c48_812851 Processing reference: ContentRole[name=denyAuthors,inherit=false,allowForAll=false]
2026-03-13 17:09:08.783 DEBUG content 1706 _a-0000ef40-8303-8000-9be5-011c48011c48_812851 Processing reference: ContentRole[name=denyAdministrators,inherit=false,allowForAll=false]
2026-03-13 17:09:08.783 DEBUG content 1706 _a-0000ef40-8303-8000-9be5-011c48011c48_812851 Exporting binary resources.
2026-03-13 17:09:08.783 DEBUG content 1706 _a-0000ef40-8303-8000-9be5-011c48011c48_812851 Serializing object to XML.
2026-03-13 17:09:08.788 DEBUG content 1706 _a-0000ef40-8303-8000-9be5-011c48011c48_812851 Object transported.
2026-03-13 17:09:08.788 DEBUG content 1738 _a-0000ef40-8303-8000-9be5-011c48011c48_813012 Begin transport.
2026-03-13 17:09:08.788 DEBUG content 1738 _a-0000ef40-8303-8000-9be5-011c48011c48_813012 Retrieving object data.
2026-03-13 17:09:08.799 DEBUG content 1738 _a-0000ef40-8303-8000-9be5-011c48011c48_813012 Setting uuids of object references.
2026-03-13 17:09:08.799 DEBUG content 1738 _a-0000ef40-8303-8000-9be5-011c48011c48_813012 Processing reference: [Content:id=1738,versionId=-1,name=TDFD_RG_Maintenance,type=32,subtype=6,uuid=_a-0000ef40-8303-8000-9be5-011c48011c48_813012,parent=1674]
2026-03-13 17:09:08.985 DEBUG content 1737 _a-0000ef70-14b2-8000-9bf6-011c48011c48_891280 Begin transport.
2026-03-13 17:09:08.985 DEBUG content 1737 _a-0000ef70-14b2-8000-9bf6-011c48011c48_891280 Retrieving object data.
2026-03-13 17:09:08.991 DEBUG content 1737 _a-0000ef70-14b2-8000-9bf6-011c48011c48_891280 Setting uuids of object references.
2026-03-13 17:09:08.991 DEBUG content 1737 _a-0000ef70-14b2-8000-9bf6-011c48011c48_891280 Processing reference: [Content:id=1737,versionId=-1,name=TDFD_filterRecordData,type=32,subtype=1,uuid=_a-0000ef70-14b2-8000-9bf6-011c48011c48_891280,parent=1674]
2026-03-13 17:09:08.999 DEBUG content 1737 _a-0000ef70-14b2-8000-9bf6-011c48011c48_891280 Processing reference: FreeformRule.forum
2026-03-13 17:09:08.999 DEBUG content 1737 _a-0000ef70-14b2-8000-9bf6-011c48011c48_891280 Processing reference: TypedVariable[name=recordData,it=97,v=<null>]
2026-03-13 17:09:08.999 DEBUG content 1737 _a-0000ef70-14b2-8000-9bf6-011c48011c48_891280 Processing reference: TypedVariable[name=field,it=284,v=<null>]
2026-03-13 17:09:08.999 DEBUG content 1737 _a-0000ef70-14b2-8000-9bf6-011c48011c48_891280 Processing reference: TypedVariable[name=operator,it=3,v=]
2026-03-13 17:09:08.999 DEBUG content 1737 _a-0000ef70-14b2-8000-9bf6-011c48011c48_891280 Processing reference: TypedVariable[name=value,it=97,v=<null>]
2026-03-13 17:09:08.999 DEBUG content 1737 _a-0000ef70-14b2-8000-9bf6-011c48011c48_891280 Processing reference: FreeformRule.parent
2026-03-13 17:09:09.001 DEBUG content 1737 _a-0000ef70-14b2-8000-9bf6-011c48011c48_891280 Processing reference: com.appiancorp.suiteapi.content.ContentRoleMap@2193d08e[
  ContentRole[name=readers,inherit=true,allowForAll=false]
  ContentRole[name=authors,inherit=true,allowForAll=false]
  ContentRole[name=administrators,inherit=true,allowForAll=false]
  ContentRole[name=denyReaders,inherit=false,allowForAll=false]
  ContentRole[name=denyAuthors,inherit=false,allowForAll=false]
  ContentRole[name=denyAdministrators,inherit=false,allowForAll=false]
  securityVector=15:SEC_PUBLIC=true,SEC_CREATOR_ADMIN=false,SEC_INH_ADMIN=true,SEC_INH_EDITOR=true,SEC_INH_VIEWER=true,SEC_ALL_ADMIN=false,SEC_ALL_EDITOR=false,SEC_ALL_VIEWER=false
]
2026-03-13 17:09:09.001 DEBUG content 1737 _a-0000ef70-14b2-8000-9bf6-011c48011c48_891280 Processing reference: ContentRole[name=readers,inherit=true,allowForAll=false]
2026-03-13 17:09:09.001 DEBUG content 1737 _a-0000ef70-14b2-8000-9bf6-011c48011c48_891280 Processing reference: ContentRole[name=authors,inherit=true,allowForAll=false]
2026-03-13 17:09:09.001 DEBUG content 1737 _a-0000ef70-14b2-8000-9bf6-011c48011c48_891280 Processing reference: ContentRole[name=administrators,inherit=true,allowForAll=false]
2026-03-13 17:09:09.001 DEBUG content 1737 _a-0000ef70-14b2-8000-9bf6-011c48011c48_891280 Processing reference: ContentRole[name=denyReaders,inherit=false,allowForAll=false]
2026-03-13 17:09:09.001 DEBUG content 1737 _a-0000ef70-14b2-8000-9bf6-011c48011c48_891280 Processing reference: ContentRole[name=denyAuthors,inherit=false,allowForAll=false]
2026-03-13 17:09:09.001 DEBUG content 1737 _a-0000ef70-14b2-8000-9bf6-011c48011c48_891280 Processing reference: ContentRole[name=denyAdministrators,inherit=false,allowForAll=false]
2026-03-13 17:09:09.002 DEBUG content 1737 _a-0000ef70-14b2-8000-9bf6-011c48011c48_891280 Exporting binary resources.
2026-03-13 17:09:09.002 DEBUG content 1737 _a-0000ef70-14b2-8000-9bf6-011c48011c48_891280 Serializing object to XML.
2026-03-13 17:09:09.005 DEBUG content 1737 _a-0000ef70-14b2-8000-9bf6-011c48011c48_891280 Object transported.
2026-03-13 17:09:09.005 DEBUG content 1708 _a-0000ef40-8303-8000-9be5-011c48011c48_813873 Begin transport.
2026-03-13 17:09:09.005 DEBUG content 1708 _a-0000ef40-8303-8000-9be5-011c48011c48_813873 Retrieving object data.
2026-03-13 17:09:09.015 DEBUG content 1708 _a-0000ef40-8303-8000-9be5-011c48011c48_813873 Setting uuids of object references.
2026-03-13 17:09:09.015 DEBUG content 1708 _a-0000ef40-8303-8000-9be5-011c48011c48_813873 Processing reference: [Content:id=1708,versionId=-1,name=TDFD_HEXCODE_INDUSTRIAL_AMBER,type=32,subtype=0,uuid=_a-0000ef40-8303-8000-9be5-011c48011c48_813873,parent=1674]
2026-03-13 17:09:09.015 DEBUG content 1708 _a-0000ef40-8303-8000-9be5-011c48011c48_813873 Processing reference: Constant.forum
2026-03-13 17:09:09.015 DEBUG content 1708 _a-0000ef40-8303-8000-9be5-011c48011c48_813873 Processing reference: Constant.parent
2026-03-13 17:09:09.019 DEBUG content 1708 _a-0000ef40-8303-8000-9be5-011c48011c48_813873 Processing reference: com.appiancorp.suiteapi.content.ContentRoleMap@189a6475[
  ContentRole[name=readers,inherit=true,allowForAll=false]
  ContentRole[name=authors,inherit=true,allowForAll=false]
  ContentRole[name=administrators,inherit=true,allowForAll=false]
  ContentRole[name=denyReaders,inherit=false,allowForAll=false]
  ContentRole[name=denyAuthors,inherit=false,allowForAll=false]
  ContentRole[name=denyAdministrators,inherit=false,allowForAll=false]
  securityVector=15:SEC_PUBLIC=true,SEC_CREATOR_ADMIN=false,SEC_INH_ADMIN=true,SEC_INH_EDITOR=true,SEC_INH_VIEWER=true,SEC_ALL_ADMIN=false,SEC_ALL_EDITOR=false,SEC_ALL_VIEWER=false
]
2026-03-13 17:09:09.02 DEBUG content 1708 _a-0000ef40-8303-8000-9be5-011c48011c48_813873 Processing reference: ContentRole[name=readers,inherit=true,allowForAll=false]
2026-03-13 17:09:09.02 DEBUG content 1708 _a-0000ef40-8303-8000-9be5-011c48011c48_813873 Processing reference: ContentRole[name=authors,inherit=true,allowForAll=false]
2026-03-13 17:09:09.02 DEBUG content 1708 _a-0000ef40-8303-8000-9be5-011c48011c48_813873 Processing reference: ContentRole[name=administrators,inherit=true,allowForAll=false]
2026-03-13 17:09:09.02 DEBUG content 1708 _a-0000ef40-8303-8000-9be5-011c48011c48_813873 Processing reference: ContentRole[name=denyReaders,inherit=false,allowForAll=false]
2026-03-13 17:09:09.02 DEBUG content 1708 _a-0000ef40-8303-8000-9be5-011c48011c48_813873 Processing reference: ContentRole[name=denyAuthors,inherit=false,allowForAll=false]
2026-03-13 17:09:09.02 DEBUG content 1708 _a-0000ef40-8303-8000-9be5-011c48011c48_813873 Processing reference: ContentRole[name=denyAdministrators,inherit=false,allowForAll=false]
2026-03-13 17:09:09.02 DEBUG content 1708 _a-0000ef40-8303-8000-9be5-011c48011c48_813873 Exporting binary resources.
2026-03-13 17:09:09.02 DEBUG content 1708 _a-0000ef40-8303-8000-9be5-011c48011c48_813873 Serializing object to XML.
2026-03-13 17:09:09.022 DEBUG content 1708 _a-0000ef40-8303-8000-9be5-011c48011c48_813873 Object transported.
2026-03-13 17:09:09.037 DEBUG content 1738 _a-0000ef40-8303-8000-9be5-011c48011c48_813012 Processing reference: Interface.forum
2026-03-13 17:09:09.037 DEBUG content 1738 _a-0000ef40-8303-8000-9be5-011c48011c48_813012 Processing reference: Interface.parent
2026-03-13 17:09:09.042 DEBUG content 1738 _a-0000ef40-8303-8000-9be5-011c48011c48_813012 Processing reference: com.appiancorp.suiteapi.content.ContentRoleMap@1d7e4dcf[
  ContentRole[name=readers,inherit=true,allowForAll=false]
  ContentRole[name=authors,inherit=true,allowForAll=false]
  ContentRole[name=administrators,inherit=true,allowForAll=false]
  ContentRole[name=denyReaders,inherit=false,allowForAll=false]
  ContentRole[name=denyAuthors,inherit=false,allowForAll=false]
  ContentRole[name=denyAdministrators,inherit=false,allowForAll=false]
  securityVector=15:SEC_PUBLIC=true,SEC_CREATOR_ADMIN=false,SEC_INH_ADMIN=true,SEC_INH_EDITOR=true,SEC_INH_VIEWER=true,SEC_ALL_ADMIN=false,SEC_ALL_EDITOR=false,SEC_ALL_VIEWER=false
]
2026-03-13 17:09:09.043 DEBUG content 1738 _a-0000ef40-8303-8000-9be5-011c48011c48_813012 Processing reference: ContentRole[name=readers,inherit=true,allowForAll=false]
2026-03-13 17:09:09.043 DEBUG content 1738 _a-0000ef40-8303-8000-9be5-011c48011c48_813012 Processing reference: ContentRole[name=authors,inherit=true,allowForAll=false]
2026-03-13 17:09:09.043 DEBUG content 1738 _a-0000ef40-8303-8000-9be5-011c48011c48_813012 Processing reference: ContentRole[name=administrators,inherit=true,allowForAll=false]
2026-03-13 17:09:09.043 DEBUG content 1738 _a-0000ef40-8303-8000-9be5-011c48011c48_813012 Processing reference: ContentRole[name=denyReaders,inherit=false,allowForAll=false]
2026-03-13 17:09:09.043 DEBUG content 1738 _a-0000ef40-8303-8000-9be5-011c48011c48_813012 Processing reference: ContentRole[name=denyAuthors,inherit=false,allowForAll=false]
2026-03-13 17:09:09.043 DEBUG content 1738 _a-0000ef40-8303-8000-9be5-011c48011c48_813012 Processing reference: ContentRole[name=denyAdministrators,inherit=false,allowForAll=false]
2026-03-13 17:09:09.043 DEBUG content 1738 _a-0000ef40-8303-8000-9be5-011c48011c48_813012 Exporting binary resources.
2026-03-13 17:09:09.043 DEBUG content 1738 _a-0000ef40-8303-8000-9be5-011c48011c48_813012 Serializing object to XML.
2026-03-13 17:09:09.044 DEBUG content 1738 _a-0000ef40-8303-8000-9be5-011c48011c48_813012 Object transported.
2026-03-13 17:09:09.044 DEBUG content 1710 6c60783c-0167-4a32-93a6-cffc5bbe6d1f Begin transport.
2026-03-13 17:09:09.044 DEBUG content 1710 6c60783c-0167-4a32-93a6-cffc5bbe6d1f Retrieving object data.
2026-03-13 17:09:09.069 DEBUG content 1710 6c60783c-0167-4a32-93a6-cffc5bbe6d1f Setting uuids of object references.
2026-03-13 17:09:09.069 DEBUG content 1710 6c60783c-0167-4a32-93a6-cffc5bbe6d1f Processing reference: [Content:id=1710,versionId=-1,name=TDFD_Get_Fleet_Hierarchy,type=32,subtype=5,uuid=6c60783c-0167-4a32-93a6-cffc5bbe6d1f,parent=1674]
2026-03-13 17:09:09.077 DEBUG content 1710 6c60783c-0167-4a32-93a6-cffc5bbe6d1f Processing reference: OutboundIntegration.forum
2026-03-13 17:09:09.077 DEBUG content 1710 6c60783c-0167-4a32-93a6-cffc5bbe6d1f Processing reference: OutboundIntegration.integrationOutputsAsTypedValue
2026-03-13 17:09:09.078 DEBUG content 1710 6c60783c-0167-4a32-93a6-cffc5bbe6d1f Processing reference: TypedVariable[name=startIndex,it=1,v=<null>]
2026-03-13 17:09:09.078 DEBUG content 1710 6c60783c-0167-4a32-93a6-cffc5bbe6d1f Processing reference: TypedVariable[name=batchSize,it=1,v=<null>]
2026-03-13 17:09:09.078 DEBUG content 1710 6c60783c-0167-4a32-93a6-cffc5bbe6d1f Processing reference: TypedVariable[name=cacheBuster,it=1,v=<null>]
2026-03-13 17:09:09.078 DEBUG content 1710 6c60783c-0167-4a32-93a6-cffc5bbe6d1f Processing reference: OutboundIntegration.parent
2026-03-13 17:09:09.08 DEBUG content 1710 6c60783c-0167-4a32-93a6-cffc5bbe6d1f Processing reference: com.appiancorp.suiteapi.content.ContentRoleMap@356a1ef3[
  ContentRole[name=readers,inherit=true,allowForAll=false]
  ContentRole[name=authors,inherit=true,allowForAll=false]
  ContentRole[name=administrators,inherit=true,allowForAll=false]
  ContentRole[name=denyReaders,inherit=false,allowForAll=false]
  ContentRole[name=denyAuthors,inherit=false,allowForAll=false]
  ContentRole[name=denyAdministrators,inherit=false,allowForAll=false]
  securityVector=15:SEC_PUBLIC=true,SEC_CREATOR_ADMIN=false,SEC_INH_ADMIN=true,SEC_INH_EDITOR=true,SEC_INH_VIEWER=true,SEC_ALL_ADMIN=false,SEC_ALL_EDITOR=false,SEC_ALL_VIEWER=false
]
2026-03-13 17:09:09.08 DEBUG content 1710 6c60783c-0167-4a32-93a6-cffc5bbe6d1f Processing reference: ContentRole[name=readers,inherit=true,allowForAll=false]
2026-03-13 17:09:09.08 DEBUG content 1710 6c60783c-0167-4a32-93a6-cffc5bbe6d1f Processing reference: ContentRole[name=authors,inherit=true,allowForAll=false]
2026-03-13 17:09:09.08 DEBUG content 1710 6c60783c-0167-4a32-93a6-cffc5bbe6d1f Processing reference: ContentRole[name=administrators,inherit=true,allowForAll=false]
2026-03-13 17:09:09.08 DEBUG content 1710 6c60783c-0167-4a32-93a6-cffc5bbe6d1f Processing reference: ContentRole[name=denyReaders,inherit=false,allowForAll=false]
2026-03-13 17:09:09.08 DEBUG content 1710 6c60783c-0167-4a32-93a6-cffc5bbe6d1f Processing reference: ContentRole[name=denyAuthors,inherit=false,allowForAll=false]
2026-03-13 17:09:09.081 DEBUG content 1710 6c60783c-0167-4a32-93a6-cffc5bbe6d1f Processing reference: ContentRole[name=denyAdministrators,inherit=false,allowForAll=false]
2026-03-13 17:09:09.082 DEBUG content 1710 6c60783c-0167-4a32-93a6-cffc5bbe6d1f Exporting binary resources.
2026-03-13 17:09:09.082 DEBUG content 1710 6c60783c-0167-4a32-93a6-cffc5bbe6d1f Serializing object to XML.
2026-03-13 17:09:09.09 DEBUG content 1710 6c60783c-0167-4a32-93a6-cffc5bbe6d1f Object transported.
2026-03-13 17:09:09.09 DEBUG content 1711 _a-0000ef40-8303-8000-9be5-011c48011c48_817047 Begin transport.
2026-03-13 17:09:09.09 DEBUG content 1711 _a-0000ef40-8303-8000-9be5-011c48011c48_817047 Retrieving object data.
2026-03-13 17:09:09.099 DEBUG content 1711 _a-0000ef40-8303-8000-9be5-011c48011c48_817047 Setting uuids of object references.
2026-03-13 17:09:09.099 DEBUG content 1711 _a-0000ef40-8303-8000-9be5-011c48011c48_817047 Processing reference: [Content:id=1711,versionId=-1,name=TDFD_Get_Fleet_Sync_Source_Vehicle,type=32,subtype=1,uuid=_a-0000ef40-8303-8000-9be5-011c48011c48_817047,parent=1674]
2026-03-13 17:09:09.106 DEBUG content 1711 _a-0000ef40-8303-8000-9be5-011c48011c48_817047 Processing reference: FreeformRule.forum
2026-03-13 17:09:09.106 DEBUG content 1711 _a-0000ef40-8303-8000-9be5-011c48011c48_817047 Processing reference: TypedVariable[name=startIndex,it=1,v=<null>]
2026-03-13 17:09:09.106 DEBUG content 1711 _a-0000ef40-8303-8000-9be5-011c48011c48_817047 Processing reference: TypedVariable[name=refreshCounter,it=1,v=<null>]
2026-03-13 17:09:09.106 DEBUG content 1711 _a-0000ef40-8303-8000-9be5-011c48011c48_817047 Processing reference: FreeformRule.parent
2026-03-13 17:09:09.11 DEBUG content 1711 _a-0000ef40-8303-8000-9be5-011c48011c48_817047 Processing reference: com.appiancorp.suiteapi.content.ContentRoleMap@40f631fd[
  ContentRole[name=readers,inherit=true,allowForAll=false]
  ContentRole[name=authors,inherit=true,allowForAll=false]
  ContentRole[name=administrators,inherit=true,allowForAll=false]
  ContentRole[name=denyReaders,inherit=false,allowForAll=false]
  ContentRole[name=denyAuthors,inherit=false,allowForAll=false]
  ContentRole[name=denyAdministrators,inherit=false,allowForAll=false]
  securityVector=15:SEC_PUBLIC=true,SEC_CREATOR_ADMIN=false,SEC_INH_ADMIN=true,SEC_INH_EDITOR=true,SEC_INH_VIEWER=true,SEC_ALL_ADMIN=false,SEC_ALL_EDITOR=false,SEC_ALL_VIEWER=false
]
2026-03-13 17:09:09.11 DEBUG content 1711 _a-0000ef40-8303-8000-9be5-011c48011c48_817047 Processing reference: ContentRole[name=readers,inherit=true,allowForAll=false]
2026-03-13 17:09:09.11 DEBUG content 1711 _a-0000ef40-8303-8000-9be5-011c48011c48_817047 Processing reference: ContentRole[name=authors,inherit=true,allowForAll=false]
2026-03-13 17:09:09.11 DEBUG content 1711 _a-0000ef40-8303-8000-9be5-011c48011c48_817047 Processing reference: ContentRole[name=administrators,inherit=true,allowForAll=false]
2026-03-13 17:09:09.11 DEBUG content 1711 _a-0000ef40-8303-8000-9be5-011c48011c48_817047 Processing reference: ContentRole[name=denyReaders,inherit=false,allowForAll=false]
2026-03-13 17:09:09.11 DEBUG content 1711 _a-0000ef40-8303-8000-9be5-011c48011c48_817047 Processing reference: ContentRole[name=denyAuthors,inherit=false,allowForAll=false]
2026-03-13 17:09:09.11 DEBUG content 1711 _a-0000ef40-8303-8000-9be5-011c48011c48_817047 Processing reference: ContentRole[name=denyAdministrators,inherit=false,allowForAll=false]
2026-03-13 17:09:09.11 DEBUG content 1711 _a-0000ef40-8303-8000-9be5-011c48011c48_817047 Exporting binary resources.
2026-03-13 17:09:09.11 DEBUG content 1711 _a-0000ef40-8303-8000-9be5-011c48011c48_817047 Serializing object to XML.
2026-03-13 17:09:09.114 DEBUG content 1711 _a-0000ef40-8303-8000-9be5-011c48011c48_817047 Object transported.
2026-03-13 17:09:09.114 DEBUG content 1714 7d142969-735d-4947-bcdd-87e78596eb0b Begin transport.
2026-03-13 17:09:09.114 DEBUG content 1714 7d142969-735d-4947-bcdd-87e78596eb0b Retrieving object data.
2026-03-13 17:09:09.127 DEBUG content 1714 7d142969-735d-4947-bcdd-87e78596eb0b Setting uuids of object references.
2026-03-13 17:09:09.127 DEBUG content 1714 7d142969-735d-4947-bcdd-87e78596eb0b Processing reference: [Content:id=1714,versionId=-1,name=TDFD_POST_Fabric_Maintenance,type=32,subtype=5,uuid=7d142969-735d-4947-bcdd-87e78596eb0b,parent=1674]
2026-03-13 17:09:09.137 DEBUG content 1714 7d142969-735d-4947-bcdd-87e78596eb0b Processing reference: OutboundIntegration.forum
2026-03-13 17:09:09.138 DEBUG content 1714 7d142969-735d-4947-bcdd-87e78596eb0b Processing reference: OutboundIntegration.integrationOutputsAsTypedValue
2026-03-13 17:09:09.138 DEBUG content 1714 7d142969-735d-4947-bcdd-87e78596eb0b Processing reference: TypedVariable[name=vehicleId,it=1,v=<null>]
2026-03-13 17:09:09.138 DEBUG content 1714 7d142969-735d-4947-bcdd-87e78596eb0b Processing reference: TypedVariable[name=technician,it=3,v=]
2026-03-13 17:09:09.138 DEBUG content 1714 7d142969-735d-4947-bcdd-87e78596eb0b Processing reference: TypedVariable[name=maintenanceTypeId,it=1,v=<null>]
2026-03-13 17:09:09.138 DEBUG content 1714 7d142969-735d-4947-bcdd-87e78596eb0b Processing reference: TypedVariable[name=notesOpen,it=3,v=]
2026-03-13 17:09:09.138 DEBUG content 1714 7d142969-735d-4947-bcdd-87e78596eb0b Processing reference: TypedVariable[name=onSuccess,it=97,v=<null>]
2026-03-13 17:09:09.138 DEBUG content 1714 7d142969-735d-4947-bcdd-87e78596eb0b Processing reference: TypedVariable[name=onError,it=97,v=<null>]
2026-03-13 17:09:09.138 DEBUG content 1714 7d142969-735d-4947-bcdd-87e78596eb0b Processing reference: OutboundIntegration.parent
2026-03-13 17:09:09.141 DEBUG content 1714 7d142969-735d-4947-bcdd-87e78596eb0b Processing reference: com.appiancorp.suiteapi.content.ContentRoleMap@57bf9f84[
  ContentRole[name=readers,inherit=true,allowForAll=false]
  ContentRole[name=authors,inherit=true,allowForAll=false]
  ContentRole[name=administrators,inherit=true,allowForAll=false]
  ContentRole[name=denyReaders,inherit=false,allowForAll=false]
  ContentRole[name=denyAuthors,inherit=false,allowForAll=false]
  ContentRole[name=denyAdministrators,inherit=false,allowForAll=false]
  securityVector=15:SEC_PUBLIC=true,SEC_CREATOR_ADMIN=false,SEC_INH_ADMIN=true,SEC_INH_EDITOR=true,SEC_INH_VIEWER=true,SEC_ALL_ADMIN=false,SEC_ALL_EDITOR=false,SEC_ALL_VIEWER=false
]
2026-03-13 17:09:09.141 DEBUG content 1714 7d142969-735d-4947-bcdd-87e78596eb0b Processing reference: ContentRole[name=readers,inherit=true,allowForAll=false]
2026-03-13 17:09:09.141 DEBUG content 1714 7d142969-735d-4947-bcdd-87e78596eb0b Processing reference: ContentRole[name=authors,inherit=true,allowForAll=false]
2026-03-13 17:09:09.141 DEBUG content 1714 7d142969-735d-4947-bcdd-87e78596eb0b Processing reference: ContentRole[name=administrators,inherit=true,allowForAll=false]
2026-03-13 17:09:09.141 DEBUG content 1714 7d142969-735d-4947-bcdd-87e78596eb0b Processing reference: ContentRole[name=denyReaders,inherit=false,allowForAll=false]
2026-03-13 17:09:09.141 DEBUG content 1714 7d142969-735d-4947-bcdd-87e78596eb0b Processing reference: ContentRole[name=denyAuthors,inherit=false,allowForAll=false]
2026-03-13 17:09:09.141 DEBUG content 1714 7d142969-735d-4947-bcdd-87e78596eb0b Processing reference: ContentRole[name=denyAdministrators,inherit=false,allowForAll=false]
2026-03-13 17:09:09.143 DEBUG content 1714 7d142969-735d-4947-bcdd-87e78596eb0b Exporting binary resources.
2026-03-13 17:09:09.143 DEBUG content 1714 7d142969-735d-4947-bcdd-87e78596eb0b Serializing object to XML.
2026-03-13 17:09:09.175 DEBUG content 1714 7d142969-735d-4947-bcdd-87e78596eb0b Object transported.
2026-03-13 17:09:09.175 DEBUG content 1715 _a-0000ef4d-030f-8000-9be6-011c48011c48_823160 Begin transport.
2026-03-13 17:09:09.175 DEBUG content 1715 _a-0000ef4d-030f-8000-9be6-011c48011c48_823160 Retrieving object data.
2026-03-13 17:09:09.227 DEBUG content 1715 _a-0000ef4d-030f-8000-9be6-011c48011c48_823160 Setting uuids of object references.
2026-03-13 17:09:09.227 DEBUG content 1715 _a-0000ef4d-030f-8000-9be6-011c48011c48_823160 Processing reference: [Content:id=1715,versionId=-1,name=TDFD_LOG_MAINTENANCE_PM,type=32,subtype=0,uuid=_a-0000ef4d-030f-8000-9be6-011c48011c48_823160,parent=1674]
2026-03-13 17:09:09.23 DEBUG processModel 156 0002ef51-8aeb-8000-22a4-7f0000014e7a Begin transport.
2026-03-13 17:09:09.23 DEBUG processModel 156 0002ef51-8aeb-8000-22a4-7f0000014e7a Retrieving object data.
2026-03-13 17:09:09.348 DEBUG processModel 156 0002ef51-8aeb-8000-22a4-7f0000014e7a Setting uuids of object references.
2026-03-13 17:09:09.348 DEBUG processModel 156 0002ef51-8aeb-8000-22a4-7f0000014e7a Processing reference: ProcessModelHaul.folderId
2026-03-13 17:09:09.349 DEBUG processModel 156 0002ef51-8aeb-8000-22a4-7f0000014e7a Processing reference: ProcessModelHaul.modelDashboardPageId
2026-03-13 17:09:09.349 DEBUG processModel 156 0002ef51-8aeb-8000-22a4-7f0000014e7a Processing reference: ProcessModelHaul.processDashboardPageId
2026-03-13 17:09:09.35 DEBUG processModel 156 0002ef51-8aeb-8000-22a4-7f0000014e7a Processing reference: ProcessModel.emailAttachmentFolderId
2026-03-13 17:09:09.35 DEBUG processModel 156 0002ef51-8aeb-8000-22a4-7f0000014e7a Processing reference: 4096 42
2026-03-13 17:09:09.352 DEBUG processModel 156 0002ef51-8aeb-8000-22a4-7f0000014e7a Processing reference: ActivityClass.localId
2026-03-13 17:09:09.352 DEBUG processModel 156 0002ef51-8aeb-8000-22a4-7f0000014e7a Processing reference: ActivityClass.localId
2026-03-13 17:09:09.352 DEBUG processModel 156 0002ef51-8aeb-8000-22a4-7f0000014e7a Processing reference: ActivityClassParameter[name=pmID,it=23,v=<null>]
2026-03-13 17:09:09.352 DEBUG processModel 156 0002ef51-8aeb-8000-22a4-7f0000014e7a Processing reference: ActivityClassParameter[name=inMap,it=111,v={}]
2026-03-13 17:09:09.352 DEBUG processModel 156 0002ef51-8aeb-8000-22a4-7f0000014e7a Processing reference: ActivityClassParameter[name=procInheritsPriority,it=1,v=1]
2026-03-13 17:09:09.352 DEBUG processModel 156 0002ef51-8aeb-8000-22a4-7f0000014e7a Processing reference: ActivityClassParameter[name=pmUUID,it=3,v=]
2026-03-13 17:09:09.353 DEBUG processModel 156 0002ef51-8aeb-8000-22a4-7f0000014e7a Processing reference: ActivityClassParameter[name=isAsynchronous,it=26,v=1]
2026-03-13 17:09:09.353 DEBUG processModel 156 0002ef51-8aeb-8000-22a4-7f0000014e7a Processing reference: ActivityClassParameter[name=isTransparent,it=26,v=1]
2026-03-13 17:09:09.353 DEBUG processModel 156 0002ef51-8aeb-8000-22a4-7f0000014e7a Processing reference: ActivityClassParameter[name=inheritSecurity,it=26,v=0]
2026-03-13 17:09:09.353 DEBUG processModel 156 0002ef51-8aeb-8000-22a4-7f0000014e7a Processing reference: ActivityClassParameter[name=vehicleId,it=1,v=<null>]
2026-03-13 17:09:09.353 DEBUG processModel 156 0002ef51-8aeb-8000-22a4-7f0000014e7a Processing reference: ActivityClassParameter[name=technician,it=3,v=]
2026-03-13 17:09:09.353 DEBUG processModel 156 0002ef51-8aeb-8000-22a4-7f0000014e7a Processing reference: ActivityClassParameter[name=maintenanceTypeId,it=1,v=<null>]
2026-03-13 17:09:09.353 DEBUG processModel 156 0002ef51-8aeb-8000-22a4-7f0000014e7a Processing reference: ActivityClassParameter[name=notesOpen,it=3,v=]
2026-03-13 17:09:09.353 DEBUG processModel 156 0002ef51-8aeb-8000-22a4-7f0000014e7a Processing reference: ActivityClass.localId
2026-03-13 17:09:09.353 DEBUG processModel 156 0002ef51-8aeb-8000-22a4-7f0000014e7a Processing reference: ActivityClassParameter[name=Integration,it=250,v=1714]
2026-03-13 17:09:09.355 DEBUG processModel 156 0002ef51-8aeb-8000-22a4-7f0000014e7a Processing reference: ActivityClassParameter[name=Success,it=26,v=<null>]
2026-03-13 17:09:09.356 DEBUG processModel 156 0002ef51-8aeb-8000-22a4-7f0000014e7a Processing reference: ActivityClassParameter[name=Result,it=2888,v=<null>]
2026-03-13 17:09:09.356 DEBUG processModel 156 0002ef51-8aeb-8000-22a4-7f0000014e7a Processing reference: ActivityClassParameter[name=Error,it=2936,v=<null>]
2026-03-13 17:09:09.356 DEBUG processModel 156 0002ef51-8aeb-8000-22a4-7f0000014e7a Processing reference: ActivityClassParameter[name=ConnectedSystem,it=256,v=<null>]
2026-03-13 17:09:09.356 DEBUG processModel 156 0002ef51-8aeb-8000-22a4-7f0000014e7a Processing reference: ActivityClass.localId
2026-03-13 17:09:09.356 DEBUG processModel 156 0002ef51-8aeb-8000-22a4-7f0000014e7a Processing reference: ActivityClassParameter[name=defaultNode,it=1,v=3]
2026-03-13 17:09:09.356 DEBUG processModel 156 0002ef51-8aeb-8000-22a4-7f0000014e7a Processing reference: ActivityClassParameter[name=rules,it=111,v={ActivityClassParameter[name=rule,it=11,v={ActivityClassParameter[name=expression,it=26,v=<null>],ActivityClassParameter[name=node,it=1,v=1],ActivityClassParameter[name=label,it=3,v=]}]}]
2026-03-13 17:09:09.356 DEBUG processModel 156 0002ef51-8aeb-8000-22a4-7f0000014e7a Processing reference: ActivityClassParameter[name=fired,it=1,v=0]
2026-03-13 17:09:09.356 DEBUG processModel 156 0002ef51-8aeb-8000-22a4-7f0000014e7a Processing reference: ActivityClassParameter[name=arrivedNodes,it=101,v=<null>]
2026-03-13 17:09:09.356 DEBUG processModel 156 0002ef51-8aeb-8000-22a4-7f0000014e7a Processing reference: ProcessVariable[name=cancel,it=26,v=<null>]
2026-03-13 17:09:09.356 DEBUG processModel 156 0002ef51-8aeb-8000-22a4-7f0000014e7a Processing reference: ProcessVariable[name=maintenanceTypeId,it=1,v=0]
2026-03-13 17:09:09.356 DEBUG processModel 156 0002ef51-8aeb-8000-22a4-7f0000014e7a Processing reference: ProcessVariable[name=notesOpen,it=3,v=]
2026-03-13 17:09:09.356 DEBUG processModel 156 0002ef51-8aeb-8000-22a4-7f0000014e7a Processing reference: ProcessVariable[name=technician,it=3,v=]
2026-03-13 17:09:09.356 DEBUG processModel 156 0002ef51-8aeb-8000-22a4-7f0000014e7a Processing reference: ProcessVariable[name=updatedVehicle,it=252,v=<null>]
2026-03-13 17:09:09.356 DEBUG processModel 156 0002ef51-8aeb-8000-22a4-7f0000014e7a Processing reference: ProcessVariable[name=vehicleId,it=1,v=0]
2026-03-13 17:09:09.356 DEBUG processModel 156 0002ef51-8aeb-8000-22a4-7f0000014e7a Processing reference: com.appiancorp.suiteapi.process.ProcessRoleMap@598d4b6d[
  Role[name=ADMIN_OWNER,groupIds=[42]]
  Role[name=EDITOR]
  Role[name=EXPLICIT_NONMEMBER]
  Role[name=VIEWER,groupIds=[43]]
  Role[name=MANAGER]
  Role[name=INITIATOR]
]
2026-03-13 17:09:09.356 DEBUG processModel 156 0002ef51-8aeb-8000-22a4-7f0000014e7a Processing reference: Role[name=ADMIN_OWNER,groupIds=[42]]
2026-03-13 17:09:09.357 DEBUG processModel 156 0002ef51-8aeb-8000-22a4-7f0000014e7a Processing reference: Role[name=EDITOR]
2026-03-13 17:09:09.357 DEBUG processModel 156 0002ef51-8aeb-8000-22a4-7f0000014e7a Processing reference: Role[name=EXPLICIT_NONMEMBER]
2026-03-13 17:09:09.357 DEBUG processModel 156 0002ef51-8aeb-8000-22a4-7f0000014e7a Processing reference: Role[name=VIEWER,groupIds=[43]]
2026-03-13 17:09:09.358 DEBUG processModel 156 0002ef51-8aeb-8000-22a4-7f0000014e7a Processing reference: Role[name=MANAGER]
2026-03-13 17:09:09.358 DEBUG processModel 156 0002ef51-8aeb-8000-22a4-7f0000014e7a Processing reference: Role[name=INITIATOR]
2026-03-13 17:09:09.36 DEBUG processModel 156 0002ef51-8aeb-8000-22a4-7f0000014e7a Exporting binary resources.
2026-03-13 17:09:09.36 DEBUG processModel 156 0002ef51-8aeb-8000-22a4-7f0000014e7a Serializing object to XML.
2026-03-13 17:09:09.37 DEBUG processModel 156 0002ef51-8aeb-8000-22a4-7f0000014e7a Object transported.
2026-03-13 17:09:09.37 DEBUG content 1715 _a-0000ef4d-030f-8000-9be6-011c48011c48_823160 Processing reference: Constant.forum
2026-03-13 17:09:09.37 DEBUG content 1715 _a-0000ef4d-030f-8000-9be6-011c48011c48_823160 Processing reference: Constant.parent
2026-03-13 17:09:09.374 DEBUG content 1715 _a-0000ef4d-030f-8000-9be6-011c48011c48_823160 Processing reference: com.appiancorp.suiteapi.content.ContentRoleMap@2b9917f5[
  ContentRole[name=readers,inherit=true,allowForAll=false]
  ContentRole[name=authors,inherit=true,allowForAll=false]
  ContentRole[name=administrators,inherit=true,allowForAll=false]
  ContentRole[name=denyReaders,inherit=false,allowForAll=false]
  ContentRole[name=denyAuthors,inherit=false,allowForAll=false]
  ContentRole[name=denyAdministrators,inherit=false,allowForAll=false]
  securityVector=15:SEC_PUBLIC=true,SEC_CREATOR_ADMIN=false,SEC_INH_ADMIN=true,SEC_INH_EDITOR=true,SEC_INH_VIEWER=true,SEC_ALL_ADMIN=false,SEC_ALL_EDITOR=false,SEC_ALL_VIEWER=false
]
2026-03-13 17:09:09.374 DEBUG content 1715 _a-0000ef4d-030f-8000-9be6-011c48011c48_823160 Processing reference: ContentRole[name=readers,inherit=true,allowForAll=false]
2026-03-13 17:09:09.374 DEBUG content 1715 _a-0000ef4d-030f-8000-9be6-011c48011c48_823160 Processing reference: ContentRole[name=authors,inherit=true,allowForAll=false]
2026-03-13 17:09:09.374 DEBUG content 1715 _a-0000ef4d-030f-8000-9be6-011c48011c48_823160 Processing reference: ContentRole[name=administrators,inherit=true,allowForAll=false]
2026-03-13 17:09:09.374 DEBUG content 1715 _a-0000ef4d-030f-8000-9be6-011c48011c48_823160 Processing reference: ContentRole[name=denyReaders,inherit=false,allowForAll=false]
2026-03-13 17:09:09.374 DEBUG content 1715 _a-0000ef4d-030f-8000-9be6-011c48011c48_823160 Processing reference: ContentRole[name=denyAuthors,inherit=false,allowForAll=false]
2026-03-13 17:09:09.374 DEBUG content 1715 _a-0000ef4d-030f-8000-9be6-011c48011c48_823160 Processing reference: ContentRole[name=denyAdministrators,inherit=false,allowForAll=false]
2026-03-13 17:09:09.374 DEBUG content 1715 _a-0000ef4d-030f-8000-9be6-011c48011c48_823160 Exporting binary resources.
2026-03-13 17:09:09.374 DEBUG content 1715 _a-0000ef4d-030f-8000-9be6-011c48011c48_823160 Serializing object to XML.
2026-03-13 17:09:09.378 DEBUG content 1715 _a-0000ef4d-030f-8000-9be6-011c48011c48_823160 Object transported.
2026-03-13 17:09:09.378 DEBUG content 1739 _a-0000ef4d-030f-8000-9be6-011c48011c48_823378 Begin transport.
2026-03-13 17:09:09.378 DEBUG content 1739 _a-0000ef4d-030f-8000-9be6-011c48011c48_823378 Retrieving object data.
2026-03-13 17:09:09.388 DEBUG content 1739 _a-0000ef4d-030f-8000-9be6-011c48011c48_823378 Setting uuids of object references.
2026-03-13 17:09:09.388 DEBUG content 1739 _a-0000ef4d-030f-8000-9be6-011c48011c48_823378 Processing reference: [Content:id=1739,versionId=-1,name=TDFD_FleetData2,type=32,subtype=6,uuid=_a-0000ef4d-030f-8000-9be6-011c48011c48_823378,parent=1674]
2026-03-13 17:09:09.432 DEBUG content 1717 _a-0000ef4d-030f-8000-9be6-011c48011c48_823981 Begin transport.
2026-03-13 17:09:09.432 DEBUG content 1717 _a-0000ef4d-030f-8000-9be6-011c48011c48_823981 Retrieving object data.
2026-03-13 17:09:09.444 DEBUG content 1717 _a-0000ef4d-030f-8000-9be6-011c48011c48_823981 Setting uuids of object references.
2026-03-13 17:09:09.444 DEBUG content 1717 _a-0000ef4d-030f-8000-9be6-011c48011c48_823981 Processing reference: [Content:id=1717,versionId=-1,name=TDFD_COMPLETE_MAINTENANCE_NON_FABRIC_PM,type=32,subtype=0,uuid=_a-0000ef4d-030f-8000-9be6-011c48011c48_823981,parent=1674]
2026-03-13 17:09:09.446 DEBUG processModel 157 0002ef52-b5ca-8000-22b8-7f0000014e7a Begin transport.
2026-03-13 17:09:09.446 DEBUG processModel 157 0002ef52-b5ca-8000-22b8-7f0000014e7a Retrieving object data.
2026-03-13 17:09:09.566 DEBUG processModel 157 0002ef52-b5ca-8000-22b8-7f0000014e7a Setting uuids of object references.
2026-03-13 17:09:09.566 DEBUG processModel 157 0002ef52-b5ca-8000-22b8-7f0000014e7a Processing reference: ProcessModelHaul.folderId
2026-03-13 17:09:09.569 DEBUG processModel 157 0002ef52-b5ca-8000-22b8-7f0000014e7a Processing reference: ProcessModelHaul.modelDashboardPageId
2026-03-13 17:09:09.569 DEBUG processModel 157 0002ef52-b5ca-8000-22b8-7f0000014e7a Processing reference: ProcessModelHaul.processDashboardPageId
2026-03-13 17:09:09.569 DEBUG processModel 157 0002ef52-b5ca-8000-22b8-7f0000014e7a Processing reference: ProcessModel.emailAttachmentFolderId
2026-03-13 17:09:09.57 DEBUG processModel 157 0002ef52-b5ca-8000-22b8-7f0000014e7a Processing reference: 4096 42
2026-03-13 17:09:09.576 DEBUG processModel 157 0002ef52-b5ca-8000-22b8-7f0000014e7a Processing reference: ActivityClass.localId
2026-03-13 17:09:09.577 DEBUG processModel 157 0002ef52-b5ca-8000-22b8-7f0000014e7a Processing reference: ActivityClass.localId
2026-03-13 17:09:09.577 DEBUG processModel 157 0002ef52-b5ca-8000-22b8-7f0000014e7a Processing reference: ActivityClassParameter[name=pmID,it=23,v=<null>]
2026-03-13 17:09:09.577 DEBUG processModel 157 0002ef52-b5ca-8000-22b8-7f0000014e7a Processing reference: ActivityClassParameter[name=inMap,it=111,v={}]
2026-03-13 17:09:09.577 DEBUG processModel 157 0002ef52-b5ca-8000-22b8-7f0000014e7a Processing reference: ActivityClassParameter[name=procInheritsPriority,it=1,v=1]
2026-03-13 17:09:09.577 DEBUG processModel 157 0002ef52-b5ca-8000-22b8-7f0000014e7a Processing reference: ActivityClassParameter[name=pmUUID,it=3,v=]
2026-03-13 17:09:09.577 DEBUG processModel 157 0002ef52-b5ca-8000-22b8-7f0000014e7a Processing reference: ActivityClassParameter[name=isAsynchronous,it=26,v=1]
2026-03-13 17:09:09.577 DEBUG processModel 157 0002ef52-b5ca-8000-22b8-7f0000014e7a Processing reference: ActivityClassParameter[name=isTransparent,it=26,v=1]
2026-03-13 17:09:09.577 DEBUG processModel 157 0002ef52-b5ca-8000-22b8-7f0000014e7a Processing reference: ActivityClassParameter[name=inheritSecurity,it=26,v=0]
2026-03-13 17:09:09.577 DEBUG processModel 157 0002ef52-b5ca-8000-22b8-7f0000014e7a Processing reference: ActivityClass.localId
2026-03-13 17:09:09.577 DEBUG processModel 157 0002ef52-b5ca-8000-22b8-7f0000014e7a Processing reference: ActivityClassParameter[name=defaultNode,it=1,v=2]
2026-03-13 17:09:09.577 DEBUG processModel 157 0002ef52-b5ca-8000-22b8-7f0000014e7a Processing reference: ActivityClassParameter[name=rules,it=111,v={ActivityClassParameter[name=rule,it=11,v={ActivityClassParameter[name=expression,it=26,v=<null>],ActivityClassParameter[name=node,it=1,v=1],ActivityClassParameter[name=label,it=3,v=]}]}]
2026-03-13 17:09:09.577 DEBUG processModel 157 0002ef52-b5ca-8000-22b8-7f0000014e7a Processing reference: ActivityClassParameter[name=fired,it=1,v=0]
2026-03-13 17:09:09.577 DEBUG processModel 157 0002ef52-b5ca-8000-22b8-7f0000014e7a Processing reference: ActivityClassParameter[name=arrivedNodes,it=101,v=<null>]
2026-03-13 17:09:09.577 DEBUG processModel 157 0002ef52-b5ca-8000-22b8-7f0000014e7a Processing reference: ActivityClassParameter[name=maintenanceId,it=1,v=<null>]
2026-03-13 17:09:09.577 DEBUG processModel 157 0002ef52-b5ca-8000-22b8-7f0000014e7a Processing reference: ActivityClassParameter[name=notesClose,it=3,v=]
2026-03-13 17:09:09.578 DEBUG processModel 157 0002ef52-b5ca-8000-22b8-7f0000014e7a Processing reference: ActivityClass.localId
2026-03-13 17:09:09.578 DEBUG processModel 157 0002ef52-b5ca-8000-22b8-7f0000014e7a Processing reference: ActivityClassParameter[name=Integration,it=250,v=1692]
2026-03-13 17:09:09.588 DEBUG processModel 157 0002ef52-b5ca-8000-22b8-7f0000014e7a Processing reference: ActivityClassParameter[name=Success,it=26,v=<null>]
2026-03-13 17:09:09.588 DEBUG processModel 157 0002ef52-b5ca-8000-22b8-7f0000014e7a Processing reference: ActivityClassParameter[name=Result,it=2888,v=<null>]
2026-03-13 17:09:09.588 DEBUG processModel 157 0002ef52-b5ca-8000-22b8-7f0000014e7a Processing reference: ActivityClassParameter[name=Error,it=2936,v=<null>]
2026-03-13 17:09:09.589 DEBUG processModel 157 0002ef52-b5ca-8000-22b8-7f0000014e7a Processing reference: ActivityClassParameter[name=ConnectedSystem,it=256,v=<null>]
2026-03-13 17:09:09.589 DEBUG processModel 157 0002ef52-b5ca-8000-22b8-7f0000014e7a Processing reference: ProcessVariable[name=cancel,it=26,v=<null>]
2026-03-13 17:09:09.589 DEBUG processModel 157 0002ef52-b5ca-8000-22b8-7f0000014e7a Processing reference: ProcessVariable[name=maintenanceId,it=1,v=0]
2026-03-13 17:09:09.589 DEBUG processModel 157 0002ef52-b5ca-8000-22b8-7f0000014e7a Processing reference: ProcessVariable[name=noteClose,it=3,v=]
2026-03-13 17:09:09.589 DEBUG processModel 157 0002ef52-b5ca-8000-22b8-7f0000014e7a Processing reference: ProcessVariable[name=updatedMaintenance,it=3,v=]
2026-03-13 17:09:09.589 DEBUG processModel 157 0002ef52-b5ca-8000-22b8-7f0000014e7a Processing reference: com.appiancorp.suiteapi.process.ProcessRoleMap@28fed855[
  Role[name=ADMIN_OWNER,groupIds=[42]]
  Role[name=EDITOR]
  Role[name=EXPLICIT_NONMEMBER]
  Role[name=VIEWER,groupIds=[43]]
  Role[name=MANAGER]
  Role[name=INITIATOR]
]
2026-03-13 17:09:09.589 DEBUG processModel 157 0002ef52-b5ca-8000-22b8-7f0000014e7a Processing reference: Role[name=ADMIN_OWNER,groupIds=[42]]
2026-03-13 17:09:09.591 DEBUG processModel 157 0002ef52-b5ca-8000-22b8-7f0000014e7a Processing reference: Role[name=EDITOR]
2026-03-13 17:09:09.591 DEBUG processModel 157 0002ef52-b5ca-8000-22b8-7f0000014e7a Processing reference: Role[name=EXPLICIT_NONMEMBER]
2026-03-13 17:09:09.591 DEBUG processModel 157 0002ef52-b5ca-8000-22b8-7f0000014e7a Processing reference: Role[name=VIEWER,groupIds=[43]]
2026-03-13 17:09:09.593 DEBUG processModel 157 0002ef52-b5ca-8000-22b8-7f0000014e7a Processing reference: Role[name=MANAGER]
2026-03-13 17:09:09.593 DEBUG processModel 157 0002ef52-b5ca-8000-22b8-7f0000014e7a Processing reference: Role[name=INITIATOR]
2026-03-13 17:09:09.598 DEBUG processModel 157 0002ef52-b5ca-8000-22b8-7f0000014e7a Exporting binary resources.
2026-03-13 17:09:09.598 DEBUG processModel 157 0002ef52-b5ca-8000-22b8-7f0000014e7a Serializing object to XML.
2026-03-13 17:09:09.618 DEBUG processModel 157 0002ef52-b5ca-8000-22b8-7f0000014e7a Object transported.
2026-03-13 17:09:09.618 DEBUG content 1717 _a-0000ef4d-030f-8000-9be6-011c48011c48_823981 Processing reference: Constant.forum
2026-03-13 17:09:09.618 DEBUG content 1717 _a-0000ef4d-030f-8000-9be6-011c48011c48_823981 Processing reference: Constant.parent
2026-03-13 17:09:09.635 DEBUG content 1717 _a-0000ef4d-030f-8000-9be6-011c48011c48_823981 Processing reference: com.appiancorp.suiteapi.content.ContentRoleMap@2fc970ba[
  ContentRole[name=readers,inherit=true,allowForAll=false]
  ContentRole[name=authors,inherit=true,allowForAll=false]
  ContentRole[name=administrators,inherit=true,allowForAll=false]
  ContentRole[name=denyReaders,inherit=false,allowForAll=false]
  ContentRole[name=denyAuthors,inherit=false,allowForAll=false]
  ContentRole[name=denyAdministrators,inherit=false,allowForAll=false]
  securityVector=15:SEC_PUBLIC=true,SEC_CREATOR_ADMIN=false,SEC_INH_ADMIN=true,SEC_INH_EDITOR=true,SEC_INH_VIEWER=true,SEC_ALL_ADMIN=false,SEC_ALL_EDITOR=false,SEC_ALL_VIEWER=false
]
2026-03-13 17:09:09.635 DEBUG content 1717 _a-0000ef4d-030f-8000-9be6-011c48011c48_823981 Processing reference: ContentRole[name=readers,inherit=true,allowForAll=false]
2026-03-13 17:09:09.635 DEBUG content 1717 _a-0000ef4d-030f-8000-9be6-011c48011c48_823981 Processing reference: ContentRole[name=authors,inherit=true,allowForAll=false]
2026-03-13 17:09:09.635 DEBUG content 1717 _a-0000ef4d-030f-8000-9be6-011c48011c48_823981 Processing reference: ContentRole[name=administrators,inherit=true,allowForAll=false]
2026-03-13 17:09:09.635 DEBUG content 1717 _a-0000ef4d-030f-8000-9be6-011c48011c48_823981 Processing reference: ContentRole[name=denyReaders,inherit=false,allowForAll=false]
2026-03-13 17:09:09.635 DEBUG content 1717 _a-0000ef4d-030f-8000-9be6-011c48011c48_823981 Processing reference: ContentRole[name=denyAuthors,inherit=false,allowForAll=false]
2026-03-13 17:09:09.635 DEBUG content 1717 _a-0000ef4d-030f-8000-9be6-011c48011c48_823981 Processing reference: ContentRole[name=denyAdministrators,inherit=false,allowForAll=false]
2026-03-13 17:09:09.635 DEBUG content 1717 _a-0000ef4d-030f-8000-9be6-011c48011c48_823981 Exporting binary resources.
2026-03-13 17:09:09.635 DEBUG content 1717 _a-0000ef4d-030f-8000-9be6-011c48011c48_823981 Serializing object to XML.
2026-03-13 17:09:09.65 DEBUG content 1717 _a-0000ef4d-030f-8000-9be6-011c48011c48_823981 Object transported.
2026-03-13 17:09:09.65 DEBUG content 1718 _a-0000ef4d-030f-8000-9be6-011c48011c48_823950 Begin transport.
2026-03-13 17:09:09.65 DEBUG content 1718 _a-0000ef4d-030f-8000-9be6-011c48011c48_823950 Retrieving object data.
2026-03-13 17:09:09.678 DEBUG content 1718 _a-0000ef4d-030f-8000-9be6-011c48011c48_823950 Setting uuids of object references.
2026-03-13 17:09:09.678 DEBUG content 1718 _a-0000ef4d-030f-8000-9be6-011c48011c48_823950 Processing reference: [Content:id=1718,versionId=-1,name=TDFD_ORDER_PARTS_NON_FABRIC_PM,type=32,subtype=0,uuid=_a-0000ef4d-030f-8000-9be6-011c48011c48_823950,parent=1674]
2026-03-13 17:09:09.682 DEBUG processModel 158 0002ef52-b18f-8000-22b4-7f0000014e7a Begin transport.
2026-03-13 17:09:09.682 DEBUG processModel 158 0002ef52-b18f-8000-22b4-7f0000014e7a Retrieving object data.
2026-03-13 17:09:09.792 DEBUG processModel 158 0002ef52-b18f-8000-22b4-7f0000014e7a Setting uuids of object references.
2026-03-13 17:09:09.792 DEBUG processModel 158 0002ef52-b18f-8000-22b4-7f0000014e7a Processing reference: ProcessModelHaul.folderId
2026-03-13 17:09:09.793 DEBUG processModel 158 0002ef52-b18f-8000-22b4-7f0000014e7a Processing reference: ProcessModelHaul.modelDashboardPageId
2026-03-13 17:09:09.793 DEBUG processModel 158 0002ef52-b18f-8000-22b4-7f0000014e7a Processing reference: ProcessModelHaul.processDashboardPageId
2026-03-13 17:09:09.793 DEBUG processModel 158 0002ef52-b18f-8000-22b4-7f0000014e7a Processing reference: ProcessModel.emailAttachmentFolderId
2026-03-13 17:09:09.794 DEBUG processModel 158 0002ef52-b18f-8000-22b4-7f0000014e7a Processing reference: 4096 42
2026-03-13 17:09:09.795 DEBUG processModel 158 0002ef52-b18f-8000-22b4-7f0000014e7a Processing reference: ActivityClass.localId
2026-03-13 17:09:09.795 DEBUG processModel 158 0002ef52-b18f-8000-22b4-7f0000014e7a Processing reference: ActivityClass.localId
2026-03-13 17:09:09.795 DEBUG processModel 158 0002ef52-b18f-8000-22b4-7f0000014e7a Processing reference: ActivityClassParameter[name=pmID,it=23,v=<null>]
2026-03-13 17:09:09.795 DEBUG processModel 158 0002ef52-b18f-8000-22b4-7f0000014e7a Processing reference: ActivityClassParameter[name=inMap,it=111,v={}]
2026-03-13 17:09:09.796 DEBUG processModel 158 0002ef52-b18f-8000-22b4-7f0000014e7a Processing reference: ActivityClassParameter[name=procInheritsPriority,it=1,v=1]
2026-03-13 17:09:09.796 DEBUG processModel 158 0002ef52-b18f-8000-22b4-7f0000014e7a Processing reference: ActivityClassParameter[name=pmUUID,it=3,v=]
2026-03-13 17:09:09.796 DEBUG processModel 158 0002ef52-b18f-8000-22b4-7f0000014e7a Processing reference: ActivityClassParameter[name=isAsynchronous,it=26,v=1]
2026-03-13 17:09:09.796 DEBUG processModel 158 0002ef52-b18f-8000-22b4-7f0000014e7a Processing reference: ActivityClassParameter[name=isTransparent,it=26,v=1]
2026-03-13 17:09:09.796 DEBUG processModel 158 0002ef52-b18f-8000-22b4-7f0000014e7a Processing reference: ActivityClassParameter[name=inheritSecurity,it=26,v=0]
2026-03-13 17:09:09.796 DEBUG processModel 158 0002ef52-b18f-8000-22b4-7f0000014e7a Processing reference: ActivityClassParameter[name=maintenanceId,it=1,v=<null>]
2026-03-13 17:09:09.796 DEBUG processModel 158 0002ef52-b18f-8000-22b4-7f0000014e7a Processing reference: ActivityClassParameter[name=purchaseCardNum,it=3,v=]
2026-03-13 17:09:09.796 DEBUG processModel 158 0002ef52-b18f-8000-22b4-7f0000014e7a Processing reference: ActivityClassParameter[name=totalAmount,it=2,v=<null>]
2026-03-13 17:09:09.796 DEBUG processModel 158 0002ef52-b18f-8000-22b4-7f0000014e7a Processing reference: ActivityClass.localId
2026-03-13 17:09:09.796 DEBUG processModel 158 0002ef52-b18f-8000-22b4-7f0000014e7a Processing reference: ActivityClassParameter[name=Integration,it=250,v=1691]
2026-03-13 17:09:09.799 DEBUG processModel 158 0002ef52-b18f-8000-22b4-7f0000014e7a Processing reference: ActivityClassParameter[name=Success,it=26,v=<null>]
2026-03-13 17:09:09.799 DEBUG processModel 158 0002ef52-b18f-8000-22b4-7f0000014e7a Processing reference: ActivityClassParameter[name=Result,it=2888,v=<null>]
2026-03-13 17:09:09.799 DEBUG processModel 158 0002ef52-b18f-8000-22b4-7f0000014e7a Processing reference: ActivityClassParameter[name=Error,it=2936,v=<null>]
2026-03-13 17:09:09.799 DEBUG processModel 158 0002ef52-b18f-8000-22b4-7f0000014e7a Processing reference: ActivityClassParameter[name=ConnectedSystem,it=256,v=<null>]
2026-03-13 17:09:09.799 DEBUG processModel 158 0002ef52-b18f-8000-22b4-7f0000014e7a Processing reference: ActivityClass.localId
2026-03-13 17:09:09.799 DEBUG processModel 158 0002ef52-b18f-8000-22b4-7f0000014e7a Processing reference: ActivityClassParameter[name=defaultNode,it=1,v=3]
2026-03-13 17:09:09.799 DEBUG processModel 158 0002ef52-b18f-8000-22b4-7f0000014e7a Processing reference: ActivityClassParameter[name=rules,it=111,v={ActivityClassParameter[name=rule,it=11,v={ActivityClassParameter[name=expression,it=26,v=<null>],ActivityClassParameter[name=node,it=1,v=1],ActivityClassParameter[name=label,it=3,v=]}]}]
2026-03-13 17:09:09.8 DEBUG processModel 158 0002ef52-b18f-8000-22b4-7f0000014e7a Processing reference: ActivityClassParameter[name=fired,it=1,v=0]
2026-03-13 17:09:09.8 DEBUG processModel 158 0002ef52-b18f-8000-22b4-7f0000014e7a Processing reference: ActivityClassParameter[name=arrivedNodes,it=101,v=<null>]
2026-03-13 17:09:09.8 DEBUG processModel 158 0002ef52-b18f-8000-22b4-7f0000014e7a Processing reference: ProcessVariable[name=cancel,it=3,v=]
2026-03-13 17:09:09.8 DEBUG processModel 158 0002ef52-b18f-8000-22b4-7f0000014e7a Processing reference: ProcessVariable[name=maintenanceId,it=1,v=0]
2026-03-13 17:09:09.8 DEBUG processModel 158 0002ef52-b18f-8000-22b4-7f0000014e7a Processing reference: ProcessVariable[name=purchaseCard,it=3,v=]
2026-03-13 17:09:09.8 DEBUG processModel 158 0002ef52-b18f-8000-22b4-7f0000014e7a Processing reference: ProcessVariable[name=totalCost,it=2,v=0.0]
2026-03-13 17:09:09.8 DEBUG processModel 158 0002ef52-b18f-8000-22b4-7f0000014e7a Processing reference: ProcessVariable[name=updatedMaintenance,it=252,v=<null>]
2026-03-13 17:09:09.8 DEBUG processModel 158 0002ef52-b18f-8000-22b4-7f0000014e7a Processing reference: com.appiancorp.suiteapi.process.ProcessRoleMap@1f676efe[
  Role[name=ADMIN_OWNER,groupIds=[42]]
  Role[name=EDITOR]
  Role[name=EXPLICIT_NONMEMBER]
  Role[name=VIEWER,groupIds=[43]]
  Role[name=MANAGER]
  Role[name=INITIATOR]
]
2026-03-13 17:09:09.8 DEBUG processModel 158 0002ef52-b18f-8000-22b4-7f0000014e7a Processing reference: Role[name=ADMIN_OWNER,groupIds=[42]]
2026-03-13 17:09:09.801 DEBUG processModel 158 0002ef52-b18f-8000-22b4-7f0000014e7a Processing reference: Role[name=EDITOR]
2026-03-13 17:09:09.801 DEBUG processModel 158 0002ef52-b18f-8000-22b4-7f0000014e7a Processing reference: Role[name=EXPLICIT_NONMEMBER]
2026-03-13 17:09:09.801 DEBUG processModel 158 0002ef52-b18f-8000-22b4-7f0000014e7a Processing reference: Role[name=VIEWER,groupIds=[43]]
2026-03-13 17:09:09.802 DEBUG processModel 158 0002ef52-b18f-8000-22b4-7f0000014e7a Processing reference: Role[name=MANAGER]
2026-03-13 17:09:09.802 DEBUG processModel 158 0002ef52-b18f-8000-22b4-7f0000014e7a Processing reference: Role[name=INITIATOR]
2026-03-13 17:09:09.803 DEBUG processModel 158 0002ef52-b18f-8000-22b4-7f0000014e7a Exporting binary resources.
2026-03-13 17:09:09.803 DEBUG processModel 158 0002ef52-b18f-8000-22b4-7f0000014e7a Serializing object to XML.
2026-03-13 17:09:09.81 DEBUG processModel 158 0002ef52-b18f-8000-22b4-7f0000014e7a Object transported.
2026-03-13 17:09:09.81 DEBUG content 1718 _a-0000ef4d-030f-8000-9be6-011c48011c48_823950 Processing reference: Constant.forum
2026-03-13 17:09:09.811 DEBUG content 1718 _a-0000ef4d-030f-8000-9be6-011c48011c48_823950 Processing reference: Constant.parent
2026-03-13 17:09:09.815 DEBUG content 1718 _a-0000ef4d-030f-8000-9be6-011c48011c48_823950 Processing reference: com.appiancorp.suiteapi.content.ContentRoleMap@72fb6383[
  ContentRole[name=readers,inherit=true,allowForAll=false]
  ContentRole[name=authors,inherit=true,allowForAll=false]
  ContentRole[name=administrators,inherit=true,allowForAll=false]
  ContentRole[name=denyReaders,inherit=false,allowForAll=false]
  ContentRole[name=denyAuthors,inherit=false,allowForAll=false]
  ContentRole[name=denyAdministrators,inherit=false,allowForAll=false]
  securityVector=15:SEC_PUBLIC=true,SEC_CREATOR_ADMIN=false,SEC_INH_ADMIN=true,SEC_INH_EDITOR=true,SEC_INH_VIEWER=true,SEC_ALL_ADMIN=false,SEC_ALL_EDITOR=false,SEC_ALL_VIEWER=false
]
2026-03-13 17:09:09.815 DEBUG content 1718 _a-0000ef4d-030f-8000-9be6-011c48011c48_823950 Processing reference: ContentRole[name=readers,inherit=true,allowForAll=false]
2026-03-13 17:09:09.815 DEBUG content 1718 _a-0000ef4d-030f-8000-9be6-011c48011c48_823950 Processing reference: ContentRole[name=authors,inherit=true,allowForAll=false]
2026-03-13 17:09:09.815 DEBUG content 1718 _a-0000ef4d-030f-8000-9be6-011c48011c48_823950 Processing reference: ContentRole[name=administrators,inherit=true,allowForAll=false]
2026-03-13 17:09:09.815 DEBUG content 1718 _a-0000ef4d-030f-8000-9be6-011c48011c48_823950 Processing reference: ContentRole[name=denyReaders,inherit=false,allowForAll=false]
2026-03-13 17:09:09.815 DEBUG content 1718 _a-0000ef4d-030f-8000-9be6-011c48011c48_823950 Processing reference: ContentRole[name=denyAuthors,inherit=false,allowForAll=false]
2026-03-13 17:09:09.815 DEBUG content 1718 _a-0000ef4d-030f-8000-9be6-011c48011c48_823950 Processing reference: ContentRole[name=denyAdministrators,inherit=false,allowForAll=false]
2026-03-13 17:09:09.815 DEBUG content 1718 _a-0000ef4d-030f-8000-9be6-011c48011c48_823950 Exporting binary resources.
2026-03-13 17:09:09.815 DEBUG content 1718 _a-0000ef4d-030f-8000-9be6-011c48011c48_823950 Serializing object to XML.
2026-03-13 17:09:09.827 DEBUG content 1718 _a-0000ef4d-030f-8000-9be6-011c48011c48_823950 Object transported.
2026-03-13 17:09:09.836 DEBUG content 1739 _a-0000ef4d-030f-8000-9be6-011c48011c48_823378 Processing reference: Interface.forum
2026-03-13 17:09:09.836 DEBUG content 1739 _a-0000ef4d-030f-8000-9be6-011c48011c48_823378 Processing reference: Interface.parent
2026-03-13 17:09:09.843 DEBUG content 1739 _a-0000ef4d-030f-8000-9be6-011c48011c48_823378 Processing reference: com.appiancorp.suiteapi.content.ContentRoleMap@6b91e47f[
  ContentRole[name=readers,inherit=true,allowForAll=false]
  ContentRole[name=authors,inherit=true,allowForAll=false]
  ContentRole[name=administrators,inherit=true,allowForAll=false]
  ContentRole[name=denyReaders,inherit=false,allowForAll=false]
  ContentRole[name=denyAuthors,inherit=false,allowForAll=false]
  ContentRole[name=denyAdministrators,inherit=false,allowForAll=false]
  securityVector=15:SEC_PUBLIC=true,SEC_CREATOR_ADMIN=false,SEC_INH_ADMIN=true,SEC_INH_EDITOR=true,SEC_INH_VIEWER=true,SEC_ALL_ADMIN=false,SEC_ALL_EDITOR=false,SEC_ALL_VIEWER=false
]
2026-03-13 17:09:09.843 DEBUG content 1739 _a-0000ef4d-030f-8000-9be6-011c48011c48_823378 Processing reference: ContentRole[name=readers,inherit=true,allowForAll=false]
2026-03-13 17:09:09.843 DEBUG content 1739 _a-0000ef4d-030f-8000-9be6-011c48011c48_823378 Processing reference: ContentRole[name=authors,inherit=true,allowForAll=false]
2026-03-13 17:09:09.843 DEBUG content 1739 _a-0000ef4d-030f-8000-9be6-011c48011c48_823378 Processing reference: ContentRole[name=administrators,inherit=true,allowForAll=false]
2026-03-13 17:09:09.843 DEBUG content 1739 _a-0000ef4d-030f-8000-9be6-011c48011c48_823378 Processing reference: ContentRole[name=denyReaders,inherit=false,allowForAll=false]
2026-03-13 17:09:09.843 DEBUG content 1739 _a-0000ef4d-030f-8000-9be6-011c48011c48_823378 Processing reference: ContentRole[name=denyAuthors,inherit=false,allowForAll=false]
2026-03-13 17:09:09.843 DEBUG content 1739 _a-0000ef4d-030f-8000-9be6-011c48011c48_823378 Processing reference: ContentRole[name=denyAdministrators,inherit=false,allowForAll=false]
2026-03-13 17:09:09.843 DEBUG content 1739 _a-0000ef4d-030f-8000-9be6-011c48011c48_823378 Exporting binary resources.
2026-03-13 17:09:09.843 DEBUG content 1739 _a-0000ef4d-030f-8000-9be6-011c48011c48_823378 Serializing object to XML.
2026-03-13 17:09:09.847 DEBUG content 1739 _a-0000ef4d-030f-8000-9be6-011c48011c48_823378 Object transported.
2026-03-13 17:09:09.875 DEBUG processModel 159 0002ef48-654f-8000-223f-7f0000014e7a Begin transport.
2026-03-13 17:09:09.875 DEBUG processModel 159 0002ef48-654f-8000-223f-7f0000014e7a Retrieving object data.
2026-03-13 17:09:09.995 DEBUG processModel 159 0002ef48-654f-8000-223f-7f0000014e7a Setting uuids of object references.
2026-03-13 17:09:09.995 DEBUG processModel 159 0002ef48-654f-8000-223f-7f0000014e7a Processing reference: ProcessModelHaul.folderId
2026-03-13 17:09:09.996 DEBUG processModel 159 0002ef48-654f-8000-223f-7f0000014e7a Processing reference: ProcessModelHaul.modelDashboardPageId
2026-03-13 17:09:09.996 DEBUG processModel 159 0002ef48-654f-8000-223f-7f0000014e7a Processing reference: ProcessModelHaul.processDashboardPageId
2026-03-13 17:09:09.996 DEBUG processModel 159 0002ef48-654f-8000-223f-7f0000014e7a Processing reference: ProcessModel.emailAttachmentFolderId
2026-03-13 17:09:09.997 DEBUG processModel 159 0002ef48-654f-8000-223f-7f0000014e7a Processing reference: 4096 42
2026-03-13 17:09:09.999 DEBUG processModel 159 0002ef48-654f-8000-223f-7f0000014e7a Processing reference: ActivityClass.localId
2026-03-13 17:09:09.999 DEBUG processModel 159 0002ef48-654f-8000-223f-7f0000014e7a Processing reference: ActivityClass.localId
2026-03-13 17:09:09.999 DEBUG processModel 159 0002ef48-654f-8000-223f-7f0000014e7a Processing reference: ActivityClassParameter[name=pmID,it=23,v=<null>]
2026-03-13 17:09:09.999 DEBUG processModel 159 0002ef48-654f-8000-223f-7f0000014e7a Processing reference: ActivityClassParameter[name=inMap,it=111,v={}]
2026-03-13 17:09:09.999 DEBUG processModel 159 0002ef48-654f-8000-223f-7f0000014e7a Processing reference: ActivityClassParameter[name=procInheritsPriority,it=1,v=1]
2026-03-13 17:09:09.999 DEBUG processModel 159 0002ef48-654f-8000-223f-7f0000014e7a Processing reference: ActivityClassParameter[name=pmUUID,it=3,v=]
2026-03-13 17:09:09.999 DEBUG processModel 159 0002ef48-654f-8000-223f-7f0000014e7a Processing reference: ActivityClassParameter[name=isAsynchronous,it=26,v=1]
2026-03-13 17:09:09.999 DEBUG processModel 159 0002ef48-654f-8000-223f-7f0000014e7a Processing reference: ActivityClassParameter[name=isTransparent,it=26,v=1]
2026-03-13 17:09:09.999 DEBUG processModel 159 0002ef48-654f-8000-223f-7f0000014e7a Processing reference: ActivityClassParameter[name=inheritSecurity,it=26,v=0]
2026-03-13 17:09:09.999 DEBUG processModel 159 0002ef48-654f-8000-223f-7f0000014e7a Processing reference: ActivityClass.localId
2026-03-13 17:09:09.999 DEBUG processModel 159 0002ef48-654f-8000-223f-7f0000014e7a Processing reference: ActivityClassParameter[name=RecordType,it=272,v=]
2026-03-13 17:09:09.999 DEBUG processModel 159 0002ef48-654f-8000-223f-7f0000014e7a Processing reference: ActivityClassParameter[name=Identifiers,it=97,v=TypedValue[it=97,v=<null>]]
2026-03-13 17:09:09.999 DEBUG processModel 159 0002ef48-654f-8000-223f-7f0000014e7a Processing reference: ActivityClassParameter[name=RecordsUpdated,it=97,v=TypedValue[it=97,v=<null>]]
2026-03-13 17:09:09.999 DEBUG processModel 159 0002ef48-654f-8000-223f-7f0000014e7a Processing reference: ActivityClassParameter[name=QueryError,it=3,v=]
2026-03-13 17:09:09.999 DEBUG processModel 159 0002ef48-654f-8000-223f-7f0000014e7a Processing reference: com.appiancorp.suiteapi.process.ProcessRoleMap@629eea83[
  Role[name=ADMIN_OWNER,groupIds=[42]]
  Role[name=EDITOR]
  Role[name=EXPLICIT_NONMEMBER]
  Role[name=VIEWER,groupIds=[43]]
  Role[name=MANAGER]
  Role[name=INITIATOR]
]
2026-03-13 17:09:09.999 DEBUG processModel 159 0002ef48-654f-8000-223f-7f0000014e7a Processing reference: Role[name=ADMIN_OWNER,groupIds=[42]]
2026-03-13 17:09:10.001 DEBUG processModel 159 0002ef48-654f-8000-223f-7f0000014e7a Processing reference: Role[name=EDITOR]
2026-03-13 17:09:10.001 DEBUG processModel 159 0002ef48-654f-8000-223f-7f0000014e7a Processing reference: Role[name=EXPLICIT_NONMEMBER]
2026-03-13 17:09:10.001 DEBUG processModel 159 0002ef48-654f-8000-223f-7f0000014e7a Processing reference: Role[name=VIEWER,groupIds=[43]]
2026-03-13 17:09:10.005 DEBUG processModel 159 0002ef48-654f-8000-223f-7f0000014e7a Processing reference: Role[name=MANAGER]
2026-03-13 17:09:10.005 DEBUG processModel 159 0002ef48-654f-8000-223f-7f0000014e7a Processing reference: Role[name=INITIATOR]
2026-03-13 17:09:10.01 DEBUG processModel 159 0002ef48-654f-8000-223f-7f0000014e7a Exporting binary resources.
2026-03-13 17:09:10.01 DEBUG processModel 159 0002ef48-654f-8000-223f-7f0000014e7a Serializing object to XML.
2026-03-13 17:09:10.016 DEBUG processModel 159 0002ef48-654f-8000-223f-7f0000014e7a Object transported.
2026-03-13 17:09:10.085 DEBUG webApi 12 75673d6a-6e66-4974-adac-441a23ab8a84 Begin transport.
2026-03-13 17:09:10.085 DEBUG webApi 12 75673d6a-6e66-4974-adac-441a23ab8a84 Retrieving object data.
2026-03-13 17:09:10.11 DEBUG webApi 12 75673d6a-6e66-4974-adac-441a23ab8a84 Setting uuids of object references.
2026-03-13 17:09:10.114 DEBUG webApi 12 75673d6a-6e66-4974-adac-441a23ab8a84 Processing reference: Role[name=web_api_administrator,groupIds=[42]]
2026-03-13 17:09:10.115 DEBUG webApi 12 75673d6a-6e66-4974-adac-441a23ab8a84 Processing reference: Role[name=web_api_viewer,groupIds=[43]]
2026-03-13 17:09:10.119 DEBUG webApi 12 75673d6a-6e66-4974-adac-441a23ab8a84 Processing reference: WebApi.expression
2026-03-13 17:09:10.124 DEBUG webApi 12 75673d6a-6e66-4974-adac-441a23ab8a84 Processing reference: WebApi.receiveDocumentsFolder
2026-03-13 17:09:10.126 DEBUG webApi 12 75673d6a-6e66-4974-adac-441a23ab8a84 Exporting binary resources.
2026-03-13 17:09:10.126 DEBUG webApi 12 75673d6a-6e66-4974-adac-441a23ab8a84 Serializing object to XML.
2026-03-13 17:09:10.129 DEBUG webApi 12 75673d6a-6e66-4974-adac-441a23ab8a84 Object transported.
2026-03-13 17:09:10.143 DEBUG site 3 678bf844-a464-48c6-9c82-cb081b4c0196 Begin transport.
2026-03-13 17:09:10.143 DEBUG site 3 678bf844-a464-48c6-9c82-cb081b4c0196 Retrieving object data.
2026-03-13 17:09:10.172 DEBUG site 3 678bf844-a464-48c6-9c82-cb081b4c0196 Setting uuids of object references.
2026-03-13 17:09:10.172 DEBUG site 3 678bf844-a464-48c6-9c82-cb081b4c0196 Processing reference: Role[name=site_administrator,groupIds=[42]]
2026-03-13 17:09:10.174 DEBUG site 3 678bf844-a464-48c6-9c82-cb081b4c0196 Processing reference: Role[name=site_viewer,groupIds=[43]]
2026-03-13 17:09:10.268 DEBUG site 3 678bf844-a464-48c6-9c82-cb081b4c0196 Processing reference: Site.faviconRef
2026-03-13 17:09:10.269 DEBUG site 3 678bf844-a464-48c6-9c82-cb081b4c0196 Processing reference: Site.logoRef
2026-03-13 17:09:10.292 DEBUG site 3 678bf844-a464-48c6-9c82-cb081b4c0196 Processing reference: SitePage.uiObject
2026-03-13 17:09:10.338 DEBUG site 3 678bf844-a464-48c6-9c82-cb081b4c0196 Processing reference: SitePage.visibilityExpr
2026-03-13 17:09:10.342 DEBUG site 3 678bf844-a464-48c6-9c82-cb081b4c0196 Processing reference: SitePage.uiObject
2026-03-13 17:09:10.354 DEBUG site 3 678bf844-a464-48c6-9c82-cb081b4c0196 Processing reference: SitePage.visibilityExpr
2026-03-13 17:09:10.355 DEBUG site 3 678bf844-a464-48c6-9c82-cb081b4c0196 Processing reference: SitePage.uiObject
2026-03-13 17:09:10.368 DEBUG site 3 678bf844-a464-48c6-9c82-cb081b4c0196 Processing reference: SitePage.visibilityExpr
2026-03-13 17:09:10.37 DEBUG site 3 678bf844-a464-48c6-9c82-cb081b4c0196 Processing reference: Site.tasksInSitesViewerRefsFromUuids
2026-03-13 17:09:10.371 DEBUG site 3 678bf844-a464-48c6-9c82-cb081b4c0196 Processing reference: Site.tempoLinkViewerRefsFromUuids
2026-03-13 17:09:10.378 DEBUG site 3 678bf844-a464-48c6-9c82-cb081b4c0196 Exporting binary resources.
2026-03-13 17:09:10.378 DEBUG site 3 678bf844-a464-48c6-9c82-cb081b4c0196 Serializing object to XML.
2026-03-13 17:09:10.463 DEBUG site 3 678bf844-a464-48c6-9c82-cb081b4c0196 Object transported.
2026-03-13 17:09:10.515 DEBUG connectedSystem 1740 _a-0000ef40-8303-8000-9be5-011c48011c48_811708 Begin transport.
2026-03-13 17:09:10.515 DEBUG connectedSystem 1740 _a-0000ef40-8303-8000-9be5-011c48011c48_811708 Retrieving object data.
2026-03-13 17:09:10.529 DEBUG connectedSystem 1740 _a-0000ef40-8303-8000-9be5-011c48011c48_811708 Setting uuids of object references.
2026-03-13 17:09:10.53 DEBUG connectedSystem 1740 _a-0000ef40-8303-8000-9be5-011c48011c48_811708 Processing reference: ConnectedSystem.forum
2026-03-13 17:09:10.531 DEBUG connectedSystem 1740 _a-0000ef40-8303-8000-9be5-011c48011c48_811708 Processing reference: ConnectedSystem.integrationType
2026-03-13 17:09:10.531 DEBUG connectedSystem 1740 _a-0000ef40-8303-8000-9be5-011c48011c48_811708 Processing reference: ConnectedSystem.logoId
2026-03-13 17:09:10.537 DEBUG connectedSystem 1740 _a-0000ef40-8303-8000-9be5-011c48011c48_811708 Processing reference: ConnectedSystem.sharedConfigParameters
2026-03-13 17:09:10.537 DEBUG connectedSystem 1740 _a-0000ef40-8303-8000-9be5-011c48011c48_811708 Processing reference: com.appiancorp.suiteapi.content.ContentRoleMap@b8c440e[
  ContentRole[name=readers,groupIds=[43],inherit=false,allowForAll=false]
  ContentRole[name=authors,inherit=false,allowForAll=false]
  ContentRole[name=administrators,groupIds=[42],inherit=false,allowForAll=false]
  ContentRole[name=denyReaders,inherit=false,allowForAll=false]
  ContentRole[name=denyAuthors,inherit=false,allowForAll=false]
  ContentRole[name=denyAdministrators,inherit=false,allowForAll=false]
  securityVector=1:SEC_PUBLIC=true,SEC_CREATOR_ADMIN=false,SEC_INH_ADMIN=false,SEC_INH_EDITOR=false,SEC_INH_VIEWER=false,SEC_ALL_ADMIN=false,SEC_ALL_EDITOR=false,SEC_ALL_VIEWER=false
]
2026-03-13 17:09:10.537 DEBUG connectedSystem 1740 _a-0000ef40-8303-8000-9be5-011c48011c48_811708 Processing reference: ContentRole[name=readers,groupIds=[43],inherit=false,allowForAll=false]
2026-03-13 17:09:10.542 DEBUG connectedSystem 1740 _a-0000ef40-8303-8000-9be5-011c48011c48_811708 Processing reference: ContentRole[name=authors,inherit=false,allowForAll=false]
2026-03-13 17:09:10.542 DEBUG connectedSystem 1740 _a-0000ef40-8303-8000-9be5-011c48011c48_811708 Processing reference: ContentRole[name=administrators,groupIds=[42],inherit=false,allowForAll=false]
2026-03-13 17:09:10.546 DEBUG connectedSystem 1740 _a-0000ef40-8303-8000-9be5-011c48011c48_811708 Processing reference: ContentRole[name=denyReaders,inherit=false,allowForAll=false]
2026-03-13 17:09:10.546 DEBUG connectedSystem 1740 _a-0000ef40-8303-8000-9be5-011c48011c48_811708 Processing reference: ContentRole[name=denyAuthors,inherit=false,allowForAll=false]
2026-03-13 17:09:10.546 DEBUG connectedSystem 1740 _a-0000ef40-8303-8000-9be5-011c48011c48_811708 Processing reference: ContentRole[name=denyAdministrators,inherit=false,allowForAll=false]
2026-03-13 17:09:10.547 DEBUG connectedSystem 1740 _a-0000ef40-8303-8000-9be5-011c48011c48_811708 Registering export properties.
2026-03-13 17:09:10.548 DEBUG connectedSystem 1740 _a-0000ef40-8303-8000-9be5-011c48011c48_811708 Exporting binary resources.
2026-03-13 17:09:10.548 DEBUG connectedSystem 1740 _a-0000ef40-8303-8000-9be5-011c48011c48_811708 Serializing object to XML.
2026-03-13 17:09:10.555 DEBUG connectedSystem 1740 _a-0000ef40-8303-8000-9be5-011c48011c48_811708 Object transported.
2026-03-13 17:09:10.694 DEBUG application 1720 c24a074b-d9cc-45f6-8384-d9bece8c338f Exporting binary resources.
2026-03-13 17:09:10.694 DEBUG application 1720 c24a074b-d9cc-45f6-8384-d9bece8c338f Serializing object to XML.
2026-03-13 17:09:10.701 DEBUG application 1720 c24a074b-d9cc-45f6-8384-d9bece8c338f Object transported.
